story_id,boy_name_raw,n_nodes,n_relation_records,n_edges_aggregated,density,average_degree,average_clustering,n_connected_components,degree_centralization
S01,Girizgah,2,1,1,1.0,1.0,,1,
S02,Dirse Han Oglu boğaç Han Boyu,15,23,16,0.1523809523809524,2.1333333333333333,0.1222222222222222,2,0.3186813186813186
S03,Salur Kazan'ın Evinin Yağmalandığı,48,51,45,0.0398936170212766,1.875,0.0629960317460317,6,0.2913968547641073
S04,Kam Püre'nin Oğlu Bamsı Beyrek Boyu,70,107,73,0.0302277432712215,2.085714285714286,0.0385970695970696,9,0.386615515771526
S05,Kazan Bey Oğlu Uruz Bey'in Tutsak Olduğu Boy,35,40,28,0.0470588235294117,1.6,0.0062337662337662,8,0.2932263814616755
S06,Duha Koca Oğlu Deli Dumrul,11,22,12,0.2181818181818181,2.1818181818181817,0.1393939393939393,2,0.3444444444444444
S07,Kanlı Koca Oğlu Kan Turalı Boyu,23,40,20,0.0790513833992094,1.7391304347826086,0.0,4,0.3116883116883117
S08,Kazılık koca oğlu yigenek boyu,19,24,20,0.1169590643274853,2.1052631578947367,0.0281954887218045,1,0.3660130718954248
S09,Basat'ın Tepegözü Öldürdüğü Boy,41,65,45,0.0548780487804878,2.1951219512195124,0.0712970526834455,2,0.4416666666666666
S10,Begil Oğlu Emrenin boyu,32,59,30,0.0604838709677419,1.875,0.0744047619047619,4,0.1763440860215053
S11,uşun koca oğlu seyrek boyu,32,54,29,0.0584677419354838,1.8125,0.0420673076923076,4,0.3849462365591398
S12,Salur Kazan'ın tutsak olup oğlu uruz'un kurtardığı boy,30,67,33,0.0758620689655172,2.2,0.0946311858076564,1,0.5467980295566502
S13,İç Oğuz'a Dış Oğuz'un Asi Olup Beyrek'i Öldürdüğü,21,39,21,0.1,2.0,0.1154195011337868,4,0.2763157894736842
S14,13. Boy: Salur Kazan'ın Yedi Başlı Ejderhayı Öldürmesi,20,36,21,0.1105263157894736,2.1,0.2005847953216374,1,0.9883040935672516
