canonical_name,node_type,degree,strength_weighted_degree,betweenness,harmonic_centrality,pagerank,story_count
Salur Kazan,kişi,72,436.0,0.3878717333054944,147.41666666666666,0.0921160143392935,9
Bamsı Beyrek,kişi,33,175.0,0.2226050040018095,119.1666666666666,0.0377013670417523,4
Tepegöz,mitolojik/ilahi,19,106.0,0.0676479799561541,91.7095238095238,0.0227433554171979,1
Bayındır Han,kişi,16,96.0,0.1081977937850157,106.91666666666656,0.0181155105768281,7
Segrek,kişi,13,54.0,0.057469464453492,81.65238095238102,0.0158165466235407,1
Aruz,kişi,12,47.0,0.0664171625430629,108.86666666666662,0.0099734010142729,2
Uruz,kişi,12,92.0,0.0791505724327522,105.28333333333332,0.0189891139260667,4
Basat,kişi,12,79.0,0.1055962696175662,105.78333333333327,0.0160496212980531,2
Dede Korkut,kişi,10,71.0,0.0476831262831889,103.79999999999995,0.0119508098658142,5
Kafirler (Ev Yağması Boyu),grup,10,48.0,0.0744475762953683,90.58333333333329,0.0124615083800793,1
Yigenek,kişi,9,37.0,0.0689191634478198,91.98333333333332,0.0077240918090387,2
Kara Budak,kişi,8,41.0,0.0426140515711452,101.9833333333333,0.0086203365892686,5
Tekfur (Uruz Kurtarma Boyu),kişi,8,23.0,0.0380485088909767,95.03333333333327,0.0055381034399236,1
Kan Turalı,kişi,8,74.0,0.0268295229147092,66.41309523809534,0.0135506907350403,1
Tanrı,mitolojik/ilahi,7,42.0,0.0473327069631485,96.86666666666665,0.0084682660434997,4
Egrek,kişi,7,33.0,0.0528064864112468,97.94999999999996,0.0095274701823565,1
Burla Hatun,kişi,7,31.0,0.0860545638027629,102.38333333333333,0.0065804709236069,3
Begil,kişi,7,55.0,0.0320701534606952,82.8095238095238,0.0116649709112719,1
Şökli Melik,kişi,7,34.0,0.0328043985106309,96.73333333333328,0.0082845257962342,2
Aruz Koca,kişi,6,24.0,0.0678915683613459,88.2595238095238,0.00592492452259,2
