component_size_basis,basis_size_nodes,largest_component_below,removal_strategy,fraction_of_G0_nodes_removed,nodes_removed_on_checkpoint_grid,nodes_removed_exact
all_G0_nodes,311,50% of basis,random,0.2508,78,
all_G0_nodes,311,50% of basis,degree_targeted,0.0386,12,7.0
all_G0_nodes,311,50% of basis,betweenness_targeted,0.0193,6,6.0
all_G0_nodes,311,10% of basis,random,0.6174,192,
all_G0_nodes,311,10% of basis,degree_targeted,0.0579,18,17.0
all_G0_nodes,311,10% of basis,betweenness_targeted,0.0579,18,17.0
initial_giant_component,261,50% of basis,random,0.3087,96,
initial_giant_component,261,50% of basis,degree_targeted,0.0386,12,9.0
initial_giant_component,261,50% of basis,betweenness_targeted,0.0386,12,9.0
initial_giant_component,261,10% of basis,random,0.6559,204,
initial_giant_component,261,10% of basis,degree_targeted,0.0579,18,17.0
initial_giant_component,261,10% of basis,betweenness_targeted,0.0579,18,17.0
