network,node_id,degree,strength_weighted_degree,betweenness,harmonic_centrality,pagerank,eigenvector_centrality,canonical_name,node_type,story_count
G1_person_only,salur_kazan,35,270.0,0.3792139662882697,70.73333333333335,0.09772725811987105,0.6566414560667139,Salur Kazan,kişi,9
G1_person_only,bamsi_beyrek,21,132.0,0.15950005733287462,57.4166666666667,0.048222452977654935,0.4130032033460189,Bamsı Beyrek,kişi,4
G1_person_only,segrek,12,53.0,0.11240110079119367,43.69285714285715,0.031018797254479993,0.0030424572853513954,Segrek,kişi,1
G1_person_only,bayindir_han,11,86.0,0.08095401903451438,52.25000000000004,0.0252414152111693,0.24264559698692698,Bayındır Han,kişi,7
G1_person_only,kara_budak,8,41.0,0.05756220616901732,51.20000000000003,0.015576385387291369,0.14244776763324601,Kara Budak,kişi,5
G1_person_only,aruz,8,27.0,0.11025111799105607,51.316666666666684,0.012050940233261344,0.08631703051967723,Aruz,kişi,2
G1_person_only,basat,7,37.0,0.0304437564499484,47.85000000000002,0.01623311435532829,0.04097057216332506,Basat,kişi,2
G1_person_only,uruz,7,74.0,0.07580839353285171,51.38333333333337,0.02517946182701411,0.3854118442412588,Uruz,kişi,4
G1_person_only,egrek,6,31.0,0.1514232886136911,49.95,0.017728353951521388,0.01884773019178544,Egrek,kişi,1
G1_person_only,burla_hatun,6,28.0,0.08935328517371861,49.71666666666668,0.011111094506063306,0.10576787576664691,Burla Hatun,kişi,3
G1_person_only,dede_korkut,6,51.0,0.049449604403164774,48.50000000000002,0.01413732496193616,0.07595692921404494,Dede Korkut,kişi,5
G1_person_only,yigenek,6,31.0,0.07879686962504302,45.13333333333335,0.010590167498594203,0.04864257379344141,Yigenek,kişi,2
G1_person_only,emen,5,13.0,0.09393274853801169,38.36190476190473,0.005531717240784388,0.007781132059288573,Emen,kişi,3
G1_person_only,begil,5,51.0,0.04016167870657034,40.29285714285716,0.01739655473335337,0.05050768914970304,Begil,kişi,1
G1_person_only,karacuk_coban,5,24.0,0.048675610595115236,46.20000000000002,0.009155892366235596,0.09379699912927798,Karaçuk Çoban,kişi,1
G1_person_only,kilbas,4,15.0,0.01023391812865497,44.933333333333344,0.006825489788266824,0.0611025297403998,Kılbaş,kişi,1
G1_person_only,sokli_melik,4,21.0,0.020381836945304436,45.31666666666669,0.009244509514118444,0.07588951132903403,Şökli Melik,kişi,2
G1_person_only,kara_gone,4,16.0,0.03799019607843137,45.816666666666684,0.006440211348917243,0.05960260142999597,Kara Göne,kişi,4
G1_person_only,kafir,4,27.0,0.005460956312349501,39.61666666666667,0.009567557779549374,0.07476750889553826,Kafir,kişi,5
G1_person_only,arsin_oglu_direk_tekfur,4,21.0,0.006406948744410045,36.709523809523816,0.0075540262026002536,0.010042002150656475,Arşın Oğlu Direk Tekfur,kişi,1
G1_person_only,600_kafir,4,22.0,0.02046783625730994,35.21904761904761,0.008982182679567493,0.011773603153996212,600 Kafir,kişi,3
G1_person_only,tekfur_begil_boyu,4,19.0,0.010405916752665978,34.27857142857141,0.007706842044290217,0.00855837520138593,Tekfur (Begil Boyu),kişi,1
G1_person_only,tekfur_uruz_kurtarma_boyu,4,8.0,0.0501375988992088,45.10000000000001,0.006220564877133622,0.036695064006727875,Tekfur (Uruz Kurtarma Boyu),kişi,1
G1_person_only,alp_rustem,3,12.0,0.020381836945304436,44.18333333333334,0.007007158209932126,0.05378305437726948,Alp Rüstem,kişi,3
G1_person_only,banu_cicek,3,19.0,0.01023391812865497,39.059523809523824,0.007841541874057438,0.08848444984742213,Banu Çiçek,kişi,1
G1_person_only,aruz_koca,3,15.0,0.01023391812865497,37.54285714285716,0.007222199211845744,0.009982510855213263,Aruz Koca,kişi,2
G1_person_only,dumrul,3,15.0,0.0004299965600275198,3.5,0.011614492532273162,1.7214604800549977e-87,Dumrul,kişi,1
G1_person_only,300_kafir,3,19.0,0.020381836945304436,36.06904761904761,0.011599114612615724,0.003344545262799917,300 Kafir,kişi,2
G1_person_only,usun_koca,3,3.0,0.01023391812865497,32.396428571428544,0.0038023101741068025,5.1627220656267244e-05,Uşun Koca,kişi,1
G1_person_only,emren,3,36.0,0.0,34.24642857142855,0.012798002407764329,0.01754544591281281,Emren,kişi,1
G1_person_only,pay_pure,3,16.0,0.01722136222910217,46.98333333333335,0.005487278152193975,0.08546859672782979,Pay Püre,kişi,1
G1_person_only,kazilik_koca,3,24.0,0.0005159958720330237,39.05952380952384,0.007933271734360136,0.021157544151609115,Kazılık Koca,kişi,1
G1_person_only,tekfurun_karisi,3,12.0,0.01023391812865497,44.433333333333344,0.006009648881686983,0.07198469433061612,Tekfurun Karısı,kişi,1
G1_person_only,tekfur_kan_turali_boyu,3,28.0,0.010921912624699001,28.740476190476173,0.008698186975022155,0.0005914849332083992,Tekfur (Kan Turalı Boyu),kişi,1
G1_person_only,dirse_hanin_karisi,3,14.0,0.030185758513931887,29.0797619047619,0.007904656442078257,0.00035613867180767664,Dirse Han'ın Karısı,kişi,1
G1_person_only,dirse_han,3,14.0,0.01023391812865497,24.303968253968236,0.008417731956565264,3.02040761575735e-05,Dirse Han,kişi,1
G1_person_only,kan_turali,3,48.0,0.01023391812865497,28.223809523809507,0.013487848973061895,0.00045312537458133424,Kan Turalı,kişi,1
G1_person_only,haberci,3,5.0,0.009889920880632955,33.64642857142856,0.003455213994696609,0.0007570764523608324,Haberci,kişi,2
G1_person_only,deli_dundar,3,20.0,0.0004299965600275198,3.5,0.012094212561824821,1.1410983025052823e-75,Deli Dündar,kişi,3
G1_person_only,oguz_han,2,7.0,0.01023391812865497,35.8595238095238,0.00466102419948424,0.005867380175987096,Oğuz Han,kişi,1
G1_person_only,40_ince_belli_kiz,2,9.0,0.03990368077055383,35.87619047619046,0.004437629041093694,0.008635603450863305,40 Ince Belli Kız,kişi,3
G1_person_only,100_kafir,2,6.0,0.025369797041623666,34.105952380952374,0.003821898367239189,0.0003123653392654776,100 Kafir,kişi,2
G1_person_only,alp_eren,2,10.0,8.599931200550395e-05,2.0,0.009484307861314257,6.953047719785677e-98,Alp Eren,kişi,1
G1_person_only,karavas,2,2.0,0.01023391812865497,24.861111111111114,0.003495614920156238,8.39233673065584e-05,Karavaş,kişi,1
G1_person_only,demir_guci,2,6.0,0.01479188166494668,33.7190476190476,0.003033434292679501,0.0020739492340174437,Demir Güci,kişi,1
G1_person_only,direk_tekfur,2,10.0,0.01023391812865497,32.76190476190473,0.0050940492237255735,0.0033194843059737816,Direk Tekfur,kişi,1
G1_person_only,begilin_karisi,2,10.0,0.020295837633298935,30.546428571428535,0.005069175492178113,0.006176720079995119,Begilin Karısı,kişi,1
G1_person_only,bogac,2,8.0,0.0,23.803968253968236,0.004906915615786339,2.5421527884008267e-05,Boğaç,kişi,1
G1_person_only,donebilmez_dulek_evren,2,12.0,0.0,44.06666666666668,0.0046564296982702195,0.06312792874723834,Dönebilmez Dülek Evren,kişi,2
G1_person_only,kiyan_selcuk_oglu_deli_dundar,2,8.0,0.01001891984864121,44.06666666666668,0.003425791746024182,0.027444608247425163,Kıyan Selçuk Oğlu Deli Dündar,kişi,2
G1_person_only,kara_tekfur,2,10.0,0.00025799793601651185,3.0,0.006839706863227202,5.4685926473991545e-76,Kara Tekfur,kişi,2
G1_person_only,kiyan_guci,2,6.0,0.01479188166494668,33.7190476190476,0.003033434292679501,0.0020739492340174437,Kıyan Güci,kişi,1
G1_person_only,selcen_hatun,2,16.0,0.019263845889232887,33.385714285714265,0.005365826654342186,0.0018942351304987327,Selcen Hatun,kişi,1
G1_person_only,yalanci_oglu_yaltacuk,2,20.0,0.0,40.15000000000002,0.006885094100786645,0.09832452677521825,Yalançı Oğlu Yaltaçuk,kişi,1
G1_person_only,trabzon_tekfuru,2,8.0,0.02915376676986584,44.03333333333334,0.00332246207029825,0.026891161993097996,Trabzon Tekfuru,kişi,2
G1_person_only,annesi,2,8.0,0.024337805297557618,39.39285714285714,0.0039118041742154,0.02630231161699246,Annesi,kişi,2
G1_person_only,deli_karcar,2,32.0,0.0,36.54285714285716,0.008555512557517419,0.03981320395872974,Deli Karçar,kişi,1
G1_person_only,duha_koca,2,10.0,0.00025799793601651185,3.0,0.007966871401870988,1.3175488105041995e-87,Duha Koca,kişi,1
G1_person_only,ters_uzamis,2,4.0,0.05127708978328173,36.919047619047625,0.002794738748374055,0.0008738180342013843,Ters Uzamış,kişi,2
G1_person_only,tekfurun_casusu,2,2.0,0.01023391812865497,33.002380952380925,0.003855783825924502,0.000498579408000717,Tekfurun Casusu,kişi,2
G1_person_only,bayburt_hisrasi_melikinin_kizi,1,5.0,0.0,37.34285714285715,0.0025505268255654684,0.028052525050962104,Bayburt Hisrası Meliki'nin Kızı,kişi,1
G1_person_only,bamsinin_naibi,1,5.0,0.0,27.507142857142828,0.0035672982765727473,0.00022718840620543669,Bamsı'nın Naibi,kişi,1
G1_person_only,at_agizli_aruz_koca,1,10.0,0.0,42.850000000000016,0.0040506208546410676,0.08920830124953291,At Ağızlı Aruz Koca,kişi,1
G1_person_only,bayburt_hisari_beyi,1,5.0,0.0,1.0,0.006493506493506494,7.628777329033055e-111,Bayburt Hisarı Beyi,kişi,1
G1_person_only,basatin_annesi,1,5.0,0.0,33.5095238095238,0.002838625726341901,0.002782874518887256,Basat'ın Annesi,kişi,1
G1_person_only,at_agizli_aruz,1,3.0,0.0,42.850000000000016,0.0018970044382105025,0.026762490374859876,At Ağızlı Aruz,kişi,1
G1_person_only,60_kafir,1,5.0,0.0,30.68928571428569,0.0034602141014994808,0.0002066619558797203,60 Kafir,kişi,1
G1_person_only,6_kafir,1,5.0,0.0,30.68928571428569,0.0034602141014994808,0.0002066619558797203,6 Kafir,kişi,1
G1_person_only,adsiz_kisi_uruz_kurtarma_boyu,1,10.0,0.0,35.40952380952381,0.003866156621436619,0.05235662888692926,Adsız Kişi (Uruz Kurtarma Boyu),kişi,1
G1_person_only,300_akinci,1,1.0,0.0,34.73571428571427,0.0014603688102287652,0.0002560382169385424,300 Akıncı,kişi,1
G1_person_only,ak_melik,1,5.0,0.0,1.5,0.004998105809602614,4.916547192574839e-98,Ak Melik,kişi,1
G1_person_only,alti_bey_oglu,1,3.0,0.0,42.850000000000016,0.0018970044382105025,0.026762490374859876,Altı Bey Oğlu,kişi,1
G1_person_only,aruzun_habercisi,1,1.0,0.0,1.0,0.006493506493506494,1.4802309030082652e-158,Aruzun Habercisi,kişi,1
G1_person_only,bayindir_han_kazan,1,5.0,0.0,1.0,0.006493506493506494,7.628777329033055e-111,Bayındır Han Kazan,kişi,1
G1_person_only,duzen_oglu_alp_rustem,1,3.0,0.0,42.850000000000016,0.0018970044382105025,0.026762490374859876,Düzen Oğlu Alp Rüstem,kişi,2
G1_person_only,duzen,1,5.0,0.0,31.95238095238093,0.003455723797452681,0.003653096120528588,Düzen,kişi,2
G1_person_only,donebilmez_dulerk_evren,1,1.0,0.0,42.850000000000016,0.0012816854620874836,0.008920830124953292,Dönebilmez Dülerk Evren,kişi,1
G1_person_only,dumrulun_karisi,1,5.0,0.0,2.333333333333333,0.0042614233554203644,9.31647698451789e-88,Dumrul'un Karısı,kişi,1
G1_person_only,dumrulun_annesi,1,5.0,0.0,2.333333333333333,0.0042614233554203644,9.31647698451789e-88,Dumrul'un Annesi,kişi,1
G1_person_only,deli_dumrul,1,5.0,0.0,2.1666666666666665,0.004363321822547583,7.13052277928079e-88,Deli Dumrul,kişi,1
G1_person_only,deli_budak,1,5.0,0.0,1.0,0.006493506493506494,7.628777329033055e-111,Deli Budak,kişi,1
G1_person_only,beyrekin_buyuk_kiz_kardesi,1,6.0,0.0,37.34285714285715,0.002865826995873368,0.03366303006115452,Beyrek'in Büyük Kız Kardeşi,kişi,1
G1_person_only,bugacuk_melik,1,5.0,0.0,35.1595238095238,0.00258864760448875,0.009675557363878878,Buğaçuk Melik,kişi,1
G1_person_only,bogacuk_melik,1,5.0,0.0,1.0,0.006493506493506494,7.628777329033055e-111,Boğaçuk Melik,kişi,1
G1_person_only,bogazca_fatma,1,1.0,0.0,29.063095238095222,0.0013248312495729433,0.0012021055063348941,Boğazça Fatma,kişi,1
G1_person_only,bogac_han,1,5.0,0.0,19.901587301587288,0.0035294285215830526,2.051647857355236e-06,Boğaç Han,kişi,1
G1_person_only,beyrekin_kucuk_kiz_kardesi,1,2.0,0.0,37.34285714285715,0.001604626314641772,0.011221010020384841,Beyrek'in Küçük Kız Kardeşi,kişi,1
G1_person_only,begilin_casusu,1,4.0,0.0,29.62976190476187,0.0021338087867605804,0.002744702189988928,Begilin Casusu,kişi,1
G1_person_only,beyerek,1,1.0,0.0,1.0,0.006493506493506494,1.4802309030082652e-158,Beyerek,kişi,1
G1_person_only,bas_acik,1,5.0,0.0,42.850000000000016,0.002512323414333521,0.044604150624766456,Baş Açık,kişi,1
G1_person_only,kapici,1,1.0,0.0,20.495634920634906,0.0024596641635252483,1.14015252003097e-06,Kapıcı,kişi,1
G1_person_only,kara_arslan_melik,1,5.0,0.0,35.1595238095238,0.00258864760448875,0.009675557363878878,Kara Arslan Melik,kişi,1
G1_person_only,kanli_koca,1,20.0,0.0,22.524603174603172,0.005750141991873826,0.00012311248817976675,Kanlı Koca,kişi,1
G1_person_only,kapcak_melik,1,5.0,0.0,35.1595238095238,0.00258864760448875,0.009675557363878878,Kapçak Melik,kişi,1
G1_person_only,kan_turaliyi_gorunce_ona_tutuluyor_keske_babam_beni_buna_verse,1,5.0,0.0,1.0,0.006493506493506494,7.628777329033055e-111,Kan Turalıyı Görünce Ona Tutuluyor Keşke Babam Beni Buna Verse,kişi,1
G1_person_only,kafirin_sancagini_kilicladi,1,5.0,0.0,34.576190476190455,0.002660537806636015,0.007184240939467956,Kafirin Sancağını Kılıçladı,kişi,1
G1_person_only,kalenin_sigir_cobani,1,2.0,0.0,32.33571428571425,0.0022958949594030593,0.000996974786749365,Kalenin Sığır Çobanı,kişi,1
G1_person_only,kam_gan,1,20.0,0.0,35.459523809523816,0.005963578448859594,0.06592485544174785,Kam Gan,kişi,4
G1_person_only,kafirin_casusu,1,5.0,0.0,1.0,0.006493506493506494,7.628777329033055e-111,Kafirin Casusu,kişi,1
G1_person_only,kafirin_40_atlisi,1,5.0,0.0,37.34285714285715,0.0025505268255654684,0.028052525050962104,Kafirin 40 Atlısı,kişi,1
G1_person_only,kafir_ordusu,1,1.0,0.0,1.0,0.006493506493506494,1.4802309030082652e-158,Kafir Ordusu,kişi,1
G1_person_only,kafirin_causu,1,1.0,0.0,26.1988095238095,0.001318806947883893,0.00011626409650161912,Kafirin Causu,kişi,1
G1_person_only,kafir_gozcusu,1,1.0,0.0,1.0,0.006493506493506494,1.4802309030082652e-158,Kafir Gözcüsü,kişi,1
G1_person_only,kafir_askeri,1,1.0,0.0,42.850000000000016,0.0012816854620874836,0.008920830124953292,Kafir Askeri,kişi,1
G1_person_only,kafir_beyinin_kizi,1,11.0,0.0,37.34285714285715,0.0044423278474128615,0.061715555112116634,Kafir Beyi'nin Kızı,kişi,1
G1_person_only,kafir_eri,1,4.0,0.0,42.850000000000016,0.0022046639262720117,0.03568332049981317,Kafir Eri,kişi,1
G1_person_only,duzmurd_kalesi_tekfuru_arsin,1,5.0,0.0,25.57738095238095,0.00313898728587165,0.00022546942919661708,Düzmürd Kalesi Tekfuru Arşın,kişi,1
G1_person_only,egreke_yol_gosterdi,1,1.0,0.0,27.507142857142824,0.0014926804345353289,4.543768124108733e-05,Egreke Yol Gösterdi,kişi,1
G1_person_only,ense_koca_oglu_okcu,1,1.0,0.0,31.95238095238093,0.0014703655387113155,0.0007306192241057177,Ense Koca Oğlu Okçu,kişi,1
G1_person_only,imrahor,1,3.0,0.0,1.0,0.006493506493506494,1.8764155926748015e-128,Imrahor,kişi,1
G1_person_only,eylik_koca_oglu_saru_kulmas,1,5.0,0.0,32.45238095238093,0.002844929369700708,0.0051546482266214555,Eylik Koca Oğlu Saru Kulmaş,kişi,1
G1_person_only,han_afsar,1,3.0,0.0,42.850000000000016,0.0018970044382105025,0.026762490374859876,Han Afşar,kişi,1
G1_person_only,eylik_koca,1,5.0,0.0,1.5,0.004998105809602614,4.916547192574839e-98,Eylik Koca,kişi,1
G1_person_only,eylik_koca_donebilmez_dulek_evren,1,2.0,0.0,42.850000000000016,0.001589344950148993,0.017841660249906584,Eylik Koca Dönebilmez Dülek Evren,kişi,1
G1_person_only,kisirca_yenge,1,7.0,0.0,37.34285714285715,0.003181127166181267,0.03927353507134695,Kısırca Yenge,kişi,1
G1_person_only,kara_cekur,1,5.0,0.0,1.0,0.006493506493506494,7.628777329033055e-111,Kara Çekür,kişi,1
G1_person_only,karisina,1,2.0,0.0,30.68928571428569,0.0019685012250153767,8.266478235188814e-05,Karısına,kişi,1
G1_person_only,kayin_ata_kayin_anasi,1,1.0,0.0,1.0,0.006493506493506494,1.4802309030082652e-158,Kayın Ata - Kayın Anası,kişi,1
G1_person_only,karisi,1,12.0,0.0,30.68928571428569,0.00694087747996239,0.0004959886941113288,Karısı,kişi,1
G1_person_only,kara_tekfurun_casusu,1,5.0,0.0,2.1666666666666665,0.00388360179299593,2.197554538029785e-76,Kara Tekfurun Casusu,kişi,1
G1_person_only,kara_tuken_melik,1,10.0,0.0,2.3333333333333335,0.006108665508314356,9.171010122305181e-76,Kara Tüken Melik,kişi,2
G1_person_only,kara_gone_oglu_kara_budak,1,3.0,0.0,42.850000000000016,0.0018970044382105025,0.026762490374859876,Kara Göne Oğlu Kara Budak,kişi,1
G1_person_only,saht_oldu,1,1.0,0.0,35.19285714285712,0.001353407811584439,0.0011726097567059384,Saht Oldu,kişi,1
G1_person_only,peri,1,2.0,0.0,1.0,0.006493506493506494,6.018044189510554e-141,Peri,kişi,1
G1_person_only,paypure,1,5.0,0.0,42.850000000000016,0.002512323414333521,0.044604150624766456,Paypüre,kişi,1
G1_person_only,pay_purenin_oglu,1,3.0,0.0,1.0,0.006493506493506494,1.8764155926748015e-128,Pay Püre'nin Oğlu,kişi,1
G1_person_only,pay_pure_bey,1,3.0,0.0,37.34285714285715,0.0019199264849496709,0.01683151503057726,Pay Püre Bey,kişi,1
G1_person_only,oguz_hanin_likcisi,1,2.0,0.0,27.474999999999987,0.002105985141281482,0.00015941942205995187,Oğuz Han'ın Lıkçısı,kişi,1
G1_person_only,ozan,1,3.0,0.0,37.34285714285715,0.0019199264849496709,0.01683151503057726,Ozan,kişi,1
G1_person_only,oglunu_veren_kadin,1,1.0,0.0,33.5095238095238,0.0013469459244891597,0.0005565749037774511,Oğlunu Veren Kadın,kişi,1
G1_person_only,kiyan_selcuk,1,5.0,0.0,2.3333333333333335,0.003541345741170165,4.585505061152591e-76,Kıyan Selçuk,kişi,2
G1_person_only,kiyan_oglu_deli_dundar,1,3.0,0.0,42.850000000000016,0.0018970044382105025,0.026762490374859876,Kıyan Oğlu Deli Dündar,kişi,1
G1_person_only,nesne,1,2.0,0.0,28.25595238095236,0.00179254563938598,0.00027123410566059645,Nesne,kişi,1
G1_person_only,lala_kilbas,1,18.0,0.0,42.850000000000016,0.006511896759133143,0.16057494224915925,Lala Kılbaş,kişi,1
G1_person_only,kazanin_karicuk_anasi,1,5.0,0.0,32.45238095238093,0.002844929369700708,0.0051546482266214555,Kazan'ın Karıçuk Anası,kişi,1
G1_person_only,kazanin_kardesi_kara_gone,1,1.0,0.0,32.252380952380925,0.0013608028673384703,0.0008300567369289396,Kazan'ın Kardeşi Kara Göne,kişi,2
G1_person_only,kirk_kinuk,1,5.0,0.0,1.0,0.006493506493506494,7.628777329033055e-111,Kırk Kınuk,kişi,1
G1_person_only,sari_coban,1,2.0,0.0,1.0,0.006493506493506494,6.018044189510554e-141,Sarı Çoban,kişi,1
G1_person_only,tekfurun_kardesinin_oglu,1,8.0,0.0,22.807936507936507,0.0030867119654488856,6.428108886720342e-05,Tekfurun Kardeşinin Oğlu,kişi,1
G1_person_only,tekfurun,1,5.0,0.0,1.0,0.006493506493506494,7.628777329033055e-111,Tekfurun,kişi,1
G1_person_only,tekfur_segrek_boyu,1,1.0,0.0,25.792857142857123,0.0026127339398606584,6.773491045295023e-06,Tekfur (Segrek Boyu),kişi,1
G1_person_only,segrekin_karisi,1,1.0,0.0,1.0,0.006493506493506494,1.4802309030082652e-158,Segrekin Karısı,kişi,1
G1_person_only,segerk,1,1.0,0.0,25.046825396825383,0.0020514657801569067,7.01348203817668e-07,Segerk,kişi,1
G1_person_only,uruzun_sag_yaninda_yer_gosterdi_cubbe_giydirdi,1,5.0,0.0,1.0,0.006493506493506494,7.628777329033055e-111,"Uruz'un Sağ Yanında Yer Gösterdi, Cübbe Giydirdi",kişi,1
G1_person_only,uruzun_annesi,1,2.0,0.0,35.409523809523805,0.0015524521035081033,0.01047132577738585,Uruzun Annesi,kişi,1
G1_person_only,ulas,1,10.0,0.0,42.850000000000016,0.0040506208546410676,0.08920830124953291,Ulaş,kişi,2
G1_person_only,usun_kocanin_kucuk,1,5.0,0.0,30.68928571428569,0.0034602141014994808,0.0002066619558797203,Uşun Kocanın Küçük,kişi,1
G1_person_only,usun_kocanin_buyuk,1,5.0,0.0,34.73571428571427,0.0034057401550399292,0.001280191084692712,Uşun Kocanın Büyük,kişi,1
G1_person_only,zindanci,1,3.0,0.0,32.08571428571426,0.002251074622612556,0.002933643156013086,Zindancı,kişi,1
G1_person_only,yasli_kadin,1,5.0,0.0,33.5095238095238,0.002838625726341901,0.002782874518887256,Yaşlı Kadın,kişi,1
G1_person_only,cekisen_oksuzle_diger_cocugu_ayirig_tokat_atti,1,1.0,0.0,30.68928571428569,0.0014712635995206755,4.133239117594407e-05,Çekişen Öksüzle Diğer Çocuğu Ayırığ Tokat Attı,kişi,1
G1_person_only,cobanlar,1,2.0,0.0,37.34285714285715,0.001604626314641772,0.011221010020384841,Çobanlar,kişi,1
G1_person_only,oksuz_cocuk,1,6.0,0.0,30.68928571428569,0.003957451726994182,0.0002479943470556644,Öksüz Çocuk,kişi,1
G1_person_only,sir_semseddin,1,2.0,0.0,37.342857142857156,0.001604626314641772,0.011221010020384841,Şir Şemseddin,kişi,1
