network,node_id,degree,strength_weighted_degree,betweenness,betweenness_hop,harmonic_centrality,pagerank,eigenvector_centrality,in_degree,out_degree,in_degree_centrality,out_degree_centrality,hits_hub,hits_authority,canonical_name,node_type,story_count
G9_directed,salur_kazan,83,263.0,0.23918638439186385,0.2265981240981241,56.159523809523826,0.05537203360083252,0.4881637017973673,30,53,0.13636363636363635,0.2409090909090909,0.42505013821411264,0.015886076651735196,Salur Kazan,kişi,9
G9_directed,bamsi_beyrek,36,106.0,0.060533416355334164,0.05972162920793051,40.701190476190476,0.020851756051240823,0.207476311859533,11,25,0.049999999999999996,0.11363636363636363,0.05704760657221341,0.03793654797324167,Bamsı Beyrek,kişi,4
G9_directed,bayindir_han,19,61.0,0.07081776670817767,0.05176917577602516,40.66785714285715,0.01457890550334857,0.30535864531576346,9,10,0.04090909090909091,0.045454545454545456,0.015183480914678953,0.04733039448667415,Bayındır Han,kişi,7
G9_directed,aruz,14,32.0,0.009775840597758406,0.014295235459619022,33.84801587301586,0.013009924708161334,0.10106017281845898,6,8,0.02727272727272727,0.03636363636363636,0.030882023574077173,0.0016677508880688279,Aruz,kişi,2
G9_directed,basat,13,24.0,0.019136571191365713,0.02673357844590721,38.451190476190476,0.017119071830245514,0.05844808347094066,7,6,0.031818181818181815,0.02727272727272727,0.0026986833687081308,0.0105411400965304,Basat,kişi,2
G9_directed,segrek,13,24.0,0.021336654213366543,0.026079286010792863,30.681349206349182,0.020780613265370104,0.0023641467933264394,5,8,0.022727272727272728,0.03636363636363636,0.0005684931357514703,1.9880384853249562e-05,Segrek,kişi,1
G9_directed,dede_korkut,13,53.0,0.03285595682855957,0.016840057456495815,32.014682539682504,0.014342365085407323,0.09577670693794647,5,8,0.022727272727272728,0.03636363636363636,0.026891544859084862,0.0030982887610451954,Dede Korkut,kişi,5
G9_directed,egrek,11,18.0,0.034869240348692404,0.04843987823439878,38.25119047619047,0.015820158556272498,0.026346015953719187,5,6,0.022727272727272728,0.02727272727272727,0.0016210560590324032,0.005213556962088638,Egrek,kişi,1
G9_directed,tepegoz,11,21.0,0.019842258198422582,0.010488100179881,32.26468253968251,0.010437998301525388,0.037102237802596305,5,6,0.022727272727272728,0.02727272727272727,0.0020821641763191373,0.0018835677477785206,Tepegöz,mitolojik/ilahi,1
G9_directed,uruz,11,37.0,0.018845994188459943,0.019281381986861457,37.534523809523805,0.008297746124065272,0.20736877176107577,5,6,0.022727272727272728,0.02727272727272727,0.011757968259271421,0.03767517650369241,Uruz,kişi,4
G9_directed,begil,10,50.0,0.040722291407222916,0.02440033077019378,31.081349206349177,0.01226369167575678,0.17356464181398917,5,5,0.022727272727272728,0.022727272727272728,0.030520758613255032,0.002330497878224833,Begil,kişi,1
G9_directed,tekfur_uruz_kurtarma_boyu,10,23.0,0.038688252386882525,0.035740971357409716,37.650000000000006,0.012551720860927373,0.03550336018240152,6,4,0.02727272727272727,0.01818181818181818,0.011355578886561895,0.005195390279127581,Tekfur (Uruz Kurtarma Boyu),kişi,1
G9_directed,dumrul,9,23.0,0.017393109173931092,0.017393109173931092,23.688492063492053,0.032200693880684805,0.005618726141473281,4,5,0.01818181818181818,0.022727272727272728,0.005432025474640243,-3.065975401423919e-17,Dumrul,kişi,1
G9_directed,kan_turali,8,24.0,0.015504358655043588,0.015504358655043588,3.833333333333333,0.013285130689475507,1.9310058710234777e-23,3,5,0.013636363636363636,0.022727272727272728,1.363719811114296e-17,1.4716403055354622e-17,Kan Turalı,kişi,1
G9_directed,tanri,8,37.0,0.04286010792860108,0.040129721876297215,38.584523809523816,0.015725166857478268,0.0840760678966949,5,3,0.022727272727272728,0.013636363636363636,0.008563513979940294,0.016301648108938863,Tanrı,mitolojik/ilahi,4
G9_directed,burla_hatun,8,26.0,0.009796596097965961,0.0064321295143212965,35.701190476190476,0.0032048009266845996,0.08167884233505252,2,6,0.00909090909090909,0.02727272727272727,0.02524457168709196,0.012065214507860404,Burla Hatun,kişi,3
G9_directed,emren,7,31.0,0.022810294728102948,0.006727022343460702,23.70515873015872,0.007908409729754411,0.11648738410411341,2,5,0.00909090909090909,0.022727272727272728,0.0061269347310857255,0.0047229371998322904,Emren,kişi,1
G9_directed,banu_cicek,7,15.0,0.008738065587380656,0.008738065587380656,28.681349206349182,0.004124887781268438,0.02311894144255227,3,4,0.013636363636363636,0.01818181818181818,0.015445595185705627,0.0015705682249351214,Banu Çiçek,kişi,1
G9_directed,yigenek,7,17.0,0.0072436695724366965,0.006937492999136838,28.514682539682514,0.004374756991037483,0.045919200019080474,2,5,0.00909090909090909,0.022727272727272728,0.01932536001638304,0.0018303702959204698,Yigenek,kişi,2
G9_directed,tekfur_begil_boyu,6,15.0,0.005936073059360731,0.005466125705851733,19.41709956709956,0.004311535167173556,0.01190298064060627,2,4,0.00909090909090909,0.01818181818181818,0.0014982540874339133,0.00014494160604087858,Tekfur (Begil Boyu),kişi,1
G9_directed,aruz_koca,6,9.0,0.004898298048982981,0.005465615054656152,27.298015873015846,0.004380752575894953,0.002986163551402746,2,4,0.00909090909090909,0.01818181818181818,0.006009978983782384,3.2225898680596374e-05,Aruz Koca,kişi,2
G9_directed,dirse_han,6,26.0,0.00024906600249066007,0.00018679950186799502,2.5,0.005185428872276069,3.8808622083827385e-32,2,4,0.00909090909090909,0.01818181818181818,1.0910801796313009e-05,3.277655513178654e-05,Dirse Han,kişi,1
G9_directed,emen,6,11.0,0.011332503113325032,0.010592223605922237,26.005158730158715,0.007211030067523921,0.008867557575983046,4,2,0.01818181818181818,0.00909090909090909,0.004903124802244374,0.0005109404330547946,Emen,kişi,3
G9_directed,dis_oguz_beyleri,5,23.0,0.011685346616853467,0.0004759928047599278,36.53452380952381,0.006897061028728241,0.14133495508001595,3,2,0.013636363636363636,0.00909090909090909,0.00769635821057761,0.022949643927750313,Dış Oğuz Beyleri,grup,1
G9_directed,dirse_hanin_karisi,5,17.0,6.226650062266502e-05,0.00012453300124533003,2.5,0.0033479645298540397,2.744183984398033e-32,2,3,0.00909090909090909,0.013636363636363636,0.0005739617305845594,1.671020932069138e-06,Dirse Han'ın Karısı,kişi,1
G9_directed,bogac,5,17.0,0.00020755500207555002,0.00020755500207555002,3.833333333333333,0.005979349332717304,8.967353737075473e-32,3,2,0.013636363636363636,0.00909090909090909,9.557928577683562e-19,3.4660232892092184e-05,Boğaç,kişi,1
G9_directed,kilbas,5,10.0,0.0029680365296803654,0.0034440293344402966,35.28452380952381,0.005155305286578804,0.1049201820037977,3,2,0.013636363636363636,0.00909090909090909,0.003514293719945686,0.020475645639265138,Kılbaş,kişi,1
G9_directed,beyler_bamsi_beyrek_boyu,5,14.0,0.0,0.0,39.701190476190476,0.00703694194037841,0.1509441970693532,5,0,0.022727272727272728,0.0,0.0,0.018349151112685397,Beyler (Bamsı Beyrek Boyu),grup,1
G9_directed,deli_dumrul,4,8.0,0.0,0.0,0.0,0.001876242780019438,4.6380189094232316e-58,0,4,0.0,0.01818181818181818,0.005232702857288576,0.0,Deli Dumrul,kişi,1
G9_directed,tekfurun_karisi,4,7.0,0.0019510170195101704,0.0019510170195101704,33.7845238095238,0.0024111159818840703,0.049878621069785904,1,3,0.004545454545454545,0.013636363636363636,0.0021329675664062487,0.01004329157966032,Tekfurun Karısı,kişi,1
G9_directed,kafir,4,12.0,0.0039020340390203407,0.004430821588355837,28.264682539682514,0.005052369197285252,0.046026869537395765,2,2,0.00909090909090909,0.00909090909090909,5.120594800657893e-05,0.0006618504263710013,Kafir,kişi,5
G9_directed,karacuk_coban,4,15.0,0.00394354503943545,0.00394354503943545,34.2845238095238,0.004550608789342599,0.24939310534892953,1,3,0.004545454545454545,0.013636363636363636,0.004583650615316477,0.0502164578983016,Karaçuk Çoban,kişi,1
G9_directed,kara_budak,4,12.0,0.006517227065172271,0.00348333300388095,35.86785714285714,0.0034751124802823888,0.12095738964974954,2,2,0.00909090909090909,0.00909090909090909,0.01020847592201697,0.021434531778120693,Kara Budak,kişi,5
G9_directed,kafirler_segrek_boyu,4,9.0,0.0049605645496056455,0.005002075550020755,27.681349206349175,0.011249282030263433,0.0013821176492363142,2,2,0.00909090909090909,0.00909090909090909,0.000525600428446134,1.9735022527129674e-05,Kafirler (Segrek Boyu),grup,1
G9_directed,bezirganlar,4,11.0,0.0031133250311332506,0.003545731285457313,28.848015873015846,0.004448270160965108,0.03859284969257844,3,1,0.013636363636363636,0.004545454545454545,0.011392401913184387,0.0014556516257860361,Bezirganlar,grup,1
G9_directed,azrail,4,19.0,0.007471980074719801,0.007471980074719801,28.598015873015846,0.016399470315250596,0.0524073788219722,3,1,0.013636363636363636,0.004545454545454545,-6.138113225904646e-18,0.0015302239258771565,Azrail,mitolojik/ilahi,1
G9_directed,tekfur_kan_turali_boyu,4,11.0,0.021066832710668327,0.021066832710668327,4.083333333333334,0.005210187181987811,7.257675934268243e-24,2,2,0.00909090909090909,0.00909090909090909,0.00016465590847650758,7.345222633239495e-18,Tekfur (Kan Turalı Boyu),kişi,1
G9_directed,pay_pure,4,14.0,0.0019510170195101704,0.004465199944652001,35.86785714285714,0.0032048009266845996,0.08167884233505252,2,2,0.00909090909090909,0.00909090909090909,0.002297975821255079,0.012065214507860404,Pay Püre,kişi,1
G9_directed,selcen_hatun,4,11.0,0.006288916562889166,0.006288916562889166,3.5,0.016018896149874513,1.6903137444273582e-23,2,2,0.00909090909090909,0.00909090909090909,5.302682621435097e-19,1.705353882974406e-17,Selcen Hatun,kişi,1
G9_directed,kafirler_uruz_kurtarma_boyu,3,13.0,0.0019510170195101704,0.0019510170195101704,33.7845238095238,0.0034808623856133346,0.1496358632093577,1,2,0.004545454545454545,0.00909090909090909,0.004862621995501527,0.03012987473898096,Kafirler (Uruz Kurtarma Boyu),grup,1
G9_directed,oguz_beyleri,3,7.0,0.0,0.0,30.931349206349175,0.00527543041999687,0.02253914579808583,3,0,0.013636363636363636,0.0,0.0,0.0010112491411840233,Oğuz Beyleri,grup,2
G9_directed,tekfurun_beyleri,3,12.0,0.0,0.0,35.109523809523814,0.005726397390174398,0.0820733924870208,2,1,0.00909090909090909,0.004545454545454545,0.007951020836506418,0.015601567661120336,Tekfurun Beyleri,grup,1
G9_directed,tekfur_segrek_boyu,3,8.0,0.00012453300124533003,0.00016604400166044003,21.971825396825384,0.009047052818948024,0.00014121809577341982,2,1,0.00909090909090909,0.004545454545454545,9.877427810660367e-06,1.8585250912933415e-05,Tekfur (Segrek Boyu),kişi,1
G9_directed,tekfurun_adamlari,3,8.0,0.023744292237442923,0.023744292237442923,28.116666666666642,0.007137156099478404,0.007255460882341932,2,1,0.00909090909090909,0.004545454545454545,0.000520061148749578,0.0005424661465695474,Tekfurun Adamları,grup,2
G9_directed,kocalar,3,11.0,0.0,0.0,27.714682539682514,0.010905629311121115,0.026589794053367147,2,1,0.00909090909090909,0.004545454545454545,0.001055173362000514,0.00029697789836164964,Kocalar,grup,1
G9_directed,ters_uzamis,3,4.0,0.0006226650062266501,0.0012764632627646328,28.731349206349176,0.005089981020379653,0.0017990943012142493,2,1,0.00909090909090909,0.004545454545454545,0.0010437592854835441,7.707826067713829e-05,Ters Uzamış,kişi,2
G9_directed,sokli_melik,3,9.0,0.0019925280199252805,0.0019925280199252805,35.284523809523805,0.004999563287850602,0.1130430975673093,2,1,0.00909090909090909,0.004545454545454545,-1.7464118378091453e-18,0.015227394461572594,Şökli Melik,kişi,2
G9_directed,yalanci_oglu_yaltacuk,3,14.0,0.0,0.0007835201328352014,27.764682539682514,0.0031990510213536537,0.053000368775444326,1,2,0.004545454545454545,0.00909090909090909,0.033937053486075806,0.003369871547000144,Yalançı Oğlu Yaltaçuk,kişi,1
G9_directed,haberci,3,5.0,0.0035284350352843504,0.0004254877542548776,25.238492063492046,0.004398683410501989,0.01797525341671379,2,1,0.00909090909090909,0.004545454545454545,6.731026159026325e-07,0.00022387161089339305,Haberci,kişi,2
G9_directed,lala_kilbas,3,21.0,0.0,0.0,33.7845238095238,0.004015735587477967,0.19951448427914362,1,2,0.004545454545454545,0.00909090909090909,0.020645808585357715,0.04017316631864128,Lala Kılbaş,kişi,1
G9_directed,kazilik_koca,3,5.0,0.0019510170195101704,0.0019510170195101704,27.614682539682512,0.003204139142368571,0.046803060462934414,1,2,0.004545454545454545,0.00909090909090909,0.004743405615260025,0.0005381440175306317,Kazılık Koca,kişi,1
G9_directed,kan_turalinin_anne_babasi,3,6.0,0.0031340805313408056,0.0031340805313408056,3.1666666666666665,0.012531934206580938,1.2706072873060545e-23,2,1,0.00909090909090909,0.004545454545454545,1.7070677114812458e-18,-6.03386179325656e-18,Kan Turalının Anne Babası,grup,1
G9_directed,300_kafir,3,9.0,0.0019510170195101704,0.0019510170195101704,26.764682539682507,0.006919999083349386,0.0040381274983915085,1,2,0.004545454545454545,0.00909090909090909,0.002612487772145229,5.7454652536669456e-05,300 Kafir,kişi,2
G9_directed,anne_ve_babasi,3,5.0,0.010585305105853052,0.002604815276048153,28.714682539682514,0.004535861548790633,0.017875307743411763,2,1,0.00909090909090909,0.004545454545454545,1.990036403213355e-06,0.00020853600076305658,Anne ve Babası,grup,3
G9_directed,deli_karcar,3,19.0,0.0,0.0,23.355158730158717,0.00413419489285256,0.024465246252909627,1,2,0.004545454545454545,0.00909090909090909,0.01762493071692883,0.0015885162817618945,Deli Karçar,kişi,1
G9_directed,beyler_uruz_kurtarma_boyu,3,6.0,0.005043586550435865,0.0,33.7845238095238,0.0024111159818840703,0.049878621069785904,1,2,0.004545454545454545,0.00909090909090909,0.0031503876135500174,0.01004329157966032,Beyler (Uruz Kurtarma Boyu),grup,1
G9_directed,dirse_hanin_40_adami,3,18.0,0.00016604400166044003,0.00016604400166044003,1.0,0.0034711405167307564,6.029424582250199e-56,1,2,0.004545454545454545,0.00909090909090909,3.987320355806358e-05,3.3894383632474522e-18,Dirse Han'ın 40 Adamı,grup,1
G9_directed,begilin_karisi,3,10.0,0.0039020340390203407,0.0039020340390203407,22.78849206349205,0.003127314609626072,0.02660104716463176,1,2,0.004545454545454545,0.00909090909090909,0.0014013612405071715,0.0010817390129782998,Begilin Karısı,kişi,1
G9_directed,beyler_begil_boyu,3,5.0,0.0,0.0,35.78452380952381,0.0031211847035994304,0.09041895175899033,2,1,0.00909090909090909,0.004545454545454545,0.0015902041673012835,0.015244318708667355,Beyler (Begil Boyu),grup,1
G9_directed,pay_pure_bey,3,9.0,0.00026982150269821504,0.00021793275217932753,27.681349206349182,0.0026699277248199674,0.031800221265266604,1,2,0.004545454545454545,0.00909090909090909,0.0007408139780427223,0.0020219229282000865,Pay Püre Bey,kişi,1
G9_directed,usun_koca,3,3.0,0.0019925280199252805,0.0019925280199252805,24.63849206349205,0.006877496456621007,0.001039087966381278,2,1,0.00909090909090909,0.004545454545454545,4.0573082461199526e-20,6.724268474820809e-06,Uşun Koca,kişi,1
G9_directed,40_ince_belli_kiz,2,9.0,0.0,0.0,28.514682539682514,0.0033661083090984435,0.0250377353749268,2,0,0.00909090909090909,0.0,0.0,0.0018098158573178389,40 Ince Belli Kız,kişi,3
G9_directed,adsiz_kisi_uruz_kurtarma_boyu,2,5.0,0.0,0.0,26.34801587301585,0.002548022456493004,0.021189165182634195,1,1,0.004545454545454545,0.004545454545454545,0.011313911671219172,0.00027782299779601183,Adsız Kişi (Uruz Kurtarma Boyu),kişi,1
G9_directed,alp_rustem,2,2.0,0.001971772519717725,0.001971772519717725,34.2845238095238,0.0021436793809517544,0.024939310534892952,1,1,0.004545454545454545,0.004545454545454545,-7.034719202307258e-20,0.00502164578983016,Alp Rüstem,kişi,3
G9_directed,300_asker,2,6.0,0.0,0.0,35.75119047619047,0.003939144558480588,0.09267240256558826,2,0,0.00909090909090909,0.0,0.0,0.015282092664107187,300 Asker,grup,2
G9_directed,aruz_ve_dis_oguz_beyleri,2,5.0,0.0,0.0,27.514682539682514,0.002140804428286281,0.010600073755088866,1,1,0.004545454545454545,0.004545454545454545,0.015189869217579182,0.0006739743094000296,Aruz ve Dış Oğuz Beyleri,grup,1
G9_directed,donebilmez_dulek_evren,2,2.0,0.0,0.0,33.7845238095238,0.0021436793809517544,0.024939310534892952,1,1,0.004545454545454545,0.004545454545454545,0.0015902041673012835,0.00502164578983016,Dönebilmez Dülek Evren,kişi,2
G9_directed,dumrulun_karisi,2,5.0,0.0,0.0,18.481385281385265,0.006434135586018463,0.0005741356567938863,1,1,0.004545454545454545,0.004545454545454545,-9.207169838856969e-18,0.0001283505422187934,Dumrul'un Karısı,kişi,1
G9_directed,dumrulun_annesi,2,5.0,0.0,0.0,18.481385281385265,0.006434135586018463,0.0005741356567938863,1,1,0.004545454545454545,0.004545454545454545,-9.207169838856969e-18,0.0001283505422187934,Dumrul'un Annesi,kişi,1
G9_directed,duzen_oglu_alp_rustem,2,3.0,0.0,0.0,33.7845238095238,0.0024111159818840703,0.049878621069785904,1,1,0.004545454545454545,0.004545454545454545,0.0015902041673012835,0.01004329157966032,Düzen Oğlu Alp Rüstem,kişi,2
G9_directed,duha_koca,2,5.0,0.0,0.0,18.48138528138527,0.006434135586018463,0.0005741356567938863,1,1,0.004545454545454545,0.004545454545454545,-9.207169838856969e-18,0.0001283505422187934,Duha Koca,kişi,1
G9_directed,beyrekin_anne_babasi,2,2.0,0.0,0.0016597481665974819,21.93134920634919,0.0022268830410892095,0.0011811120602783615,1,1,0.004545454545454545,0.004545454545454545,0.0015902041673012835,0.00018247802097325487,Beyrek'in Anne Babası,grup,2
G9_directed,beyler_basat_boyu,2,2.0,0.001971772519717725,0.001971772519717725,28.114682539682512,0.0023188749008024824,0.015601020154311472,1,1,0.004545454545454545,0.004545454545454545,4.001012572402902e-20,0.00017938133917687725,Beyler (Basat Boyu),grup,1
G9_directed,nesne,2,3.0,0.0,0.0,22.531349206349198,0.004960743613131566,0.0003051122335755909,2,0,0.00909090909090909,0.0,0.0,0.00014217484670789502,Nesne,kişi,1
G9_directed,kisirca_yenge,2,5.0,0.0029887920298879204,0.0029887920298879212,1.0,0.0034711405167307564,6.029424582250199e-56,1,1,0.004545454545454545,0.004545454545454545,0.007594934608789591,-1.876086500331394e-18,Kısırca Yenge,kişi,1
G9_directed,kilbas_ve_kara_gone,2,2.0,0.0,0.0,33.7845238095238,0.0021436793809517544,0.024939310534892952,1,1,0.004545454545454545,0.004545454545454545,0.0015902041673012835,0.00502164578983016,Kılbaş ve Kara Göne,grup,1
G9_directed,oguz,2,9.0,0.0,0.0,23.355158730158717,0.004585785315419184,0.02935829550349155,1,1,0.004545454545454545,0.004545454545454545,0.0009304207339535868,0.0019062195381142747,Oğuz,grup,1
G9_directed,kan_turalinin_adamlari,2,4.0,0.0,0.0,2.5833333333333335,0.004484812777905019,1.0886513901402364e-23,1,1,0.004545454545454545,0.004545454545454545,1.4731192590433652e-18,1.0382772613063849e-17,Kan Turalı'nın Adamları,grup,1
G9_directed,kanli_koca,2,10.0,0.0,0.0,2.583333333333333,0.003615289445276492,7.257675934268243e-24,1,1,0.004545454545454545,0.004545454545454545,1.1784954072346921e-17,5.545537652034997e-18,Kanlı Koca,kişi,1
G9_directed,karisi,2,7.0,0.0,0.0,22.655158730158714,0.008185486054111185,0.0006039122790219398,1,1,0.004545454545454545,0.004545454545454545,3.98007280642671e-06,3.35815813834181e-05,Karısı,kişi,1
G9_directed,tekfurun_casusu,2,2.0,0.0,0.0,0.0,0.001876242780019438,4.6380189094232316e-58,0,2,0.0,0.00909090909090909,0.0005219215416017589,0.0,Tekfurun Casusu,kişi,2
G9_directed,karavas,2,2.0,0.001971772519717725,0.001971772519717725,18.867099567099554,0.0022560294164972114,0.0013590815678494426,1,1,0.004545454545454545,0.004545454545454545,-3.137335900081146e-20,1.6556022785903395e-05,Karavaş,kişi,1
G9_directed,ustalar,2,6.0,0.0,0.0,34.784523809523805,0.003466320387598206,0.10539806437478322,2,0,0.00909090909090909,0.0,0.0,0.015796681192907915,Ustalar,grup,1
G9_directed,cevresindekiler,2,6.0,0.0,0.0,28.714682539682514,0.004108683494646623,0.028007687280141032,2,0,0.00909090909090909,0.0,0.0,0.0019892797727931034,Çevresindekiler,grup,4
G9_directed,oksuz_cocuk,2,6.0,0.0,0.0,22.655158730158714,0.0031380914348377873,0.00012078245580438796,1,1,0.004545454545454545,0.004545454545454545,9.950182016066776e-06,6.716316276683711e-06,Öksüz Çocuk,kişi,1
G9_directed,tekfur_uruz_tutsak_boyu,2,4.0,0.0,0.0,2.0,0.005066038253442075,8.023772713302188e-56,2,0,0.00909090909090909,0.0,0.0,-1.2881559731331647e-18,Tekfur (Uruz Tutsak Boyu),kişi,1
G9_directed,peri_kizi,2,3.0,0.0,0.0,0.0,0.001876242780019438,4.6380189094232316e-58,0,2,0.0,0.00909090909090909,7.875227643186432e-20,0.0,Peri Kızı,mitolojik/ilahi,1
G9_directed,sari_coban,2,4.0,2.0755500207555003e-05,2.0755500207555003e-05,1.0,0.0029395079378269837,4.035076451198212e-56,1,1,0.004545454545454545,0.004545454545454545,-3.1161223517114907e-19,3.1575804538082395e-19,Sarı Çoban,kişi,1
G9_directed,kazanin_adamlari,2,4.0,0.0,0.0,33.7845238095238,0.0026785525828163866,0.07481793160467885,1,1,0.004545454545454545,0.004545454545454545,0.0015902041673012835,0.01506493736949048,Kazan'ın Adamları,grup,1
G9_directed,arsin_oglu_direk_tekfur,2,2.0,0.001971772519717725,0.001971772519717725,22.121825396825383,0.004023695467555993,0.0023514363888700422,1,1,0.004545454545454545,0.004545454545454545,-5.57374192725138e-20,6.049595332502425e-07,Arşın Oğlu Direk Tekfur,kişi,1
G9_directed,kara_gone,2,6.0,0.0,0.0004759928047599278,33.95119047619047,0.0032134257846810187,0.12469655267446476,1,1,0.004545454545454545,0.004545454545454545,0.00016694269267155954,0.0251082289491508,Kara Göne,kişi,4
G9_directed,annesi,2,3.0,0.0,0.0,22.655158730158714,0.0043999400896561364,0.00024156491160877593,1,1,0.004545454545454545,0.004545454545454545,1.990036403213355e-06,1.3432632553367471e-05,Annesi,kişi,2
G9_directed,600_kafir,1,3.0,0.0,0.0,3.4500000000000006,0.004089311292120392,4.091691244327738e-24,1,0,0.004545454545454545,0.0,0.0,5.835854939694768e-06,600 Kafir,kişi,3
G9_directed,egreke_yol_gosterdi,1,1.0,0.0,0.0,21.421825396825387,0.002856516427885484,0.00020629822302150444,1,0,0.004545454545454545,0.0,0.0,3.086456641820097e-05,Egreke Yol Gösterdi,kişi,1
G9_directed,donebilmez_dulerk_evren,1,1.0,0.0,0.0,34.2845238095238,0.0021436793809517544,0.024939310534892952,1,0,0.004545454545454545,0.0,0.0,0.00502164578983016,Dönebilmez Dülerk Evren,kişi,1
G9_directed,dis_oguz,1,3.0,0.0,0.0,0.0,0.001876242780019438,4.6380189094232316e-58,0,1,0.0,0.004545454545454545,0.0047706125019038505,0.0,Dış Oğuz,grup,1
G9_directed,dis_oguz_agalari,1,3.0,0.0,0.0,34.2845238095238,0.0026785525828163866,0.07481793160467885,1,0,0.004545454545454545,0.0,0.0,0.01506493736949048,Dış Oğuz Ağaları,grup,1
G9_directed,doksan_tumen_oguz,1,3.0,0.0,0.0,34.2845238095238,0.0026785525828163866,0.07481793160467885,1,0,0.004545454545454545,0.0,0.0,0.01506493736949048,Doksan Tümen Oğuz,grup,1
G9_directed,dokuz_tumen_oguz,1,3.0,0.0,0.0,34.2845238095238,0.0026785525828163866,0.07481793160467885,1,0,0.004545454545454545,0.0,0.0,0.01506493736949048,Dokuz Tümen Oğuz,grup,1
G9_directed,dumrulun_40_adami,1,3.0,0.0,0.0,1.0,0.0034711405167307564,6.029424582250199e-56,1,0,0.004545454545454545,0.0,0.0,-1.254505935275603e-18,Dumrul'un 40 Adamı,grup,1
G9_directed,cebrail,1,6.0,0.0,0.0,27.431349206349186,0.0055200747260468344,0.025773087668390687,1,0,0.004545454545454545,0.0,0.0,0.0006070286310814929,Cebrail,kişi,2
G9_directed,dadilar,1,3.0,0.0,0.0,0.0,0.001876242780019438,4.6380189094232316e-58,0,1,0.0,0.004545454545454545,9.67748541701437e-06,0.0,Dadılar,grup,1
G9_directed,dayalar,1,3.0,0.0,0.0,22.181349206349193,0.0029281635632287524,0.0035433361808350845,1,0,0.004545454545454545,0.0,0.0,0.0005474340629197646,Dayalar,grup,1
G9_directed,dadi,1,1.0,0.0,0.0,23.948015873015855,0.002763610152336869,0.0018955497311826416,1,0,0.004545454545454545,0.0,0.0,2.4599194376644828e-05,Dadı,kişi,1
G9_directed,dadi_ve_diger_kizlar,1,2.0,0.0,0.0,22.181349206349193,0.002577523302158981,0.002362224120556723,1,0,0.004545454545454545,0.0,0.0,0.00036495604194650974,Dadı ve Diğer Kızlar,grup,1
G9_directed,deyis,1,2.0,0.0,0.0,28.014682539682514,0.0024053660765531244,0.021200147510177732,1,0,0.004545454545454545,0.0,0.0,0.0013479486188000592,Deyiş,nesne/doğa,1
G9_directed,demir_guci,1,1.0,0.0,0.0,25.614682539682516,0.002649913015030843,0.012741721987543482,1,0,0.004545454545454545,0.0,0.0,5.41523640273721e-05,Demir Güci,kişi,1
G9_directed,deli_durmrul,1,3.0,0.0,0.0,0.0,0.001876242780019438,4.6380189094232316e-58,0,1,0.0,0.004545454545454545,-3.767300026142498e-19,0.0,Deli Durmrul,kişi,1
G9_directed,dire,1,3.0,0.0,0.0,0.0,0.001876242780019438,4.6380189094232316e-58,0,1,0.0,0.004545454545454545,1.0178533935485352e-18,0.0,Dire,kişi,1
G9_directed,beyerek,1,1.0,0.0,0.0,1.0,0.0034711405167307564,2.040728320146223e-56,1,0,0.004545454545454545,0.0,0.0,4.0701823677266035e-19,Beyerek,kişi,1
G9_directed,begilin_adamlari,1,3.0,0.0,0.0,23.288492063492054,0.003127314609626072,0.02660104716463176,1,0,0.004545454545454545,0.0,0.0,0.0010817390129782998,Begil'in Adamları,grup,1
G9_directed,begilin_casusu,1,4.0,0.0,0.0,0.0,0.001876242780019438,4.6380189094232316e-58,0,1,0.0,0.004545454545454545,0.0009331359829326103,0.0,Begilin Casusu,kişi,1
G9_directed,begilin_hismi_ve_kavmi,1,1.0,0.0,0.0,23.288492063492054,0.002293266723221649,0.008867015721543919,1,0,0.004545454545454545,0.0,0.0,0.0003605796709927664,Begilin Hısmı ve Kavmi,grup,1
G9_directed,beyrekin_40_adami,1,2.0,0.0,0.0,28.014682539682514,0.0024053660765531244,0.021200147510177732,1,0,0.004545454545454545,0.0,0.0,0.0013479486188000592,Beyrek'in 40 Adamı,grup,1
G9_directed,beyler_ev_yagmasi_boyu,1,3.0,0.0,0.0,34.2845238095238,0.0026785525828163866,0.07481793160467885,1,0,0.004545454545454545,0.0,0.0,0.01506493736949048,Beyler (Ev Yağması Boyu),grup,1
G9_directed,beyler_uruz_tutsak_boyu,1,5.0,0.0,0.0,34.2845238095238,0.0032134257846810187,0.12469655267446476,1,0,0.004545454545454545,0.0,0.0,0.0251082289491508,Beyler (Uruz Tutsak Boyu),grup,1
G9_directed,beyler_ve_beyrek,1,3.0,0.0,0.0,34.2845238095238,0.0026785525828163866,0.07481793160467885,1,0,0.004545454545454545,0.0,0.0,0.01506493736949048,Beyler ve Beyrek,grup,1
G9_directed,beyrekin_adamlari,1,1.0,0.0,0.0,28.014682539682514,0.002140804428286281,0.010600073755088866,1,0,0.004545454545454545,0.0,0.0,0.0006739743094000296,Beyrek'in Adamları,grup,1
G9_directed,beyrek_in_40_yoldaslari,1,3.0,0.0,0.0,28.014682539682514,0.0026699277248199674,0.031800221265266604,1,0,0.004545454545454545,0.0,0.0,0.0020219229282000865,Beyrek'in 40 Yoldaşları,grup,1
G9_directed,beyrekin_40_yigidi,1,5.0,0.0,0.0,28.014682539682514,0.0031990510213536537,0.053000368775444326,1,0,0.004545454545454545,0.0,0.0,0.003369871547000144,Beyrek'in 40 Yiğidi,grup,2
G9_directed,beyrekin_buyuk_kiz_kardesi,1,6.0,0.0,0.0,28.014682539682514,0.0034636126696204967,0.06360044253053321,1,0,0.004545454545454545,0.0,0.0,0.004043845856400173,Beyrek'in Büyük Kız Kardeşi,kişi,1
G9_directed,beyrekin_yoldaslari,1,3.0,0.0,0.0,0.0,0.001876242780019438,4.6380189094232316e-58,0,1,0.0,0.004545454545454545,0.011392401913184387,0.0,Beyrek'in Yoldaşları,grup,1
G9_directed,beyrekin_kucuk_kiz_kardesi,1,2.0,0.0,0.0,28.014682539682514,0.0024053660765531244,0.021200147510177732,1,0,0.004545454545454545,0.0,0.0,0.0013479486188000592,Beyrek'in Küçük Kız Kardeşi,kişi,1
G9_directed,bogazca_fatma,1,1.0,0.0,0.0,0.0,0.001876242780019438,4.6380189094232316e-58,0,1,0.0,0.004545454545454545,0.00015721465979770473,0.0,Boğazça Fatma,kişi,1
G9_directed,bogacin_40_adami,1,2.0,0.0,0.0,3.0833333333333335,0.003570523414961609,6.340876636784595e-32,1,0,0.004545454545454545,0.0,0.0,9.548332795189051e-19,Boğaç'ın 40 Adamı,grup,1
G9_directed,bayat_boyu,1,2.0,0.0,0.0,23.855158730158717,0.0027794236251526866,0.00978609850116385,1,0,0.004545454545454545,0.0,0.0,0.0006354065127047581,Bayat Boyu,grup,1
G9_directed,bamsinin_haberi_gelince_siyah_giyme_yas_tutma,1,1.0,0.0,0.0,1.0,0.0034711405167307564,2.040728320146223e-56,1,0,0.004545454545454545,0.0,0.0,-2.1099098423473972e-19,Bamsı'nın Haberi Gelince Siyah Giyme Yas Tutma,kişi,1
G9_directed,bayburd_hisarindaki_kafirler,1,4.0,0.0,0.0,0.0,0.001876242780019438,4.6380189094232316e-58,0,1,0.0,0.004545454545454545,0.015189869217579182,0.0,Bayburd Hisarındaki Kafirler,grup,1
G9_directed,bayindir_hanin_adamlari,1,2.0,0.0,0.0,2.333333333333333,0.002757832772302326,2.744183984398033e-32,1,0,0.004545454545454545,0.0,0.0,2.578057362176688e-07,Bayındır Han'ın Adamları,grup,1
G9_directed,40_askeri,1,3.0,0.0,0.0,26.848015873015846,0.002883912294729787,0.03178374777395129,1,0,0.004545454545454545,0.0,0.0,0.0004167344966940171,40 Askeri,grup,1
G9_directed,100_kafir,1,1.0,0.0,0.0,0.0,0.001876242780019438,4.6380189094232316e-58,0,1,0.0,0.004545454545454545,5.114539125667063e-05,0.0,100 Kafir,kişi,2
G9_directed,300_akinci,1,1.0,0.0,0.0,27.264682539682507,0.0035574948811294203,0.0013460424994638362,1,0,0.004545454545454545,0.0,0.0,1.9151550845556706e-05,300 Akıncı,kişi,1
G9_directed,24_sancak_beyi,1,1.0,0.0,0.0,22.19801587301586,0.002214319445568072,0.0023459258005246574,1,0,0.004545454545454545,0.0,0.0,0.00022831450701549317,24 Sancak Beyi,grup,1
G9_directed,askerler,1,3.0,0.0,0.0,26.848015873015846,0.002883912294729787,0.03178374777395129,1,0,0.004545454545454545,0.0,0.0,0.0004167344966940171,Askerler,grup,1
G9_directed,aruzun_habercisi,1,1.0,0.0,0.0,0.0,0.001876242780019438,4.6380189094232316e-58,0,1,0.0,0.004545454545454545,4.07427277654995e-20,0.0,Aruzun Habercisi,kişi,1
G9_directed,aslan_yatagi,1,1.0,0.0,0.0,22.18849206349205,0.003847440247916142,0.0007970207778917616,1,0,0.004545454545454545,0.0,0.0,3.9969957139287535e-19,Aslan Yatağı,nesne/doğa,1
G9_directed,aslan,1,1.0,0.0,0.0,0.0,0.001876242780019438,4.6380189094232316e-58,0,1,0.0,0.004545454545454545,0.001055173362000514,0.0,Aslan,hayvan,2
G9_directed,at_agizli_aruz,1,3.0,0.0,0.0,34.2845238095238,0.0026785525828163866,0.07481793160467885,1,0,0.004545454545454545,0.0,0.0,0.01506493736949048,At Ağızlı Aruz,kişi,1
G9_directed,agac,1,2.0,0.0,0.0,26.848015873015846,0.002548022456493004,0.021189165182634195,1,0,0.004545454545454545,0.0,0.0,0.00027782299779601183,Ağaç,nesne/doğa,1
G9_directed,bamsinin_anne_babasi,1,2.0,0.0,0.0,0.0,0.001876242780019438,4.6380189094232316e-58,0,1,0.0,0.004545454545454545,-8.45083377392395e-20,0.0,Bamsı'nın Anne Babası,grup,1
G9_directed,bamsinin_haberi_gelince,1,2.0,0.0,0.0,1.0,0.0034711405167307564,4.035076451198212e-56,1,0,0.004545454545454545,0.0,0.0,-4.221174735426068e-19,Bamsı'nın Haberi Gelince,kişi,1
G9_directed,alti_bey_oglu,1,3.0,0.0,0.0,34.2845238095238,0.0026785525828163866,0.07481793160467885,1,0,0.004545454545454545,0.0,0.0,0.01506493736949048,Altı Bey Oğlu,kişi,1
G9_directed,ak_saka_kalesi_casuslari,1,2.0,0.0,0.0,0.0,0.001876242780019438,4.6380189094232316e-58,0,1,0.0,0.004545454545454545,-2.578901060995011e-19,0.0,Ak Saka Kalesi Casusları,grup,1
G9_directed,40_yigit,1,1.0,0.0,0.0,1.0,0.0020756049971083525,2.040728320146223e-56,1,0,0.004545454545454545,0.0,0.0,6.182042519298943e-05,40 Yiğit,grup,1
G9_directed,kan_turali_ve_selcen_hatun,1,1.0,0.0,0.0,0.0,0.001876242780019438,4.6380189094232316e-58,0,1,0.0,0.004545454545454545,-6.039925639858052e-19,0.0,Kan Turalı ve Selcen Hatun,grup,1
G9_directed,kapici,1,1.0,0.0,0.0,16.342893217893195,0.0037940045651163354,6.943167053591513e-05,1,0,0.004545454545454545,0.0,0.0,-3.1341861388473483e-19,Kapıcı,kişi,1
G9_directed,kan_turalinin_40_adami,1,2.0,0.0,0.0,3.0833333333333335,0.003615289445276492,7.257675934268243e-24,1,0,0.004545454545454545,0.0,0.0,5.545537652034997e-18,Kan Turalının 40 Adamı,grup,1
G9_directed,kan_turali_ve_adamlari,1,1.0,0.0,0.0,1.0,0.0034711405167307564,2.040728320146223e-56,1,0,0.004545454545454545,0.0,0.0,2.96786286891622e-20,Kan Turalı ve Adamları,grup,1
G9_directed,kafir_eri,1,4.0,0.0,0.0,34.2845238095238,0.002945989183748703,0.09975724213957181,1,0,0.004545454545454545,0.0,0.0,0.02008658315932064,Kafir Eri,kişi,1
G9_directed,kafir_gozcusu,1,1.0,0.0,0.0,0.0,0.001876242780019438,4.6380189094232316e-58,0,1,0.0,0.004545454545454545,4.234970734795262e-20,0.0,Kafir Gözcüsü,kişi,1
G9_directed,imrahor,1,3.0,0.0,0.0,1.0,0.0034711405167307564,6.029424582250199e-56,1,0,0.004545454545454545,0.0,0.0,2.0786149816901334e-18,Imrahor,kişi,1
G9_directed,hizir,1,3.0,0.0,0.0,0.0,0.001876242780019438,4.6380189094232316e-58,0,1,0.0,0.004545454545454545,1.0408519609897084e-05,0.0,Hızır,mitolojik/ilahi,1
G9_directed,eylik_koca_donebilmez_dulek_evren,1,2.0,0.0,0.0,34.2845238095238,0.0024111159818840703,0.049878621069785904,1,0,0.004545454545454545,0.0,0.0,0.01004329157966032,Eylik Koca Dönebilmez Dülek Evren,kişi,1
G9_directed,gelen_diger_dadilar,1,1.0,0.0,0.0,23.948015873015855,0.002763610152336869,0.0018955497311826416,1,0,0.004545454545454545,0.0,0.0,2.4599194376644828e-05,Gelen Diğer Dadılar,grup,1
G9_directed,han_afsar,1,3.0,0.0,0.0,34.2845238095238,0.0026785525828163866,0.07481793160467885,1,0,0.004545454545454545,0.0,0.0,0.01506493736949048,Han Afşar,kişi,1
G9_directed,hekimler,1,4.0,0.0,0.0,3.0833333333333335,0.0052648040499037796,1.268175327356919e-31,1,0,0.004545454545454545,0.0,0.0,1.9096665590378102e-18,Hekimler,grup,1
G9_directed,ense_koca_oglu_okcu,1,1.0,0.0,0.0,25.614682539682512,0.003698485860565327,0.0012741721987543483,1,0,0.004545454545454545,0.0,0.0,-7.027656622290402e-19,Ense Koca Oğlu Okçu,kişi,1
G9_directed,oglunu_veren_kadin,1,1.0,0.0,0.0,0.0,0.001876242780019438,4.6380189094232316e-58,0,1,0.0,0.004545454545454545,0.001055173362000514,0.0,Oğlunu Veren Kadın,kişi,1
G9_directed,oglu_ve_40_adami,1,3.0,0.0,0.0,2.333333333333333,0.0031986277684437694,4.11627597659705e-32,1,0,0.004545454545454545,0.0,0.0,3.8670860432391585e-07,Oğlu ve 40 Adamı,grup,1
G9_directed,ozan,1,3.0,0.0,0.0,28.014682539682514,0.0026699277248199674,0.031800221265266604,1,0,0.004545454545454545,0.0,0.0,0.0020219229282000865,Ozan,kişi,1
G9_directed,oynadigi_oglanlar,1,1.0,0.0,0.0,23.948015873015855,0.002763610152336869,0.0018955497311826416,1,0,0.004545454545454545,0.0,0.0,2.4599194376644828e-05,Oynadığı Oğlanlar,kişi,1
G9_directed,meclis,1,3.0,0.0,0.0,28.114682539682512,0.003204139142368571,0.046803060462934414,1,0,0.004545454545454545,0.0,0.0,0.0005381440175306317,Meclis,grup,1
G9_directed,oba,1,2.0,0.0,0.0,1.0,0.0022749672141972677,4.035076451198212e-56,1,0,0.004545454545454545,0.0,0.0,0.00012364085038597887,Oba,grup,1
G9_directed,kiyan_oglu_deli_dundar,1,3.0,0.0,0.0,34.2845238095238,0.0026785525828163866,0.07481793160467885,1,0,0.004545454545454545,0.0,0.0,0.01506493736949048,Kıyan Oğlu Deli Dündar,kişi,1
G9_directed,kiyan_selcuk_oglu_deli_dundar,1,3.0,0.0,0.0,0.0,0.001876242780019438,4.6380189094232316e-58,0,1,0.0,0.004545454545454545,0.0047706125019038505,0.0,Kıyan Selçuk Oğlu Deli Dündar,kişi,2
G9_directed,kiyan_guci,1,1.0,0.0,0.0,25.614682539682516,0.002649913015030843,0.012741721987543482,1,0,0.004545454545454545,0.0,0.0,5.41523640273721e-05,Kıyan Güci,kişi,1
G9_directed,kurt,1,2.0,0.0,0.0,34.2845238095238,0.0024111159818840703,0.049878621069785904,1,0,0.004545454545454545,0.0,0.0,0.01004329157966032,Kurt,hayvan,1
G9_directed,kara_gone_oglu_kara_budak,1,3.0,0.0,0.0,0.0,0.001876242780019438,4.6380189094232316e-58,0,1,0.0,0.004545454545454545,0.0047706125019038505,0.0,Kara Göne Oğlu Kara Budak,kişi,1
G9_directed,karisina,1,2.0,0.0,0.0,23.155158730158714,0.0043999400896561364,0.00024156491160877593,1,0,0.004545454545454545,0.0,0.0,1.3432632553367471e-05,Karısına,kişi,1
G9_directed,kazanin_adami,1,3.0,0.0,0.0,34.2845238095238,0.0026785525828163866,0.07481793160467885,1,0,0.004545454545454545,0.0,0.0,0.01506493736949048,Kazan'ın Adamı,grup,1
G9_directed,kayin_ata_kayin_anasi,1,1.0,0.0,0.0,1.0,0.0034711405167307564,2.040728320146223e-56,1,0,0.004545454545454545,0.0,0.0,-4.8143671706026835e-19,Kayın Ata - Kayın Anası,kişi,1
G9_directed,kazanin_askerleri,1,3.0,0.0,0.0,34.2845238095238,0.0026785525828163866,0.07481793160467885,1,0,0.004545454545454545,0.0,0.0,0.01506493736949048,Kazanın Askerleri,grup,2
G9_directed,kazanin_kardesi_kara_gone,1,1.0,0.0,0.0,0.0,0.001876242780019438,4.6380189094232316e-58,0,1,0.0,0.004545454545454545,0.0020496223037037454,0.0,Kazan'ın Kardeşi Kara Göne,kişi,2
G9_directed,kara_gone_ve_askerleri,1,4.0,0.0,0.0,25.281349206349184,0.003567082665573005,0.030580132770104365,1,0,0.004545454545454545,0.0,0.0,0.00022979279925743916,Kara Göne ve Askerleri,grup,1
G9_directed,karacuk_cobanin_kara_kopegi,1,2.0,0.0,0.0,34.2845238095238,0.0024111159818840703,0.049878621069785904,1,0,0.004545454545454545,0.0,0.0,0.01004329157966032,Karaçuk Çoban'ın Kara Köpeği,hayvan,1
G9_directed,kafir_beyinin_kizi,1,6.0,0.0,0.0,0.0,0.001876242780019438,4.6380189094232316e-58,0,1,0.0,0.004545454545454545,0.022784803826368775,0.0,Kafir Beyi'nin Kızı,kişi,1
G9_directed,kafir_askeri,1,1.0,0.0,0.0,0.0,0.001876242780019438,4.6380189094232316e-58,0,1,0.0,0.004545454545454545,0.0015902041673012835,0.0,Kafir Askeri,kişi,1
G9_directed,kadinlar,1,3.0,0.0,0.0,0.0,0.001876242780019438,4.6380189094232316e-58,0,1,0.0,0.004545454545454545,-5.633915729694276e-19,0.0,Kadınlar,grup,1
G9_directed,ic_oguz_beyleri_dis_oguz_beyleri_pay_pure_bey_kara_budak_uruz_bey_yigenek_salur_kazan_pay_bicen,1,2.0,0.0,0.0,28.114682539682512,0.002761507021585526,0.031202040308622944,1,0,0.004545454545454545,0.0,0.0,0.0003587626783537545,"Iç Oğuz Beyleri, Dış Oğuz Beyleri, Pay Püre Bey, Kara Budak, Uruz, Bey Yigenek, Salur Kazan, Pay Biçen",grup,1
G9_directed,kafirin_causu,1,1.0,0.0,0.0,0.0,0.001876242780019438,4.6380189094232316e-58,0,1,0.0,0.004545454545454545,1.4508726792298996e-05,0.0,Kafirin Causu,kişi,1
G9_directed,kafir_ordusu,1,1.0,0.0,0.0,1.0,0.0034711405167307564,2.040728320146223e-56,1,0,0.004545454545454545,0.0,0.0,4.2307189915737657e-19,Kafir Ordusu,kişi,1
G9_directed,kalenin_sigir_cobani,1,2.0,0.0,0.0,0.0,0.001876242780019438,4.6380189094232316e-58,0,1,0.0,0.004545454545454545,0.001040122297499156,0.0,Kalenin Sığır Çobanı,kişi,1
G9_directed,kafirlere,1,1.0,0.0,0.0,16.476226551226535,0.0021816706240725516,0.0006080898620212293,1,0,0.004545454545454545,0.0,0.0,1.7700738463162957e-05,Kafirlere,grup,1
G9_directed,kafirler_uruz_tutsak_boyu,1,1.0,0.0,0.0,0.0,0.001876242780019438,4.6380189094232316e-58,0,1,0.0,0.004545454545454545,1.9272634997378182e-20,0.0,Kafirler (Uruz Tutsak Boyu),grup,1
G9_directed,kafirler_ev_yagmasi_boyu,1,3.0,0.0,0.0,26.114682539682512,0.006126207208702992,0.017326047346401856,1,0,0.004545454545454545,0.0,0.0,-5.815528364515442e-18,Kafirler (Ev Yağması Boyu),grup,1
G9_directed,oguz_hanin_likcisi,1,2.0,0.0,0.0,0.0,0.001876242780019438,4.6380189094232316e-58,0,1,0.0,0.004545454545454545,3.84184657731225e-20,0.0,Oğuz Han'ın Lıkçısı,kişi,1
G9_directed,segerk,1,1.0,0.0,0.0,19.933766233766228,0.007722946661762881,5.308861927795115e-05,1,0,0.004545454545454545,0.0,0.0,4.0532348690145983e-19,Segerk,kişi,1
G9_directed,peri,1,2.0,0.0,0.0,1.5,0.004374981217428926,1.715603194595654e-54,1,0,0.004545454545454545,0.0,0.0,-1.5564969440208727e-18,Peri,kişi,1
G9_directed,saht_oldu,1,1.0,0.0,0.0,24.68849206349205,0.0024906611461382204,0.0051629398642258776,1,0,0.004545454545454545,0.0,0.0,0.00036484774317160966,Saht Oldu,kişi,1
G9_directed,tekfurun_askerleri,1,3.0,0.0,0.0,26.90952380952379,0.0041621263855379466,0.005441595661756449,1,0,0.004545454545454545,0.0,0.0,0.00040247271872239065,Tekfurun Askerleri,grup,2
G9_directed,tekfur_ve_100_kafir,1,1.0,0.0,0.0,0.0,0.001876242780019438,4.6380189094232316e-58,0,1,0.0,0.004545454545454545,2.9708454803494954e-21,0.0,Tekfur ve 100 Kafir,grup,1
G9_directed,segrekin_karisi,1,1.0,0.0,0.0,0.0,0.001876242780019438,4.6380189094232316e-58,0,1,0.0,0.004545454545454545,-4.81920546239757e-20,0.0,Segrekin Karısı,kişi,1
G9_directed,tatyan_kalesi_casuslari,1,2.0,0.0,0.0,0.0,0.001876242780019438,4.6380189094232316e-58,0,1,0.0,0.004545454545454545,-2.578901060995011e-19,0.0,Tatyan Kalesi Casusları,grup,1
G9_directed,su,1,2.0,0.0,0.0,34.2845238095238,0.0024111159818840703,0.049878621069785904,1,0,0.004545454545454545,0.0,0.0,0.01004329157966032,Su,nesne/doğa,1
G9_directed,serhat_beylerinden_ulak,1,2.0,0.0,0.0,0.0,0.001876242780019438,4.6380189094232316e-58,0,1,0.0,0.004545454545454545,0.003180408334602567,0.0,Serhat Beylerinden Ulak,grup,1
G9_directed,pay_purenin_oglu,1,3.0,0.0,0.0,0.0,0.001876242780019438,4.6380189094232316e-58,0,1,0.0,0.004545454545454545,6.242111778563314e-19,0.0,Pay Püre'nin Oğlu,kişi,1
G9_directed,oguz_askerleri,1,1.0,0.0,0.0,34.2845238095238,0.0021436793809517544,0.024939310534892952,1,0,0.004545454545454545,0.0,0.0,0.00502164578983016,Oğuz Askerleri,grup,1
G9_directed,pay_pure_beyin_ordusu,1,1.0,0.0,0.0,0.0,0.001876242780019438,4.6380189094232316e-58,0,1,0.0,0.004545454545454545,-2.1120302372230756e-20,0.0,Pay Püre Bey'in Ordusu,grup,1
G9_directed,pay_picen_bey,1,3.0,0.0,0.0,0.0,0.001876242780019438,4.6380189094232316e-58,0,1,0.0,0.004545454545454545,0.00551027743454445,0.0,Pay Piçen Bey,kişi,1
G9_directed,oguz_han,1,2.0,0.0,0.0,1.0,0.0034711405167307564,4.035076451198212e-56,1,0,0.004545454545454545,0.0,0.0,1.918994757602899e-19,Oğuz Han,kişi,1
G9_directed,tepegozden_sikayetci_olan_ana_babalar,1,1.0,0.0,0.0,0.0,0.001876242780019438,4.6380189094232316e-58,0,1,0.0,0.004545454545454545,0.00016694269267155954,0.0,Tepegözden Şikayetçi Olan Ana Babalar,mitolojik/ilahi,1
G9_directed,turkistan,1,9.0,0.0,0.0,34.2845238095238,0.004283172188410284,0.22445379481403657,1,0,0.004545454545454545,0.0,0.0,0.04519481210847145,Türkistan,yer/coğrafya,2
G9_directed,trabzon_tekfuru,1,3.0,0.0,0.0,0.0,0.001876242780019438,4.6380189094232316e-58,0,1,0.0,0.004545454545454545,0.0047706125019038505,0.0,Trabzon Tekfuru,kişi,2
G9_directed,tepegozun_peri_annesi,1,1.0,0.0,0.0,0.0,0.001876242780019438,4.6380189094232316e-58,0,1,0.0,0.004545454545454545,0.00018854606757701448,0.0,Tepegözün Peri Annesi,mitolojik/ilahi,1
G9_directed,tekfurun_kardesinin_oglu,1,3.0,0.0,0.0,0.0,0.001876242780019438,4.6380189094232316e-58,0,1,0.0,0.004545454545454545,2.205781307216089e-18,0.0,Tekfurun Kardeşinin Oğlu,kişi,1
G9_directed,usun_koca_ve_karisi,1,1.0,0.0,0.0,34.2845238095238,0.0021436793809517544,0.024939310534892952,1,0,0.004545454545454545,0.0,0.0,0.00502164578983016,Uşun Koca ve Karısı,grup,1
G9_directed,uruz_ve_300_asker,1,3.0,0.0,0.0,34.2845238095238,0.0026785525828163866,0.07481793160467885,1,0,0.004545454545454545,0.0,0.0,0.01506493736949048,Uruz ve 300 Asker,grup,1
G9_directed,uruzun_40_adamini_sehit_ettiler,1,1.0,0.0,0.0,1.0,0.0034711405167307564,2.040728320146223e-56,1,0,0.004545454545454545,0.0,0.0,1.9253286033632762e-19,Uruzun 40 Adamını Şehit Ettiler,grup,1
G9_directed,uruzun_annesi,1,2.0,0.0,0.0,0.0,0.001876242780019438,4.6380189094232316e-58,0,1,0.0,0.004545454545454545,0.0075426077808127805,0.0,Uruzun Annesi,kişi,1
G9_directed,yoldaslari,1,2.0,0.0,0.0,22.19801587301586,0.002552396111116707,0.004691851601049315,1,0,0.004545454545454545,0.0,0.0,0.00045662901403098634,Yoldaşları,grup,1
G9_directed,yarar_kocalar,1,1.0,0.0,0.0,21.855158730158717,0.0032381412451531755,0.0023910623336752847,1,0,0.004545454545454545,0.0,0.0,5.603974848098614e-05,Yarar Kocalar,grup,1
G9_directed,yigenek_ve_sancak_beyleri,1,1.0,0.0,0.0,18.54805194805193,0.005296698155406206,0.00012013614609531804,1,0,0.004545454545454545,0.0,0.0,-5.568146110670441e-19,Yigenek ve Sancak Beyleri,grup,1
G9_directed,yigit,1,1.0,0.0,0.0,0.0,0.001876242780019438,4.6380189094232316e-58,0,1,0.0,0.004545454545454545,1.4231772808147752e-05,0.0,Yiğit,grup,1
G9_directed,cekisen_oksuzle_diger_cocugu_ayirig_tokat_atti,1,1.0,0.0,0.0,23.155158730158714,0.0031380914348377873,0.00012078245580438796,1,0,0.004545454545454545,0.0,0.0,6.716316276683711e-06,Çekişen Öksüzle Diğer Çocuğu Ayırığ Tokat Attı,kişi,1
G9_directed,zindanci,1,3.0,0.0,0.0,25.281349206349184,0.003105995834647714,0.007645033192526091,1,0,0.004545454545454545,0.0,0.0,7.559819397795072e-05,Zindancı,kişi,1
G9_directed,yurt,1,2.0,0.0,0.0,34.2845238095238,0.0024111159818840703,0.049878621069785904,1,0,0.004545454545454545,0.0,0.0,0.010043291579660319,Yurt,nesne/doğa,1
G9_directed,coban,1,1.0,0.0,0.0,1.0,0.002407875358923211,2.040728320146223e-56,1,0,0.004545454545454545,0.0,0.0,1.5521603183013396e-19,Çoban,kişi,1
G9_directed,cobanlar,1,2.0,0.0,0.0,28.014682539682514,0.0024053660765531244,0.021200147510177732,1,0,0.004545454545454545,0.0,0.0,0.0013479486188000588,Çobanlar,kişi,1
G9_directed,ic_oguz,1,3.0,0.0,0.0,0.0,0.001876242780019438,4.6380189094232316e-58,0,1,0.0,0.004545454545454545,0.0047706125019038505,0.0,İç Oğuz,grup,1
G9_directed,ic_oguz_beyleri,1,6.0,0.0,0.0,34.2845238095238,0.0034808623856133346,0.1496358632093577,1,0,0.004545454545454545,0.0,0.0,0.030129874738980957,İç Oğuz Beyleri,grup,2
G9_directed,sir_semseddin,1,2.0,0.0,0.0,28.014682539682514,0.0024053660765531244,0.021200147510177732,1,0,0.004545454545454545,0.0,0.0,0.0013479486188000588,Şir Şemseddin,kişi,1
