network,node_id,degree,strength_weighted_degree,betweenness,betweenness_hop,harmonic_centrality,pagerank,eigenvector_centrality,canonical_name,node_type,story_count
G0_full,salur_kazan,72,436.0,0.5979764763197272,0.4606318202877283,147.41666666666666,0.09211601433929359,0.6620424327772173,Salur Kazan,kişi,9
G0_full,bamsi_beyrek,33,175.0,0.19120993840693182,0.16524507689325485,119.16666666666659,0.03770136704175232,0.37805548263554967,Bamsı Beyrek,kişi,4
G0_full,tepegoz,19,106.0,0.06940181647353585,0.06233275835530766,91.70952380952376,0.02274335541719798,0.030592377830357037,Tepegöz,mitolojik/ilahi,1
G0_full,bayindir_han,16,96.0,0.19135609145004698,0.07003094516973564,106.91666666666656,0.018115510576828173,0.21403073237984127,Bayındır Han,kişi,7
G0_full,segrek,13,54.0,0.043637122872951246,0.052687686221979974,81.652380952381,0.015816546623540796,0.002387689032105015,Segrek,kişi,1
G0_full,aruz,12,47.0,0.04447924278804329,0.05392427500229106,108.86666666666656,0.009973401014272982,0.09207324302151461,Aruz,kişi,2
G0_full,uruz,12,92.0,0.10556425514145526,0.04991958268500704,105.28333333333326,0.018989113926066774,0.3541480539408074,Uruz,kişi,4
G0_full,basat,12,79.0,0.049232696523645474,0.07195186678439514,105.78333333333319,0.016049621298053148,0.04922603364791291,Basat,kişi,2
G0_full,dede_korkut,10,71.0,0.0903434596513206,0.04346565956197222,103.79999999999988,0.011950809865814266,0.0669516052754838,Dede Korkut,kişi,5
G0_full,kafirler_ev_yagmasi_boyu,10,48.0,0.055976615513101576,0.058406285575092344,90.58333333333327,0.012461508380079367,0.02716487187768906,Kafirler (Ev Yağması Boyu),grup,1
G0_full,yigenek,9,37.0,0.029836099801649443,0.03525033899537328,91.9833333333333,0.007724091809038788,0.04108330930778731,Yigenek,kişi,2
G0_full,kara_budak,8,41.0,0.016160350767303475,0.019954505759721127,101.98333333333326,0.008620336589268624,0.12655841238820717,Kara Budak,kişi,5
G0_full,tekfur_uruz_kurtarma_boyu,8,23.0,0.015304311514771896,0.01965105610423493,95.03333333333326,0.005538103439923679,0.0392557019006963,Tekfur (Uruz Kurtarma Boyu),kişi,1
G0_full,kan_turali,8,74.0,0.035786616557051884,0.028169930254177036,66.41309523809532,0.013550690735040364,0.0006402754622160304,Kan Turalı,kişi,1
G0_full,tanri,7,42.0,0.047332706963148556,0.05277817418627091,96.86666666666662,0.008468266043499751,0.0610990456763626,Tanrı,mitolojik/ilahi,4
G0_full,egrek,7,33.0,0.053032675644639315,0.0796497043224259,97.94999999999993,0.009527470182356565,0.016955852515516328,Egrek,kişi,1
G0_full,burla_hatun,7,31.0,0.07614573546299196,0.08209349209992052,102.38333333333325,0.006580470923606918,0.09235769691193445,Burla Hatun,kişi,3
G0_full,begil,7,55.0,0.05775133103664266,0.03412267048815751,82.80952380952384,0.011664970911271982,0.0395227638786512,Begil,kişi,1
G0_full,sokli_melik,7,34.0,0.02150537634408602,0.0341893725858649,96.73333333333326,0.008284525796234232,0.07001564137043045,Şökli Melik,kişi,2
G0_full,aruz_koca,6,24.0,0.020962522183944045,0.029588019124670017,88.25952380952374,0.005924924522590093,0.01191610489448459,Aruz Koca,kişi,2
G0_full,600_kafir,6,32.0,0.056916170790270386,0.013062966774210108,73.44523809523822,0.007309271495658674,0.009671795645736453,600 Kafir,kişi,3
G0_full,dirse_han,6,36.0,0.03200751644221735,0.013613112015868045,52.806349206349296,0.009156375717311538,2.227972224148684e-05,Dirse Han,kişi,1
G0_full,banu_cicek,6,25.0,0.010794446184361624,0.01684781690105836,83.25952380952387,0.00618236699041064,0.07310449238321656,Banu Çiçek,kişi,1
G0_full,tekfur_begil_boyu,6,25.0,0.010898841215158158,0.012179149856882392,76.352380952381,0.005816100464256525,0.009123622845133236,Tekfur (Begil Boyu),kişi,1
G0_full,arsin_oglu_direk_tekfur,6,27.0,0.010982357239795385,0.006868209018884014,74.00238095238107,0.0062896680101165135,0.007871979419990587,Arşın Oğlu Direk Tekfur,kişi,1
G0_full,emen,6,16.0,0.0,0.010258672438440683,82.04285714285713,0.0035576747304665447,0.008213401876990442,Emen,kişi,3
G0_full,kafirler_uruz_tutsak_boyu,5,26.0,0.016160350767303475,0.016160350767303475,93.39999999999996,0.006315571812125952,0.1035449082015722,Kafirler (Uruz Tutsak Boyu),grup,1
G0_full,tekfur_kan_turali_boyu,5,46.0,0.04635139367366113,0.013743229644131287,68.69523809523817,0.00820879102900459,0.0016087695204768028,Tekfur (Kan Turalı Boyu),kişi,1
G0_full,beyler_bamsi_beyrek_boyu,5,14.0,0.005407662595260466,0.00720380598395006,99.3166666666666,0.003309625802866174,0.04452221561654591,Beyler (Bamsı Beyrek Boyu),grup,1
G0_full,karacuk_coban,5,24.0,0.060298569788078085,0.025875020920432774,94.93333333333327,0.005109333451624704,0.08474598169158512,Karaçuk Çoban,kişi,1
G0_full,deli_dumrul,5,23.0,0.016097713748825557,0.01344607996659359,71.54523809523825,0.005491104576433291,0.006862985511687489,Deli Dumrul,kişi,1
G0_full,bogac,5,17.0,0.016160350767303475,0.016160350767303475,51.97301587301596,0.005627775931111995,1.6368291387181e-05,Boğaç,kişi,1
G0_full,oguz_beyleri,5,17.0,0.010794446184361624,0.011792363254937632,80.67619047619048,0.004311674770020367,0.003790502794173147,Oğuz Beyleri,grup,2
G0_full,kafir,5,32.0,0.0226746006890072,0.004796570540385134,80.06666666666669,0.0065411216238104655,0.06282057122788644,Kafir,kişi,5
G0_full,dirse_hanin_40_adami,5,32.0,0.010794446184361624,0.013404321954274977,51.806349206349296,0.0080037106347047,1.4097764995535562e-05,Dirse Han'ın 40 Adamı,grup,1
G0_full,300_kafir,5,29.0,0.02150537634408602,0.02150537634408602,72.27857142857155,0.008846555982973311,0.002730552542491567,300 Kafir,kişi,2
G0_full,emren,5,41.0,0.02229877857813968,0.007508336914851162,77.18571428571434,0.008663392677486201,0.013590264090939988,Emren,kişi,1
G0_full,dumrul,5,23.0,0.010794446184361624,0.01344607996659359,71.54523809523823,0.005488518929667549,0.0028997053477931227,Dumrul,kişi,1
G0_full,kilbas,4,15.0,0.0,0.0036724776655875932,93.19999999999995,0.003218310724427972,0.055287240442642875,Kılbaş,kişi,1
G0_full,kara_gone,4,16.0,0.0,0.0003575132920576076,94.16666666666657,0.003366033208409113,0.052796104143030806,Kara Göne,kişi,4
G0_full,kazilik_koca,4,25.0,0.008998851654661239,0.007170402065485061,80.30952380952385,0.005445504852222337,0.016481550477910813,Kazılık Koca,kişi,1
G0_full,dirse_hanin_karisi,4,17.0,0.05718759787034137,0.05731287190729721,61.57976190476196,0.004457015788943962,0.0002527946128884832,Dirse Han'ın Karısı,kişi,1
G0_full,selcen_hatun,4,26.0,0.011024115252113999,0.018134377678116452,71.41190476190492,0.005552069242674226,0.0015938064895157891,Selcen Hatun,kişi,1
G0_full,tekfurun_askerleri,4,18.0,0.00033406409854890907,0.009310984511422971,93.11666666666662,0.004031123003813346,0.04418961408917514,Tekfurun Askerleri,grup,2
G0_full,bezirganlar,4,26.0,0.02138010230713018,0.01610815325190521,81.71666666666668,0.005629477417244238,0.05120111756945282,Bezirganlar,grup,1
G0_full,pay_pure,4,19.0,0.0,0.00764867592302607,99.31666666666659,0.0037055658011411426,0.07743702641649491,Pay Püre,kişi,1
G0_full,dis_oguz_beyleri,3,23.0,0.0,0.0,97.98333333333326,0.004629381153982665,0.08526930367108762,Dış Oğuz Beyleri,grup,1
G0_full,cevresindekiler,3,16.0,0.012214218603194488,0.013801740573296778,81.18333333333337,0.003082600037673137,0.006972591165842129,Çevresindekiler,grup,4
G0_full,yalanci_oglu_yaltacuk,3,23.0,0.0,0.0010340079240799566,83.61666666666669,0.004641052404001951,0.08217927220679329,Yalançı Oğlu Yaltaçuk,kişi,1
G0_full,tekfurun_karisi,3,12.0,0.005407662595260466,0.005407662595260466,91.44999999999996,0.003092050222995896,0.0654233185821323,Tekfurun Karısı,kişi,1
G0_full,azrail,3,24.0,0.016035076730347635,6.263701847792045e-05,70.87857142857158,0.004973575207048522,0.009744748766697398,Azrail,mitolojik/ilahi,1
G0_full,usun_koca,3,3.0,0.005407662595260466,0.005407662595260466,62.01785714285721,0.0019082341562702625,3.572122434220106e-05,Uşun Koca,kişi,1
G0_full,pay_pure_bey,3,14.0,0.0002505480739116818,0.0030668774452050377,82.18333333333335,0.003156984819655175,0.019044352462840967,Pay Püre Bey,kişi,1
G0_full,anne_ve_babasi,3,5.0,0.0,0.011910031368221158,79.93571428571433,0.0014354541937513124,0.0015677600625418004,Anne ve Babası,grup,3
G0_full,deli_dundar,3,20.0,0.00010439503079653408,0.00010439503079653408,3.5,0.005993548780270454,1.3095624507022731e-82,Deli Dündar,kişi,3
G0_full,alp_rustem,3,12.0,0.010794446184361624,0.010794446184361624,90.89999999999996,0.0037254691103888004,0.04883110426906474,Alp Rüstem,kişi,3
G0_full,haberci,3,5.0,0.009896648919511431,0.0018213453039635317,64.0345238095239,0.001810552323181061,0.0005289672246580735,Haberci,kişi,2
G0_full,kafirler_uruz_kurtarma_boyu,3,18.0,0.010794446184361624,0.010794446184361624,90.89999999999996,0.00456882880418916,0.07341243432589459,Kafirler (Uruz Kurtarma Boyu),grup,1
G0_full,alp_eren,3,15.0,0.010794446184361624,0.010794446184361624,66.7785714285715,0.004640949486294923,0.0016757565450750713,Alp Eren,kişi,1
G0_full,beyler_basat_boyu,2,2.0,0.005407662595260466,0.005407662595260466,74.26904761904771,0.0016480470742526786,0.0026214945207330476,Beyler (Basat Boyu),grup,1
G0_full,peri_kizi,2,3.0,4.1758012318613634e-05,4.1758012318613634e-05,2.5,0.0038886798746727174,7.14443902136625e-138,Peri Kızı,mitolojik/ilahi,1
G0_full,ustalar,2,6.0,0.0,0.0,90.06666666666662,0.001552227747220562,0.029721548683897762,Ustalar,grup,1
G0_full,100_kafir,2,6.0,0.0,0.002981906217108221,66.54047619047628,0.0019141789406736413,0.00024677428139192745,100 Kafir,kişi,2
G0_full,aslan,2,6.0,0.0,0.017901398339939884,76.53571428571436,0.0014326034686607772,0.0006420339320180419,Aslan,hayvan,2
G0_full,begilin_karisi,2,10.0,0.010773567178202317,0.010773567178202317,62.42142857142865,0.0028602439270712376,0.004356295717445249,Begilin Karısı,kişi,1
G0_full,beyler_begil_boyu,2,5.0,0.0,0.0,92.83333333333329,0.0013610054232008812,0.035048245715142194,Beyler (Begil Boyu),grup,1
G0_full,sari_coban,2,4.0,4.1758012318613634e-05,4.1758012318613634e-05,2.5,0.004846760423505114,9.2107493955741e-138,Sarı Çoban,kişi,1
G0_full,beyrekin_40_yigidi,2,10.0,0.005407662595260466,0.005407662595260466,79.24285714285718,0.002847040482259453,0.023236045868429322,Beyrek'in 40 Yiğidi,grup,2
G0_full,beyler_uruz_kurtarma_boyu,2,6.0,0.0,0.0,90.7833333333333,0.0016351443168916313,0.025762558100722678,Beyler (Uruz Kurtarma Boyu),grup,1
G0_full,ters_uzamis,2,4.0,0.0,0.0007448324141089566,73.04523809523819,0.0014088944192502974,0.0007235275430316398,Ters Uzamış,kişi,2
G0_full,tekfurun_adamlari,2,13.0,0.0016494414865852384,0.0024090479007484954,71.0619047619049,0.0027200946767704966,0.002561275522568252,Tekfurun Adamları,grup,2
G0_full,tekfurun_casusu,2,2.0,0.0,0.0026893409104495856,68.94523809523825,0.0010125727306551724,0.0004812451605378533,Tekfurun Casusu,kişi,2
G0_full,trabzon_tekfuru,2,8.0,0.012088944566238647,0.021853624641960973,91.8666666666666,0.0019291414398360115,0.024417939486473684,Trabzon Tekfuru,kişi,2
G0_full,tekfur_uruz_tutsak_boyu,2,4.0,2.0879006159306817e-05,2.0879006159306817e-05,2.0,0.004702378072142583,7.491056330866914e-139,Tekfur (Uruz Tutsak Boyu),kişi,1
G0_full,tekfurun_beyleri,2,12.0,0.0,0.0,90.78333333333329,0.0027377069509657596,0.0667772217787859,Tekfurun Beyleri,grup,1
G0_full,tekfur_segrek_boyu,2,8.0,0.00039670111702682953,0.00026933917945505797,56.97857142857147,0.0030598311904881706,4.179738801400927e-05,Tekfur (Segrek Boyu),kişi,1
G0_full,annesi,2,8.0,0.044159098026933914,0.007873100383278901,77.59285714285721,0.002105212860607366,0.021772865783578964,Annesi,kişi,2
G0_full,pay_purenin_oglu,2,8.0,0.005407662595260466,0.005407662595260466,50.432142857142935,0.0029574833949460497,0.00019293531463016522,Pay Püre'nin Oğlu,kişi,1
G0_full,kan_turalinin_anne_babasi,2,6.0,0.0,0.00020531022723318368,56.60476190476196,0.0016289804480001952,0.00010484884075689242,Kan Turalının Anne Babası,grup,1
G0_full,kan_turali_ve_selcen_hatun,2,6.0,0.0,0.00034450360162856247,57.32619047619052,0.0016834971187688684,0.0005934438723658038,Kan Turalı ve Selcen Hatun,grup,1
G0_full,kocalar,2,11.0,0.0,0.0,76.28571428571435,0.0024108917451604018,0.00594649185195651,Kocalar,grup,1
G0_full,kazanin_kardesi_kara_gone,2,6.0,0.0,0.00015137279465497443,74.33571428571439,0.0015765412641935569,0.002550146982862418,Kazan'ın Kardeşi Kara Göne,kişi,2
G0_full,kazanin_askerleri,2,8.0,0.0,0.0,90.39999999999996,0.001972794314343273,0.027026163031103147,Kazanın Askerleri,grup,2
G0_full,kara_tekfur,2,10.0,6.263701847792045e-05,6.263701847792045e-05,3.0,0.0033844771381994843,6.27593886841585e-83,Kara Tekfur,kişi,2
G0_full,oguz_askerleri,2,6.0,0.0,0.001268250488419608,91.14999999999995,0.0015306449791986474,0.01195300561898529,Oğuz Askerleri,grup,1
G0_full,kiyan_selcuk_oglu_deli_dundar,2,8.0,0.0,0.0037184917128708617,91.14999999999995,0.002010984066967313,0.024802336393597645,Kıyan Selçuk Oğlu Deli Dündar,kişi,2
G0_full,lala_kilbas,2,21.0,0.0,0.0,90.06666666666662,0.004374299323615541,0.1470140755815947,Lala Kılbaş,kişi,1
G0_full,nesne,2,3.0,0.005407662595260466,0.005407662595260466,65.27142857142866,0.0017281769464121627,0.00029187946227682407,Nesne,kişi,1
G0_full,kiyan_guci,2,6.0,0.0,0.0,69.97857142857158,0.0016338131608453215,0.001629992412805666,Kıyan Güci,kişi,1
G0_full,bogac_han,2,9.0,0.0,0.0,43.44087301587305,0.0024136891436891336,2.0546811850507295e-06,Boğaç Han,kişi,1
G0_full,kisirca_yenge,2,10.0,0.010773567178202317,0.005104917005950517,79.40952380952386,0.002617343124766338,0.032454495920713054,Kısırca Yenge,kişi,1
G0_full,bogazca_fatma,2,6.0,0.0,0.000281866583150642,62.66071428571434,0.002089647601587507,0.0009718225252855467,Boğazça Fatma,kişi,1
G0_full,beyrekin_anne_babasi,2,2.0,0.0,0.003347600654208857,91.06666666666662,0.0008720740724158859,0.009001962651807013,Beyrek'in Anne Babası,grup,2
G0_full,oguz,2,24.0,0.0,0.0,76.85952380952389,0.004505513399387217,0.012998136560570561,Oğuz,grup,1
G0_full,oguz_han,2,7.0,0.005407662595260466,0.005407662595260466,75.64285714285721,0.0022608596005288476,0.00564096512284044,Oğuz Han,kişi,1
G0_full,karavas,2,2.0,0.005407662595260466,0.005407662595260466,50.57460317460323,0.0017775587374725382,5.335715067326638e-05,Karavaş,kişi,1
G0_full,direk_tekfur,2,10.0,0.005407662595260466,0.005407662595260466,66.97380952380962,0.002785772284955792,0.002524823927691297,Direk Tekfur,kişi,1
G0_full,kadinlar,2,8.0,0.005407662595260466,2.0879006159306817e-05,61.16785714285723,0.0026298597619953588,0.0012517364261697404,Kadınlar,grup,1
G0_full,kafirler_segrek_boyu,2,9.0,0.005762605699968682,0.0029459028519473237,70.52857142857155,0.0032529033901131463,0.0004188804442197131,Kafirler (Segrek Boyu),grup,1
G0_full,evnuk_kalesi_kafirleri,2,10.0,0.010773567178202317,0.010773567178202317,62.1095238095239,0.0029733975552782735,0.003146649898819959,Evnük Kalesi Kafirleri,grup,1
G0_full,duha_koca,2,10.0,0.0,6.263701847792045e-05,56.35238095238101,0.002511078177808384,0.0005977322473043704,Duha Koca,kişi,1
G0_full,deli_karcar,2,32.0,0.0,0.0,77.25952380952388,0.005112600470022872,0.03163973118579075,Deli Karçar,kişi,1
G0_full,demir_guci,2,6.0,0.0,0.0,69.97857142857158,0.0016338131608453215,0.001629992412805666,Demir Güci,kişi,1
G0_full,dis_oguz_beyleri_ve_deli_dundar,2,10.0,0.005407662595260466,0.005407662595260466,66.11190476190484,0.0031241798098075235,0.0016694505808702313,Dış Oğuz Beyleri ve Deli Dündar,grup,2
G0_full,duzen_oglu_alp_rustem,2,8.0,0.0,0.0076454310904671,93.86666666666663,0.0019328814215851667,0.026193440043620373,Düzen Oğlu Alp Rüstem,kişi,2
G0_full,donebilmez_dulek_evren,2,12.0,0.012402129658628249,0.0037184917128708617,91.14999999999996,0.002729270299590961,0.057229480704753304,Dönebilmez Dülek Evren,kişi,2
G0_full,40_ince_belli_kiz,2,9.0,0.062135922330097085,0.062135922330097085,74.60952380952394,0.002233571245730307,0.00679534904049255,40 Ince Belli Kız,kişi,3
G0_full,300_asker,2,6.0,0.0,0.004347357065803663,91.69999999999996,0.0015598299487213742,0.024819649463566358,300 Asker,grup,2
G0_full,24_sancak_beyi,2,6.0,0.0,0.0005016429789370594,67.97380952380959,0.0016497020449414866,0.0009850498593163464,24 Sancak Beyi,grup,1
G0_full,300_akinci,1,1.0,0.0,0.0,69.61190476190491,0.0007281745394552272,0.00020764867214263523,300 Akıncı,kişi,1
G0_full,40_askeri,1,3.0,0.0,0.0,73.1261904761906,0.001008623152599856,0.01301109007842363,40 Askeri,grup,1
G0_full,40_yigit,1,1.0,0.0,0.0,55.18571428571434,0.0006852404954065382,8.403863183950862e-05,40 Yiğit,grup,1
G0_full,6_kafir,1,5.0,0.0,0.0,60.07738095238103,0.0017251779147086396,0.00014619275478819336,6 Kafir,kişi,1
G0_full,60_kafir,1,5.0,0.0,0.0,60.07738095238102,0.0017251779147086396,0.00014619275478819336,60 Kafir,kişi,1
G0_full,adsiz_kisi_uruz_kurtarma_boyu,1,10.0,0.0,0.0,73.1261904761906,0.0022366752460724034,0.0433703002614121,Adsız Kişi (Uruz Kurtarma Boyu),kişi,1
G0_full,ak_melik,1,5.0,0.0,0.0,52.46666666666677,0.0017974054872918913,0.00010260975167830945,Ak Melik,kişi,1
G0_full,ak_saka_kalesi_casuslari,1,2.0,0.0,0.0,1.5,0.0024719620893306374,5.2969767298064115e-139,Ak Saka Kalesi Casusları,grup,1
G0_full,ak_sakalli_aruz_koca,1,5.0,0.0,0.0,65.104761904762,0.0013941667471174303,0.001873081810253634,Ak Sakallı Aruz Koca,kişi,1
G0_full,yasli_kadin,1,5.0,0.0,0.0,73.45238095238105,0.0013457311449613597,0.003014151728627706,Yaşlı Kadın,kişi,1
G0_full,yedi_basli_ejderha,1,19.0,0.0,0.0,89.56666666666662,0.0038941747175025242,0.15402893547798935,Yedi Başlı Ejderha,mitolojik/ilahi,1
G0_full,yedi_kafir_beyi,1,5.0,0.0,0.0,60.661904761904864,0.0015601889314789557,0.00023208669190867678,Yedi Kafir Beyi,kişi,1
G0_full,yedi_yigit,1,5.0,0.0,0.0,1.0,0.003215434083601286,7.78532147959852e-119,Yedi Yiğit,grup,1
G0_full,yigenek_ve_sancak_beyleri,1,1.0,0.0,0.0,56.48452380952387,0.0006803059685320697,9.639563204618059e-05,Yigenek ve Sancak Beyleri,grup,1
G0_full,yigit,1,1.0,0.0,0.0,51.7722222222223,0.0009719624668583355,3.5743836441521318e-06,Yiğit,grup,1
G0_full,yoldaslari,1,2.0,0.0,0.0,66.30714285714296,0.000837180417424013,0.0010061433981708866,Yoldaşları,grup,1
G0_full,yurt,1,2.0,0.0,0.0,89.56666666666662,0.0008414582288520174,0.016213572155577827,Yurt,nesne/doğa,1
G0_full,yuz_bin_kafir,1,5.0,0.0,0.0,89.56666666666662,0.0013801729033197537,0.04053393038894457,Yüz Bin Kâfir,grup,1
G0_full,zindanci,1,3.0,0.0,0.0,66.57857142857159,0.001139400921358832,0.002403605251717884,Zindancı,kişi,1
G0_full,cekisen_oksuzle_diger_cocugu_ayirig_tokat_atti,1,1.0,0.0,0.0,60.07738095238103,0.0007308876729738823,2.9238550957638674e-05,Çekişen Öksüzle Diğer Çocuğu Ayırığ Tokat Attı,kişi,1
G0_full,coban,1,1.0,0.0,0.0,1.8333333333333333,0.0015841077436974562,2.4460474782711926e-138,Çoban,kişi,1
G0_full,cobanlar,1,2.0,0.0,0.0,78.57619047619053,0.0008528125296343716,0.009259573814272167,Çobanlar,kişi,1
G0_full,oksuz_cocuk,1,6.0,0.0,0.0,60.07738095238102,0.001973750475142329,0.00017543130574583206,Öksüz Çocuk,kişi,1
G0_full,dumrulun_karisi,1,5.0,0.0,0.0,55.18571428571435,0.0014964512634766571,0.0001775390881068272,Dumrul'un Karısı,kişi,1
G0_full,donebilmez_dulerk_evren,1,1.0,0.0,0.0,89.56666666666662,0.0006618866706961052,0.008106786077788914,Dönebilmez Dülerk Evren,kişi,1
G0_full,duzen,1,5.0,0.0,0.0,66.2785714285716,0.0018018417257166079,0.0029900343821376643,Düzen,kişi,2
G0_full,duzmurd_kalesi_tekfuru_arsin,1,5.0,0.0,0.0,52.78690476190483,0.0016663629120745376,0.0001545998406385156,Düzmürd Kalesi Tekfuru Arşın,kişi,1
G0_full,dis_oguz,1,3.0,0.0,0.0,89.56666666666662,0.0010210297870079294,0.024320358233366743,Dış Oğuz,grup,1
G0_full,dis_oguz_agalari,1,3.0,0.0,0.0,89.56666666666662,0.0010210297870079294,0.024320358233366743,Dış Oğuz Ağaları,grup,1
G0_full,egrek_ve_300_akinci,1,5.0,0.0,0.0,56.192857142857186,0.0014528393524285033,0.0005921598523503684,Egrek ve 300 Akıncı,grup,1
G0_full,egrek_ve_segrek,1,5.0,0.0,0.0,55.61904761904767,0.0017762579214277525,0.000167178415870224,Egrek ve Segrek,grup,1
G0_full,egreke_yol_gosterdi,1,1.0,0.0,0.0,55.61904761904767,0.000741103674317705,3.34356831740448e-05,Egreke Yol Gösterdi,kişi,1
G0_full,demir_donlu_mamak,1,5.0,0.0,0.0,65.104761904762,0.0013941667471174303,0.001873081810253634,Demir Donlu Mamak,kişi,1
G0_full,deve,1,5.0,0.0,0.0,51.38611111111116,0.001259920262176544,3.9203586292500765e-05,Deve,hayvan,1
G0_full,deyis,1,2.0,0.0,0.0,78.57619047619053,0.0008528125296343716,0.009259573814272167,Deyiş,nesne/doğa,1
G0_full,dire,1,3.0,0.0,0.0,42.19087301587304,0.0011201116391076685,5.179085313131988e-07,Dire,kişi,1
G0_full,doksan_tumen_oguz,1,3.0,0.0,0.0,89.56666666666662,0.0010210297870079294,0.024320358233366743,Doksan Tümen Oğuz,grup,1
G0_full,dokuz_tumen_oguz,1,3.0,0.0,0.0,89.56666666666662,0.0010210297870079294,0.024320358233366743,Dokuz Tümen Oğuz,grup,1
G0_full,dumrulun_40_adami,1,3.0,0.0,0.0,1.0,0.003215434083601286,5.673837167301195e-137,Dumrul'un 40 Adamı,grup,1
G0_full,dumrulun_annesi,1,5.0,0.0,0.0,55.18571428571435,0.0014964512634766571,0.0001775390881068272,Dumrul'un Annesi,kişi,1
G0_full,ense_koca_oglu_okcu,1,1.0,0.0,0.0,66.2785714285716,0.0007462204351754761,0.0005980068764275328,Ense Koca Oğlu Okçu,kişi,1
G0_full,eylik_koca,1,5.0,0.0,0.0,52.46666666666677,0.0017974054872918913,0.00010260975167830945,Eylik Koca,kişi,1
G0_full,eylik_koca_donebilmez_dulek_evren,1,2.0,0.0,0.0,89.56666666666662,0.0008414582288520174,0.016213572155577827,Eylik Koca Dönebilmez Dülek Evren,kişi,1
G0_full,eylik_koca_oglu_saru_kulmas,1,5.0,0.0,0.0,69.02857142857158,0.0015179377850082485,0.004287187987165542,Eylik Koca Oğlu Saru Kulmaş,kişi,1
G0_full,gelen_diger_dadilar,1,1.0,0.0,0.0,65.104761904762,0.0006646854394556404,0.0003746163620507268,Gelen Diğer Dadılar,grup,1
G0_full,han_afsar,1,3.0,0.0,0.0,89.56666666666662,0.0010210297870079294,0.024320358233366743,Han Afşar,kişi,1
G0_full,hekimler,1,4.0,0.0,0.0,42.27420634920637,0.0016078519417701352,8.01751695662021e-07,Hekimler,grup,1
G0_full,hizir,1,3.0,0.0,0.0,42.27420634920637,0.0013264677344626496,6.013137717465157e-07,Hızır,mitolojik/ilahi,1
G0_full,imrahor,1,3.0,0.0,0.0,42.02380952380955,0.0014248898443916204,7.0875419341591695e-06,Imrahor,kişi,1
G0_full,ic_oguz_beyleri_dis_oguz_beyleri_pay_pure_bey_kara_budak_uruz_bey_yigenek_salur_kazan_pay_bicen,1,2.0,0.0,0.0,73.60238095238107,0.0008031232686142719,0.00524220280797308,"Iç Oğuz Beyleri, Dış Oğuz Beyleri, Pay Püre Bey, Kara Budak, Uruz, Bey Yigenek, Salur Kazan, Pay Biçen",grup,1
G0_full,ic_oguz_ve_kazan,1,5.0,0.0,0.0,69.02857142857158,0.0015179377850082485,0.004287187987165542,Iç Oğuz ve Kazan,grup,1
G0_full,kafir_askeri,1,1.0,0.0,0.0,89.56666666666662,0.0006618866706961052,0.008106786077788914,Kafir Askeri,kişi,1
G0_full,kafir_beyinin_kizi,1,11.0,0.0,0.0,78.57619047619053,0.0025200509065581756,0.050927655978496925,Kafir Beyi'nin Kızı,kişi,1
G0_full,kafir_eri,1,4.0,0.0,0.0,89.56666666666662,0.0012006013451638417,0.032427144311155655,Kafir Eri,kişi,1
G0_full,kafir_gozcusu,1,1.0,0.0,0.0,1.0,0.003215434083601286,5.594835404842302e-168,Kafir Gözcüsü,kişi,1
G0_full,kafir_ordusu,1,1.0,0.0,0.0,1.0,0.003215434083601286,5.594835404842302e-168,Kafir Ordusu,kişi,1
G0_full,kafirin_40_atlisi,1,5.0,0.0,0.0,78.57619047619053,0.0014085586552756396,0.02314893453568042,Kafirin 40 Atlısı,kişi,1
G0_full,kafirin_casusu,1,5.0,0.0,0.0,1.0,0.003215434083601286,7.78532147959852e-119,Kafirin Casusu,kişi,1
G0_full,kafirin_causu,1,1.0,0.0,0.0,57.84880952380961,0.0006800651648278652,0.00011172620617735396,Kafirin Causu,kişi,1
G0_full,kafirin_sancagini_kilicladi,1,5.0,0.0,0.0,72.12619047619064,0.0013845515129165369,0.005655051553548373,Kafirin Sancağını Kılıçladı,kişi,1
G0_full,kafirin_sagina_saldirdilar,1,5.0,0.0,0.0,52.21666666666677,0.001810223912045156,0.00010222362264535212,Kafirin Sağına Saldırdılar,kişi,1
G0_full,kafirin_soluna_saldirdilar,1,5.0,0.0,0.0,1.0,0.003215434083601286,7.78532147959852e-119,Kafirin Soluna Saldırdılar,kişi,1
G0_full,kafirler_bamsi_beyrek_boyu,1,5.0,0.0,0.0,60.661904761904864,0.0015601889314789557,0.00023208669190867678,Kafirler (Bamsı Beyrek Boyu),grup,1
G0_full,kafirler_kan_turali_boyu,1,5.0,0.0,0.0,55.20476190476195,0.001390426765368275,9.758125310694407e-05,Kafirler (Kan Turalı Boyu),grup,1
G0_full,kafirlere,1,1.0,0.0,0.0,57.84880952380961,0.0006800651648278652,0.00011172620617735396,Kafirlere,grup,1
G0_full,kafirlerin_sag_cenahi,1,5.0,0.0,0.0,1.0,0.003215434083601286,7.78532147959852e-119,Kafirlerin Sağ Cenahı,grup,1
G0_full,kalenin_sigir_cobani,1,2.0,0.0,0.0,68.0285714285716,0.0008917247991293276,0.0009614665782372944,Kalenin Sığır Çobanı,kişi,1
G0_full,kaleye_hucum_edenler,1,5.0,0.0,0.0,1.0,0.003215434083601286,7.78532147959852e-119,Kaleye Hücum Edenler,grup,1
G0_full,kam_gan,1,20.0,0.0,0.0,73.60238095238107,0.0036903966732809807,0.052422028079730815,Kam Gan,kişi,4
G0_full,kan_turali_ve_adamlari,1,1.0,0.0,0.0,1.0,0.003215434083601286,5.594835404842302e-168,Kan Turalı ve Adamları,grup,1
G0_full,kan_turalinin_adamlari,1,9.0,0.0,0.0,51.38611111111116,0.0018820043818856247,7.056645532650139e-05,Kan Turalı'nın Adamları,grup,1
G0_full,kan_turalinin_40_adami,1,2.0,0.0,0.0,51.386111111111155,0.0007933571723947334,1.5681434517000307e-05,Kan Turalının 40 Adamı,grup,1
G0_full,kan_turaliyi_gorunce_ona_tutuluyor_keske_babam_beni_buna_verse,1,5.0,0.0,0.0,1.0,0.003215434083601286,7.78532147959852e-119,Kan Turalıyı Görünce Ona Tutuluyor Keşke Babam Beni Buna Verse,kişi,1
G0_full,kanli_koca,1,20.0,0.0,0.0,51.386111111111155,0.0035927357110855968,0.00015681434517000306,Kanlı Koca,kişi,1
G0_full,kapcak_melik,1,5.0,0.0,0.0,71.69285714285725,0.0013759281988454848,0.00774933159521088,Kapçak Melik,kişi,1
G0_full,kapici,1,1.0,0.0,0.0,42.10396825396828,0.00123776257817144,6.533586950915256e-07,Kapıcı,kişi,1
G0_full,kara_arslan_melik,1,5.0,0.0,0.0,71.69285714285726,0.0013759281988454848,0.00774933159521088,Kara Arslan Melik,kişi,1
G0_full,bogacuk_melik,1,5.0,0.0,0.0,1.0,0.003215434083601286,7.78532147959852e-119,Boğaçuk Melik,kişi,1
G0_full,bugacuk_melik,1,5.0,0.0,0.0,71.69285714285725,0.0013759281988454848,0.00774933159521088,Buğaçuk Melik,kişi,1
G0_full,biyigi_kanli_bugduz_emen,1,5.0,0.0,0.0,65.104761904762,0.0013941667471174303,0.001873081810253634,Bıyığı Kanlı Bügdüz Emen,kişi,1
G0_full,cebrail,1,6.0,0.0,0.0,69.04523809523825,0.0015106382442939166,0.0044894696278570045,Cebrail,kişi,2
G0_full,cilasun_yigitler_ve_kara_budak,1,5.0,0.0,0.0,65.44523809523818,0.0015855942463883503,0.0016631918980994386,Cilasun Yiğitler ve Kara Budak,grup,1
G0_full,cilasun_yigitleri_ve_deli_dundar,1,5.0,0.0,0.0,1.0,0.003215434083601286,7.78532147959852e-119,Cilasun Yiğitleri ve Deli Dündar,grup,1
G0_full,dadi,1,1.0,0.0,0.0,65.104761904762,0.0006646854394556404,0.0003746163620507268,Dadı,kişi,1
G0_full,dadi_ve_diger_kizlar,1,2.0,0.0,0.0,61.82738095238102,0.0009026899159797544,0.0017903531480361994,Dadı ve Diğer Kızlar,grup,1
G0_full,dadilar,1,3.0,0.0,0.0,64.604761904762,0.0011118531861883958,0.0004377535388596639,Dadılar,grup,1
G0_full,dayalar,1,3.0,0.0,0.0,61.82738095238102,0.0011128773176995353,0.002685529722054299,Dayalar,grup,1
G0_full,deli_budak,1,5.0,0.0,0.0,1.0,0.003215434083601286,7.78532147959852e-119,Deli Budak,kişi,1
G0_full,deli_durmrul,1,3.0,0.0,0.0,1.0,0.003215434083601286,5.673837167301195e-137,Deli Durmrul,kişi,1
G0_full,kara_budak_kazan_oglu_uruz_beyler_basi_yigenek_gaflet_koca_oglu_sir_semseddin_deli_karcar_dugunde_ok_atarlar,1,5.0,0.0,0.0,1.0,0.003215434083601286,7.78532147959852e-119,"Kara Budak, Kazan Oğlu Uruz, Beyler Başı Yigenek, Gaflet Koca Oğlu Şir Şemseddin, Deli Karçar, Düğünde Ok Atarlar",grup,1
G0_full,kara_gone_oglu_kara_budak,1,3.0,0.0,0.0,89.56666666666662,0.0010210297870079294,0.024320358233366743,Kara Göne Oğlu Kara Budak,kişi,1
G0_full,kara_gone_ve_askerleri,1,4.0,0.0,0.0,66.2785714285716,0.0013453878782621784,0.003596162077927663,Kara Göne ve Askerleri,grup,1
G0_full,kara_gone_deli_dundar_kara_budak,1,5.0,0.0,0.0,65.44523809523818,0.0015855942463883503,0.0016631918980994386,"Kara Göne, Deli Dündar, Kara Budak",kişi,1
G0_full,kara_tekfurun_casusu,1,5.0,0.0,0.0,2.1666666666666665,0.0019242633754734152,2.521986843776647e-83,Kara Tekfurun Casusu,kişi,1
G0_full,kara_tuken_melik,1,10.0,0.0,0.0,2.333333333333333,0.003022482378528653,1.0524956346233626e-82,Kara Tüken Melik,kişi,2
G0_full,kara_cekur,1,5.0,0.0,0.0,1.0,0.003215434083601286,7.78532147959852e-119,Kara Çekür,kişi,1
G0_full,karacuk_cobanin_kara_kopegi,1,2.0,0.0,0.0,89.56666666666662,0.0008414582288520174,0.016213572155577827,Karaçuk Çoban'ın Kara Köpeği,hayvan,1
G0_full,karisi,1,12.0,0.0,0.0,60.07738095238103,0.0034651858377444645,0.0003508626114916641,Karısı,kişi,1
G0_full,karisina,1,2.0,0.0,0.0,60.07738095238103,0.0009794602334075716,5.847710191527735e-05,Karısına,kişi,1
G0_full,kayin_ata_kayin_anasi,1,1.0,0.0,0.0,1.0,0.003215434083601286,5.594835404842302e-168,Kayın Ata - Kayın Anası,kişi,1
G0_full,kazan_kardesi_kara_gone_kiyan_selcuk_oglu_deli_dundar_gaflet_koca_oglu_sir_semseddin_beyrek_kazilik_koca_oglu_bey_yigenek_dor_boyun_oksayan_deli_dundar_bin_kavim_baslari_duger_bin_bugduz_baslari_emen_dokuz_koca_baslari_aruz_kazanin_beyleri,1,5.0,0.0,0.0,67.36190476190494,0.001514730280992352,0.006340131935431193,"Kazan Kardeşi Kara Göne, Kıyan Selçuk Oğlu Deli Dündar, Gaflet Koca Oğlu Şir Şemseddin, Beyrek, Kazılık Koca Oğlu Bey Yigenek, Dör Boyun Okşayan Deli Dündar, Bin Kavim Başları Düger, Bin Bügdüz Başları Emen, Dokuz Koca Başları Aruz, Kazan'ın Beyleri",grup,1
G0_full,kazan_ve_askerleri,1,5.0,0.0,0.0,67.36190476190494,0.001514730280992352,0.006340131935431193,Kazan ve Askerleri,grup,1
G0_full,kazan_ve_bayindir_han,1,5.0,0.0,0.0,60.001190476190565,0.0016922273938469001,0.0014226441284076676,Kazan ve Bayındır Han,grup,1
G0_full,kazan_ve_beyler,1,5.0,0.0,0.0,66.2785714285716,0.0015611560696926748,0.004495202597409579,Kazan ve Beyler,grup,1
G0_full,kazan_ve_karacuk_coban,1,5.0,0.0,0.0,65.44523809523818,0.0015855942463883503,0.0016631918980994386,Kazan ve Karaçuk Çoban,grup,1
G0_full,kazanin_adamlari,1,4.0,0.0,0.0,89.56666666666662,0.0012006013451638417,0.032427144311155655,Kazan'ın Adamları,grup,1
G0_full,kazanin_adami,1,3.0,0.0,0.0,89.56666666666662,0.0010210297870079294,0.024320358233366743,Kazan'ın Adamı,grup,1
G0_full,kazanin_evi,1,5.0,0.0,0.0,1.0,0.003215434083601286,7.78532147959852e-119,Kazan'ın Evi,kişi,1
G0_full,kazanin_karicuk_anasi,1,5.0,0.0,0.0,69.02857142857158,0.0015179377850082485,0.004287187987165542,Kazan'ın Karıçuk Anası,kişi,1
G0_full,kazan_uruz_ve_askerleri,1,5.0,0.0,0.0,1.0,0.003215434083601286,7.78532147959852e-119,"Kazan, Uruz ve Askerleri",grup,1
G0_full,kazilik_koca_oglu_bey_yigenek,1,5.0,0.0,0.0,65.44523809523818,0.0015855942463883503,0.0016631918980994386,Kazılık Koca Oğlu Bey Yigenek,kişi,1
G0_full,kesisler,1,5.0,0.0,0.0,1.0,0.003215434083601286,7.78532147959852e-119,Keşişler,grup,1
G0_full,beyrek_in_40_yoldaslari,1,3.0,0.0,0.0,78.57619047619053,0.001038061238181461,0.01388936072140825,Beyrek'in 40 Yoldaşları,grup,1
G0_full,beyrekin_adamlari,1,1.0,0.0,0.0,78.57619047619053,0.0006675638210872823,0.004629786907136084,Beyrek'in Adamları,grup,1
G0_full,beyrekin_buyuk_kiz_kardesi,1,6.0,0.0,0.0,78.57619047619053,0.001593807363822729,0.0277787214428165,Beyrek'in Büyük Kız Kardeşi,kişi,1
G0_full,beyrekin_kayin_babasi_kara_gone,1,5.0,0.0,0.0,1.0,0.003215434083601286,7.78532147959852e-119,"Beyrek'in Kayın Babası, Kara Göne",kişi,1
G0_full,beyrekin_kucuk_kiz_kardesi,1,2.0,0.0,0.0,78.57619047619053,0.0008528125296343716,0.009259573814272167,Beyrek'in Küçük Kız Kardeşi,kişi,1
G0_full,beyrekin_yedi_kiz_kardesi,1,5.0,0.0,0.0,1.0,0.003215434083601286,7.78532147959852e-119,Beyrek'in Yedi Kız Kardeşi,kişi,1
G0_full,beyrekin_yoldaslari,1,3.0,0.0,0.0,78.57619047619052,0.001038061238181461,0.01388936072140825,Beyrek'in Yoldaşları,grup,1
G0_full,boyu_uzun_burla_hatun_ve_40_ince_belli_kiz,1,5.0,0.0,0.0,69.02857142857157,0.0015179377850082485,0.004287187987165542,Boyu Uzun Burla Hatun ve 40 Ince Belli Kız,grup,1
G0_full,boga,1,5.0,0.0,0.0,51.38611111111116,0.001259920262176544,3.9203586292500765e-05,Boğa,hayvan,1
G0_full,bogac_ve_bogacin_40_adami,1,5.0,0.0,0.0,42.19087301587304,0.001545309323485985,8.63180885521998e-07,Boğaç ve Boğaç'ın 40 Adamı,grup,1
G0_full,bogacin_40_adami,1,2.0,0.0,0.0,42.27420634920636,0.0010450835271551642,4.008758478310105e-07,Boğaç'ın 40 Adamı,grup,1
G0_full,kurt,1,2.0,0.0,0.0,89.56666666666662,0.0008414582288520174,0.016213572155577827,Kurt,hayvan,1
G0_full,kilbas_ve_kara_gone,1,2.0,0.0,0.0,89.56666666666662,0.0008414582288520174,0.016213572155577827,Kılbaş ve Kara Göne,grup,1
G0_full,kirk_kinuk,1,5.0,0.0,0.0,1.0,0.003215434083601286,7.78532147959852e-119,Kırk Kınuk,kişi,1
G0_full,kiyan_oglu_deli_dundar,1,3.0,0.0,0.0,89.56666666666662,0.0010210297870079294,0.024320358233366743,Kıyan Oğlu Deli Dündar,kişi,1
G0_full,kiyan_selcuk,1,5.0,0.0,0.0,2.333333333333333,0.0017523987455344229,5.262478173116813e-83,Kıyan Selçuk,kişi,2
G0_full,kiyan_selcik,1,5.0,0.0,0.0,65.104761904762,0.0013941667471174303,0.001873081810253634,Kıyan Selçık,kişi,1
G0_full,meclis,1,3.0,0.0,0.0,73.60238095238107,0.0009635273466513112,0.00786330421195962,Meclis,grup,1
G0_full,oba,1,2.0,0.0,0.0,55.18571428571434,0.0008881658782728835,0.00016807726367901724,Oba,grup,1
G0_full,oynadigi_oglanlar,1,1.0,0.0,0.0,65.104761904762,0.0006646854394556404,0.0003746163620507268,Oynadığı Oğlanlar,kişi,1
G0_full,ozan,1,3.0,0.0,0.0,78.57619047619053,0.001038061238181461,0.01388936072140825,Ozan,kişi,1
G0_full,oglu_ve_40_adami,1,3.0,0.0,0.0,42.6075396825397,0.0011309023099755771,8.184818859798788e-07,Oğlu ve 40 Adamı,grup,1
G0_full,oglunu_veren_kadin,1,1.0,0.0,0.0,73.45238095238105,0.0006549983190244264,0.0006028303457255412,Oğlunu Veren Kadın,kişi,1
G0_full,oguz_hanin_likcisi,1,2.0,0.0,0.0,58.140476190476264,0.0010313692476385517,0.0001381543837217811,Oğuz Han'ın Lıkçısı,kişi,1
G0_full,pay_picen_bey,1,3.0,0.0,0.0,70.59285714285727,0.0010851460161204645,0.0016356470829688669,Pay Piçen Bey,kişi,1
G0_full,pay_pure_beyin_ordusu,1,1.0,0.0,0.0,1.0,0.003215434083601286,5.594835404842302e-168,Pay Püre Bey'in Ordusu,grup,1
G0_full,paypure,1,5.0,0.0,0.0,89.56666666666662,0.0013801729033197537,0.04053393038894457,Paypüre,kişi,1
G0_full,peri,1,2.0,0.0,0.0,1.8333333333333333,0.002542188292529854,6.306983729486288e-138,Peri,kişi,1
G0_full,peygamber_sahabesi_kanli_bugduz_emen,1,5.0,0.0,0.0,65.44523809523818,0.0015855942463883503,0.0016631918980994386,Peygamber Sahabesi Kanlı Bügdüz Emen,kişi,1
G0_full,bas_acik,1,5.0,0.0,0.0,89.56666666666662,0.0013801729033197537,0.04053393038894457,Baş Açık,kişi,1
G0_full,begilin_adamlari,1,3.0,0.0,0.0,61.50476190476198,0.0010231422288401258,0.0014518807862500525,Begil'in Adamları,grup,1
G0_full,begilin_casusu,1,4.0,0.0,0.0,61.50476190476198,0.0012034179342734366,0.0019358410483334032,Begilin Casusu,kişi,1
G0_full,begilin_hismi_ve_kavmi,1,1.0,0.0,0.0,61.504761904761985,0.0006625908179735039,0.0004839602620833508,Begilin Hısmı ve Kavmi,grup,1
G0_full,beyerek,1,1.0,0.0,0.0,1.0,0.003215434083601286,5.594835404842302e-168,Beyerek,kişi,1
G0_full,beyler_ev_yagmasi_boyu,1,3.0,0.0,0.0,89.56666666666662,0.0010210297870079294,0.024320358233366743,Beyler (Ev Yağması Boyu),grup,1
G0_full,beyler_uruz_tutsak_boyu,1,5.0,0.0,0.0,89.56666666666662,0.0013801729033197537,0.04053393038894457,Beyler (Uruz Tutsak Boyu),grup,1
G0_full,beyler_ve_beyrek,1,3.0,0.0,0.0,89.56666666666662,0.0010210297870079294,0.024320358233366743,Beyler ve Beyrek,grup,1
G0_full,beyrekin_40_adami,1,2.0,0.0,0.0,78.57619047619053,0.0008528125296343716,0.009259573814272167,Beyrek'in 40 Adamı,grup,1
G0_full,saht_oldu,1,1.0,0.0,0.0,74.97619047619055,0.0006626897459436277,0.001127516295831445,Saht Oldu,kişi,1
G0_full,segerk,1,1.0,0.0,0.0,49.30952380952386,0.0010231796010339268,4.3744350081559704e-07,Segerk,kişi,1
G0_full,segrekin_karisi,1,1.0,0.0,0.0,1.0,0.003215434083601286,5.594835404842302e-168,Segrekin Karısı,kişi,1
G0_full,serhat_beylerinden_ulak,1,2.0,0.0,0.0,89.56666666666662,0.0008414582288520174,0.016213572155577827,Serhat Beylerinden Ulak,grup,1
G0_full,su,1,2.0,0.0,0.0,89.56666666666662,0.0008414582288520174,0.016213572155577827,Su,nesne/doğa,1
G0_full,tatyan_kalesi_casuslari,1,2.0,0.0,0.0,1.5,0.0024719620893306374,5.2969767298064115e-139,Tatyan Kalesi Casusları,grup,1
G0_full,bamsi_ve_bamsinin_40_yigidi,1,5.0,0.0,0.0,55.61904761904767,0.0017762579214277525,0.000167178415870224,Bamsı ve Bamsının 40 Yiğidi,grup,1
G0_full,bamsinin_anne_babasi,1,2.0,0.0,0.0,1.0,0.003215434083601286,7.676919687290849e-150,Bamsı'nın Anne Babası,grup,1
G0_full,bamsinin_haberi_gelince,1,2.0,0.0,0.0,1.0,0.003215434083601286,7.676919687290849e-150,Bamsı'nın Haberi Gelince,kişi,1
G0_full,bamsinin_haberi_gelince_siyah_giyme_yas_tutma,1,1.0,0.0,0.0,1.0,0.003215434083601286,5.594835404842302e-168,Bamsı'nın Haberi Gelince Siyah Giyme Yas Tutma,kişi,1
G0_full,bamsinin_naibi,1,5.0,0.0,0.0,55.61904761904768,0.0017762579214277525,0.000167178415870224,Bamsı'nın Naibi,kişi,1
G0_full,basatin_annesi,1,5.0,0.0,0.0,73.45238095238105,0.0013457311449613597,0.003014151728627706,Basat'ın Annesi,kişi,1
G0_full,bayat_boyu,1,2.0,0.0,0.0,72.4761904761906,0.000768458086565818,0.0016397535844021468,Bayat Boyu,grup,1
G0_full,bayburd_hisarindaki_kafirler,1,4.0,0.0,0.0,78.57619047619053,0.0012233099467285503,0.018519147628544334,Bayburd Hisarındaki Kafirler,grup,1
G0_full,bayburt_hisari_beyi,1,5.0,0.0,0.0,1.0,0.003215434083601286,7.78532147959852e-119,Bayburt Hisarı Beyi,kişi,1
G0_full,bayburt_hisrasi_melikinin_kizi,1,5.0,0.0,0.0,78.57619047619052,0.0014085586552756396,0.02314893453568042,Bayburt Hisrası Meliki'nin Kızı,kişi,1
G0_full,bayindir_han_kazan,1,5.0,0.0,0.0,1.0,0.003215434083601286,7.78532147959852e-119,Bayındır Han Kazan,kişi,1
G0_full,bayindir_hanin_adamlari,1,2.0,0.0,0.0,42.6075396825397,0.0009147065774971158,5.456545906532525e-07,Bayındır Han'ın Adamları,grup,1
G0_full,tekfur_ve_100_kafir,1,1.0,0.0,0.0,1.0,0.003215434083601286,5.594835404842302e-168,Tekfur ve 100 Kafir,grup,1
G0_full,tekfur_ve_sokli_melik,1,5.0,0.0,0.0,89.56666666666662,0.0013801729033197537,0.04053393038894457,Tekfur ve Şökli Melik,grup,1
G0_full,tekfurun,1,5.0,0.0,0.0,1.0,0.003215434083601286,7.78532147959852e-119,Tekfurun,kişi,1
G0_full,tekfurun_kardesinin_oglu,1,8.0,0.0,0.0,53.25833333333341,0.0016965704602976601,0.00015760907697501614,Tekfurun Kardeşinin Oğlu,kişi,1
G0_full,tepegozden_sikayetci_olan_ana_babalar,1,1.0,0.0,0.0,74.97619047619055,0.0006626897459436277,0.001127516295831445,Tepegözden Şikayetçi Olan Ana Babalar,mitolojik/ilahi,1
G0_full,tepegozun_peri_annesi,1,1.0,0.0,0.0,65.104761904762,0.0006646854394556404,0.0003746163620507268,Tepegözün Peri Annesi,mitolojik/ilahi,1
G0_full,turkistan,1,9.0,0.0,0.0,89.56666666666662,0.0020984591359434024,0.07296107470010021,Türkistan,yer/coğrafya,2
G0_full,ulas,1,10.0,0.0,0.0,89.56666666666662,0.0022780306940993144,0.08106786077788913,Ulaş,kişi,2
G0_full,alplar_basi_kazan,1,5.0,0.0,0.0,65.104761904762,0.0013941667471174303,0.001873081810253634,Alplar Başı Kazan,kişi,1
G0_full,alti_bey_oglu,1,3.0,0.0,0.0,89.56666666666662,0.0010210297870079294,0.024320358233366743,Altı Bey Oğlu,kişi,1
G0_full,aruz_ve_dis_oguz_beyleri,1,5.0,0.0,0.0,78.57619047619053,0.0014085586552756396,0.02314893453568042,Aruz ve Dış Oğuz Beyleri,grup,1
G0_full,aruzun_habercisi,1,1.0,0.0,0.0,1.0,0.003215434083601286,5.594835404842302e-168,Aruzun Habercisi,kişi,1
G0_full,askerler,1,3.0,0.0,0.0,73.1261904761906,0.001008623152599856,0.01301109007842363,Askerler,grup,1
G0_full,aslan_yatagi,1,1.0,0.0,0.0,57.22023809523818,0.0011827221816508864,3.2100413894945024e-05,Aslan Yatağı,nesne/doğa,1
G0_full,at_agizli_aruz,1,3.0,0.0,0.0,89.56666666666662,0.0010210297870079294,0.024320358233366743,At Ağızlı Aruz,kişi,1
G0_full,at_agizli_aruz_koca,1,10.0,0.0,0.0,89.56666666666662,0.0022780306940993144,0.08106786077788913,At Ağızlı Aruz Koca,kişi,1
G0_full,agac,1,2.0,0.0,0.0,73.1261904761906,0.000833187139246635,0.00867406005228242,Ağaç,nesne/doğa,1
G0_full,uruz_ve_300_asker,1,3.0,0.0,0.0,89.56666666666662,0.0010210297870079294,0.024320358233366743,Uruz ve 300 Asker,grup,1
G0_full,uruz_ve_uruzun_40_askeri,1,5.0,0.0,0.0,1.0,0.003215434083601286,7.78532147959852e-119,Uruz ve Uruzun 40 Askeri,grup,1
G0_full,uruzun_40_askeri,1,5.0,0.0,0.0,73.1261904761906,0.0013594951793062982,0.02168515013070605,Uruz'un 40 Askeri,grup,1
G0_full,uruzun_sag_yaninda_yer_gosterdi_cubbe_giydirdi,1,5.0,0.0,0.0,1.0,0.003215434083601286,7.78532147959852e-119,"Uruz'un Sağ Yanında Yer Gösterdi, Cübbe Giydirdi",kişi,1
G0_full,uruzun_40_adamini_sehit_ettiler,1,1.0,0.0,0.0,67.36190476190492,0.0006887981462306248,0.0012680263870862383,Uruzun 40 Adamını Şehit Ettiler,grup,1
G0_full,uruzun_annesi,1,2.0,0.0,0.0,73.1261904761906,0.000833187139246635,0.00867406005228242,Uruzun Annesi,kişi,1
G0_full,usun_koca_oglu,1,5.0,0.0,0.0,65.104761904762,0.0013941667471174303,0.001873081810253634,Uşun Koca Oğlu,kişi,1
G0_full,usun_koca_oglunun_2_kardesi,1,5.0,0.0,0.0,65.104761904762,0.0013941667471174303,0.001873081810253634,Uşun Koca Oğlu'nun 2 Kardeşi,kişi,1
G0_full,usun_koca_ve_karisi,1,6.0,0.0,0.0,89.56666666666662,0.001559744461475666,0.048640716466733486,Uşun Koca ve Karısı,grup,1
G0_full,usun_kocanin_buyuk,1,5.0,0.0,0.0,69.61190476190491,0.001711612247115364,0.0010382433607131762,Uşun Kocanın Büyük,kişi,1
G0_full,usun_kocanin_kucuk,1,5.0,0.0,0.0,60.07738095238102,0.0017251779147086396,0.00014619275478819336,Uşun Kocanın Küçük,kişi,1
G0_full,yarar_kocalar,1,1.0,0.0,0.0,60.44523809523819,0.0006674740792764471,0.00020182548673820176,Yarar Kocalar,grup,1
G0_full,ic_oguz,1,3.0,0.0,0.0,89.56666666666662,0.0010210297870079294,0.024320358233366743,İç Oğuz,grup,1
G0_full,ic_oguz_beyleri,1,6.0,0.0,0.0,89.56666666666662,0.001559744461475666,0.048640716466733486,İç Oğuz Beyleri,grup,2
G0_full,sir_semseddin,1,2.0,0.0,0.0,78.57619047619053,0.0008528125296343716,0.009259573814272167,Şir Şemseddin,kişi,1
G0_full,16_bin_kafir,1,5.0,0.0,0.0,1.0,0.003215434083601286,7.78532147959852e-119,16 Bin Kafir,kişi,1
G0_full,sokli_melik_ve_adamlari,1,5.0,0.0,0.0,1.0,0.003215434083601286,7.78532147959852e-119,Şökli Melik ve Adamları,grup,1
