node_id,leiden_community,louvain_community,canonical_name,node_type
100_kafir,4,23,100 Kafir,kişi
16_bin_kafir,20,25,16 Bin Kafir,kişi
24_sancak_beyi,2,26,24 Sancak Beyi,grup
300_akinci,4,23,300 Akıncı,kişi
300_asker,2,15,300 Asker,grup
300_kafir,4,23,300 Kafir,kişi
40_askeri,0,31,40 Askeri,grup
40_ince_belli_kiz,1,4,40 Ince Belli Kız,kişi
40_yigit,9,29,40 Yiğit,grup
6_kafir,4,23,6 Kafir,kişi
60_kafir,4,23,60 Kafir,kişi
600_kafir,8,32,600 Kafir,kişi
adsiz_kisi_uruz_kurtarma_boyu,0,31,Adsız Kişi (Uruz Kurtarma Boyu),kişi
ak_melik,7,14,Ak Melik,kişi
ak_saka_kalesi_casuslari,13,0,Ak Saka Kalesi Casusları,grup
ak_sakalli_aruz_koca,3,11,Ak Sakallı Aruz Koca,kişi
alp_eren,7,14,Alp Eren,kişi
alp_rustem,0,31,Alp Rüstem,kişi
alplar_basi_kazan,3,11,Alplar Başı Kazan,kişi
alti_bey_oglu,0,31,Altı Bey Oğlu,kişi
anne_ve_babasi,2,15,Anne ve Babası,grup
annesi,0,31,Annesi,kişi
aruz,10,1,Aruz,kişi
aruz_koca,3,11,Aruz Koca,kişi
aruz_ve_dis_oguz_beyleri,1,4,Aruz ve Dış Oğuz Beyleri,grup
aruzun_habercisi,14,2,Aruzun Habercisi,kişi
arsin_oglu_direk_tekfur,2,26,Arşın Oğlu Direk Tekfur,kişi
askerler,0,31,Askerler,grup
aslan,5,30,Aslan,hayvan
aslan_yatagi,2,26,Aslan Yatağı,nesne/doğa
at_agizli_aruz,0,31,At Ağızlı Aruz,kişi
at_agizli_aruz_koca,0,31,At Ağızlı Aruz Koca,kişi
azrail,9,29,Azrail,mitolojik/ilahi
agac,0,31,Ağaç,nesne/doğa
bamsi_beyrek,1,4,Bamsı Beyrek,kişi
bamsi_ve_bamsinin_40_yigidi,4,23,Bamsı ve Bamsının 40 Yiğidi,grup
bamsinin_anne_babasi,17,3,Bamsı'nın Anne Babası,grup
bamsinin_haberi_gelince,17,3,Bamsı'nın Haberi Gelince,kişi
bamsinin_haberi_gelince_siyah_giyme_yas_tutma,21,27,Bamsı'nın Haberi Gelince Siyah Giyme Yas Tutma,kişi
bamsinin_naibi,4,23,Bamsı'nın Naibi,kişi
banu_cicek,1,4,Banu Çiçek,kişi
basat,3,11,Basat,kişi
basatin_annesi,3,11,Basat'ın Annesi,kişi
bayburd_hisarindaki_kafirler,1,4,Bayburd Hisarındaki Kafirler,grup
bayburt_hisari_beyi,18,5,Bayburt Hisarı Beyi,kişi
bayburt_hisrasi_melikinin_kizi,1,4,Bayburt Hisrası Meliki'nin Kızı,kişi
bayindir_han,2,26,Bayındır Han,kişi
bayindir_han_kazan,22,6,Bayındır Han Kazan,kişi
bayindir_hanin_adamlari,6,12,Bayındır Han'ın Adamları,grup
bas_acik,0,31,Baş Açık,kişi
begil,2,15,Begil,kişi
begilin_adamlari,2,15,Begil'in Adamları,grup
begilin_casusu,2,15,Begilin Casusu,kişi
begilin_hismi_ve_kavmi,2,15,Begilin Hısmı ve Kavmi,grup
begilin_karisi,2,15,Begilin Karısı,kişi
beyerek,14,2,Beyerek,kişi
beyler_bamsi_beyrek_boyu,1,4,Beyler (Bamsı Beyrek Boyu),grup
beyler_basat_boyu,2,26,Beyler (Basat Boyu),grup
beyler_begil_boyu,0,31,Beyler (Begil Boyu),grup
beyler_ev_yagmasi_boyu,0,31,Beyler (Ev Yağması Boyu),grup
beyler_uruz_kurtarma_boyu,0,31,Beyler (Uruz Kurtarma Boyu),grup
beyler_uruz_tutsak_boyu,0,31,Beyler (Uruz Tutsak Boyu),grup
beyler_ve_beyrek,0,31,Beyler ve Beyrek,grup
beyrekin_40_adami,1,4,Beyrek'in 40 Adamı,grup
beyrekin_40_yigidi,1,4,Beyrek'in 40 Yiğidi,grup
beyrek_in_40_yoldaslari,1,4,Beyrek'in 40 Yoldaşları,grup
beyrekin_adamlari,1,4,Beyrek'in Adamları,grup
beyrekin_anne_babasi,1,4,Beyrek'in Anne Babası,grup
beyrekin_buyuk_kiz_kardesi,1,4,Beyrek'in Büyük Kız Kardeşi,kişi
beyrekin_kayin_babasi_kara_gone,19,7,"Beyrek'in Kayın Babası, Kara Göne",kişi
beyrekin_kucuk_kiz_kardesi,1,4,Beyrek'in Küçük Kız Kardeşi,kişi
beyrekin_yedi_kiz_kardesi,31,8,Beyrek'in Yedi Kız Kardeşi,kişi
beyrekin_yoldaslari,1,4,Beyrek'in Yoldaşları,grup
bezirganlar,1,4,Bezirganlar,grup
boyu_uzun_burla_hatun_ve_40_ince_belli_kiz,8,32,Boyu Uzun Burla Hatun ve 40 Ince Belli Kız,grup
boga,5,30,Boğa,hayvan
bogazca_fatma,1,4,Boğazça Fatma,kişi
bogac,6,12,Boğaç,kişi
bogac_han,6,12,Boğaç Han,kişi
bogac_ve_bogacin_40_adami,6,12,Boğaç ve Boğaç'ın 40 Adamı,grup
bogacin_40_adami,6,12,Boğaç'ın 40 Adamı,grup
bogacuk_melik,23,9,Boğaçuk Melik,kişi
burla_hatun,1,4,Burla Hatun,kişi
bugacuk_melik,0,31,Buğaçuk Melik,kişi
biyigi_kanli_bugduz_emen,3,11,Bıyığı Kanlı Bügdüz Emen,kişi
cebrail,9,29,Cebrail,kişi
cilasun_yigitler_ve_kara_budak,7,14,Cilasun Yiğitler ve Kara Budak,grup
cilasun_yigitleri_ve_deli_dundar,25,10,Cilasun Yiğitleri ve Deli Dündar,grup
dadi,3,11,Dadı,kişi
dadi_ve_diger_kizlar,1,4,Dadı ve Diğer Kızlar,grup
dadilar,3,11,Dadılar,grup
dayalar,1,4,Dayalar,grup
dede_korkut,3,11,Dede Korkut,kişi
deli_budak,23,9,Deli Budak,kişi
deli_dumrul,9,29,Deli Dumrul,kişi
deli_durmrul,15,13,Deli Durmrul,kişi
deli_dundar,11,21,Deli Dündar,kişi
deli_karcar,3,11,Deli Karçar,kişi
demir_donlu_mamak,3,11,Demir Donlu Mamak,kişi
demir_guci,8,32,Demir Güci,kişi
deve,5,30,Deve,hayvan
deyis,1,4,Deyiş,nesne/doğa
dire,6,12,Dire,kişi
direk_tekfur,2,26,Direk Tekfur,kişi
dirse_han,6,12,Dirse Han,kişi
dirse_hanin_40_adami,6,12,Dirse Han'ın 40 Adamı,grup
dirse_hanin_karisi,6,12,Dirse Han'ın Karısı,kişi
doksan_tumen_oguz,0,31,Doksan Tümen Oğuz,grup
dokuz_tumen_oguz,0,31,Dokuz Tümen Oğuz,grup
duha_koca,9,29,Duha Koca,kişi
dumrul,9,29,Dumrul,kişi
dumrulun_40_adami,15,13,Dumrul'un 40 Adamı,grup
dumrulun_annesi,9,29,Dumrul'un Annesi,kişi
dumrulun_karisi,9,29,Dumrul'un Karısı,kişi
donebilmez_dulek_evren,0,26,Dönebilmez Dülek Evren,kişi
donebilmez_dulerk_evren,0,31,Dönebilmez Dülerk Evren,kişi
duzen,0,31,Düzen,kişi
duzen_oglu_alp_rustem,3,11,Düzen Oğlu Alp Rüstem,kişi
duzmurd_kalesi_tekfuru_arsin,2,26,Düzmürd Kalesi Tekfuru Arşın,kişi
dis_oguz,0,31,Dış Oğuz,grup
dis_oguz_agalari,0,31,Dış Oğuz Ağaları,grup
dis_oguz_beyleri,10,1,Dış Oğuz Beyleri,grup
dis_oguz_beyleri_ve_deli_dundar,7,14,Dış Oğuz Beyleri ve Deli Dündar,grup
egrek,4,23,Egrek,kişi
egrek_ve_300_akinci,8,32,Egrek ve 300 Akıncı,grup
egrek_ve_segrek,4,23,Egrek ve Segrek,grup
egreke_yol_gosterdi,4,23,Egreke Yol Gösterdi,kişi
emen,2,31,Emen,kişi
emren,2,15,Emren,kişi
ense_koca_oglu_okcu,0,31,Ense Koca Oğlu Okçu,kişi
evnuk_kalesi_kafirleri,1,4,Evnük Kalesi Kafirleri,grup
eylik_koca,7,14,Eylik Koca,kişi
eylik_koca_donebilmez_dulek_evren,0,31,Eylik Koca Dönebilmez Dülek Evren,kişi
eylik_koca_oglu_saru_kulmas,8,32,Eylik Koca Oğlu Saru Kulmaş,kişi
gelen_diger_dadilar,3,11,Gelen Diğer Dadılar,grup
haberci,2,15,Haberci,kişi
han_afsar,0,31,Han Afşar,kişi
hekimler,6,12,Hekimler,grup
hizir,6,12,Hızır,mitolojik/ilahi
imrahor,1,4,Imrahor,kişi
ic_oguz_beyleri_dis_oguz_beyleri_pay_pure_bey_kara_budak_uruz_bey_yigenek_salur_kazan_pay_bicen,2,26,"Iç Oğuz Beyleri, Dış Oğuz Beyleri, Pay Püre Bey, Kara Budak, Uruz, Bey Yigenek, Salur Kazan, Pay Biçen",grup
ic_oguz_ve_kazan,8,32,Iç Oğuz ve Kazan,grup
kadinlar,1,4,Kadınlar,grup
kafir,2,31,Kafir,kişi
kafir_askeri,0,31,Kafir Askeri,kişi
kafir_beyinin_kizi,1,4,Kafir Beyi'nin Kızı,kişi
kafir_eri,0,31,Kafir Eri,kişi
kafir_gozcusu,24,16,Kafir Gözcüsü,kişi
kafir_ordusu,24,16,Kafir Ordusu,kişi
kafirin_40_atlisi,1,4,Kafirin 40 Atlısı,kişi
kafirin_casusu,18,5,Kafirin Casusu,kişi
kafirin_causu,2,15,Kafirin Causu,kişi
kafirin_sancagini_kilicladi,1,4,Kafirin Sancağını Kılıçladı,kişi
kafirin_sagina_saldirdilar,7,14,Kafirin Sağına Saldırdılar,kişi
kafirin_soluna_saldirdilar,25,10,Kafirin Soluna Saldırdılar,kişi
kafirler_bamsi_beyrek_boyu,3,11,Kafirler (Bamsı Beyrek Boyu),grup
kafirler_ev_yagmasi_boyu,7,14,Kafirler (Ev Yağması Boyu),grup
kafirler_kan_turali_boyu,5,30,Kafirler (Kan Turalı Boyu),grup
kafirler_segrek_boyu,4,23,Kafirler (Segrek Boyu),grup
kafirler_uruz_kurtarma_boyu,0,31,Kafirler (Uruz Kurtarma Boyu),grup
kafirler_uruz_tutsak_boyu,0,31,Kafirler (Uruz Tutsak Boyu),grup
kafirlere,2,15,Kafirlere,grup
kafirlerin_sag_cenahi,30,17,Kafirlerin Sağ Cenahı,grup
kalenin_sigir_cobani,0,31,Kalenin Sığır Çobanı,kişi
kaleye_hucum_edenler,26,18,Kaleye Hücum Edenler,grup
kam_gan,2,26,Kam Gan,kişi
kan_turali,5,30,Kan Turalı,kişi
kan_turali_ve_adamlari,16,19,Kan Turalı ve Adamları,grup
kan_turali_ve_selcen_hatun,8,32,Kan Turalı ve Selcen Hatun,grup
kan_turalinin_adamlari,5,30,Kan Turalı'nın Adamları,grup
kan_turalinin_40_adami,5,30,Kan Turalının 40 Adamı,grup
kan_turalinin_anne_babasi,5,30,Kan Turalının Anne Babası,grup
kan_turaliyi_gorunce_ona_tutuluyor_keske_babam_beni_buna_verse,27,20,Kan Turalıyı Görünce Ona Tutuluyor Keşke Babam Beni Buna Verse,kişi
kanli_koca,5,30,Kanlı Koca,kişi
kapcak_melik,0,31,Kapçak Melik,kişi
kapici,2,15,Kapıcı,kişi
kara_arslan_melik,0,31,Kara Arslan Melik,kişi
kara_budak,0,31,Kara Budak,kişi
kara_budak_kazan_oglu_uruz_beyler_basi_yigenek_gaflet_koca_oglu_sir_semseddin_deli_karcar_dugunde_ok_atarlar,19,7,"Kara Budak, Kazan Oğlu Uruz, Beyler Başı Yigenek, Gaflet Koca Oğlu Şir Şemseddin, Deli Karçar, Düğünde Ok Atarlar",grup
kara_gone,0,31,Kara Göne,kişi
kara_gone_oglu_kara_budak,0,31,Kara Göne Oğlu Kara Budak,kişi
kara_gone_ve_askerleri,0,31,Kara Göne ve Askerleri,grup
kara_gone_deli_dundar_kara_budak,7,14,"Kara Göne, Deli Dündar, Kara Budak",kişi
kara_tekfur,11,21,Kara Tekfur,kişi
kara_tekfurun_casusu,11,21,Kara Tekfurun Casusu,kişi
kara_tuken_melik,11,21,Kara Tüken Melik,kişi
kara_cekur,28,22,Kara Çekür,kişi
karavas,2,15,Karavaş,kişi
karacuk_coban,8,32,Karaçuk Çoban,kişi
karacuk_cobanin_kara_kopegi,0,31,Karaçuk Çoban'ın Kara Köpeği,hayvan
karisi,4,23,Karısı,kişi
karisina,4,23,Karısına,kişi
kayin_ata_kayin_anasi,29,24,Kayın Ata - Kayın Anası,kişi
kazan_kardesi_kara_gone_kiyan_selcuk_oglu_deli_dundar_gaflet_koca_oglu_sir_semseddin_beyrek_kazilik_koca_oglu_bey_yigenek_dor_boyun_oksayan_deli_dundar_bin_kavim_baslari_duger_bin_bugduz_baslari_emen_dokuz_koca_baslari_aruz_kazanin_beyleri,0,31,"Kazan Kardeşi Kara Göne, Kıyan Selçuk Oğlu Deli Dündar, Gaflet Koca Oğlu Şir Şemseddin, Beyrek, Kazılık Koca Oğlu Bey Yigenek, Dör Boyun Okşayan Deli Dündar, Bin Kavim Başları Düger, Bin Bügdüz Başları Emen, Dokuz Koca Başları Aruz, Kazan'ın Beyleri",grup
kazan_ve_askerleri,0,31,Kazan ve Askerleri,grup
kazan_ve_bayindir_han,1,4,Kazan ve Bayındır Han,grup
kazan_ve_beyler,0,31,Kazan ve Beyler,grup
kazan_ve_karacuk_coban,7,14,Kazan ve Karaçuk Çoban,grup
kazanin_adamlari,0,31,Kazan'ın Adamları,grup
kazanin_adami,0,31,Kazan'ın Adamı,grup
kazanin_evi,32,33,Kazan'ın Evi,kişi
kazanin_kardesi_kara_gone,3,11,Kazan'ın Kardeşi Kara Göne,kişi
kazanin_karicuk_anasi,8,32,Kazan'ın Karıçuk Anası,kişi
kazan_uruz_ve_askerleri,20,25,"Kazan, Uruz ve Askerleri",grup
kazanin_askerleri,0,15,Kazanın Askerleri,grup
kazilik_koca,2,26,Kazılık Koca,kişi
kazilik_koca_oglu_bey_yigenek,7,14,Kazılık Koca Oğlu Bey Yigenek,kişi
kesisler,26,18,Keşişler,grup
kocalar,3,11,Kocalar,grup
kurt,0,31,Kurt,hayvan
kilbas,0,31,Kılbaş,kişi
kilbas_ve_kara_gone,0,31,Kılbaş ve Kara Göne,grup
kirk_kinuk,28,22,Kırk Kınuk,kişi
kisirca_yenge,1,4,Kısırca Yenge,kişi
kiyan_guci,8,32,Kıyan Güci,kişi
kiyan_oglu_deli_dundar,0,31,Kıyan Oğlu Deli Dündar,kişi
kiyan_selcuk,11,21,Kıyan Selçuk,kişi
kiyan_selcuk_oglu_deli_dundar,2,26,Kıyan Selçuk Oğlu Deli Dündar,kişi
kiyan_selcik,3,11,Kıyan Selçık,kişi
lala_kilbas,0,31,Lala Kılbaş,kişi
meclis,2,26,Meclis,grup
nesne,3,11,Nesne,kişi
oba,9,29,Oba,grup
oynadigi_oglanlar,3,11,Oynadığı Oğlanlar,kişi
ozan,1,4,Ozan,kişi
oglu_ve_40_adami,6,12,Oğlu ve 40 Adamı,grup
oglunu_veren_kadin,3,11,Oğlunu Veren Kadın,kişi
oguz,3,11,Oğuz,grup
oguz_askerleri,2,31,Oğuz Askerleri,grup
oguz_beyleri,3,11,Oğuz Beyleri,grup
oguz_han,10,1,Oğuz Han,kişi
oguz_hanin_likcisi,10,1,Oğuz Han'ın Lıkçısı,kişi
pay_picen_bey,1,4,Pay Piçen Bey,kişi
pay_pure,3,11,Pay Püre,kişi
pay_pure_bey,1,4,Pay Püre Bey,kişi
pay_pure_beyin_ordusu,21,27,Pay Püre Bey'in Ordusu,grup
pay_purenin_oglu,1,4,Pay Püre'nin Oğlu,kişi
paypure,0,31,Paypüre,kişi
peri,12,28,Peri,kişi
peri_kizi,12,28,Peri Kızı,mitolojik/ilahi
peygamber_sahabesi_kanli_bugduz_emen,7,14,Peygamber Sahabesi Kanlı Bügdüz Emen,kişi
saht_oldu,10,1,Saht Oldu,kişi
salur_kazan,0,31,Salur Kazan,kişi
sari_coban,12,28,Sarı Çoban,kişi
segerk,4,15,Segerk,kişi
segrek,4,23,Segrek,kişi
segrekin_karisi,29,24,Segrekin Karısı,kişi
selcen_hatun,5,30,Selcen Hatun,kişi
serhat_beylerinden_ulak,0,31,Serhat Beylerinden Ulak,grup
su,0,31,Su,nesne/doğa
tanri,9,29,Tanrı,mitolojik/ilahi
tatyan_kalesi_casuslari,13,0,Tatyan Kalesi Casusları,grup
tekfur_begil_boyu,2,15,Tekfur (Begil Boyu),kişi
tekfur_kan_turali_boyu,5,30,Tekfur (Kan Turalı Boyu),kişi
tekfur_segrek_boyu,4,23,Tekfur (Segrek Boyu),kişi
tekfur_uruz_kurtarma_boyu,0,31,Tekfur (Uruz Kurtarma Boyu),kişi
tekfur_uruz_tutsak_boyu,13,0,Tekfur (Uruz Tutsak Boyu),kişi
tekfur_ve_100_kafir,16,19,Tekfur ve 100 Kafir,grup
tekfur_ve_sokli_melik,0,31,Tekfur ve Şökli Melik,grup
tekfurun,27,20,Tekfurun,kişi
tekfurun_adamlari,5,30,Tekfurun Adamları,grup
tekfurun_askerleri,0,15,Tekfurun Askerleri,grup
tekfurun_beyleri,0,31,Tekfurun Beyleri,grup
tekfurun_casusu,4,23,Tekfurun Casusu,kişi
tekfurun_kardesinin_oglu,5,30,Tekfurun Kardeşinin Oğlu,kişi
tekfurun_karisi,0,31,Tekfurun Karısı,kişi
tepegoz,3,11,Tepegöz,mitolojik/ilahi
tepegozden_sikayetci_olan_ana_babalar,10,1,Tepegözden Şikayetçi Olan Ana Babalar,mitolojik/ilahi
tepegozun_peri_annesi,3,11,Tepegözün Peri Annesi,mitolojik/ilahi
ters_uzamis,4,23,Ters Uzamış,kişi
trabzon_tekfuru,5,30,Trabzon Tekfuru,kişi
ulas,0,31,Ulaş,kişi
uruz,0,31,Uruz,kişi
uruz_ve_300_asker,0,31,Uruz ve 300 Asker,grup
uruz_ve_uruzun_40_askeri,30,17,Uruz ve Uruzun 40 Askeri,grup
uruzun_40_askeri,0,31,Uruz'un 40 Askeri,grup
uruzun_sag_yaninda_yer_gosterdi_cubbe_giydirdi,22,6,"Uruz'un Sağ Yanında Yer Gösterdi, Cübbe Giydirdi",kişi
uruzun_40_adamini_sehit_ettiler,0,31,Uruzun 40 Adamını Şehit Ettiler,grup
uruzun_annesi,0,31,Uruzun Annesi,kişi
ustalar,0,31,Ustalar,grup
usun_koca,4,15,Uşun Koca,kişi
usun_koca_oglu,3,11,Uşun Koca Oğlu,kişi
usun_koca_oglunun_2_kardesi,3,11,Uşun Koca Oğlu'nun 2 Kardeşi,kişi
usun_koca_ve_karisi,0,31,Uşun Koca ve Karısı,grup
usun_kocanin_buyuk,4,23,Uşun Kocanın Büyük,kişi
usun_kocanin_kucuk,4,23,Uşun Kocanın Küçük,kişi
yalanci_oglu_yaltacuk,1,4,Yalançı Oğlu Yaltaçuk,kişi
yarar_kocalar,2,26,Yarar Kocalar,grup
yasli_kadin,3,11,Yaşlı Kadın,kişi
yedi_basli_ejderha,0,31,Yedi Başlı Ejderha,mitolojik/ilahi
yedi_kafir_beyi,3,11,Yedi Kafir Beyi,kişi
yedi_yigit,31,8,Yedi Yiğit,grup
yigenek,2,26,Yigenek,kişi
yigenek_ve_sancak_beyleri,2,26,Yigenek ve Sancak Beyleri,grup
yigit,3,11,Yiğit,grup
yoldaslari,2,26,Yoldaşları,grup
yurt,0,31,Yurt,nesne/doğa
yuz_bin_kafir,0,31,Yüz Bin Kâfir,grup
zindanci,0,31,Zindancı,kişi
cekisen_oksuzle_diger_cocugu_ayirig_tokat_atti,4,23,Çekişen Öksüzle Diğer Çocuğu Ayırığ Tokat Attı,kişi
cevresindekiler,5,30,Çevresindekiler,grup
coban,12,28,Çoban,kişi
cobanlar,1,4,Çobanlar,kişi
oksuz_cocuk,4,23,Öksüz Çocuk,kişi
ic_oguz,0,31,İç Oğuz,grup
ic_oguz_beyleri,0,31,İç Oğuz Beyleri,grup
sir_semseddin,1,4,Şir Şemseddin,kişi
sokli_melik,8,32,Şökli Melik,kişi
sokli_melik_ve_adamlari,32,33,Şökli Melik ve Adamları,grup
