pair,metric,n_common_nodes,spearman_rho,spearman_p,kendall_tau,kendall_p,top_10_overlap_fraction,top_20_overlap_fraction
person_plus_group_vs_person_only,degree,154,0.9157452457267307,4.475414685223788e-62,0.8761854336258534,2.0858362986885765e-37,1.0,0.8
person_plus_group_vs_person_only,betweenness,154,0.8921467587526797,2.5295135710793432e-54,0.8277527328317158,3.4998976871320676e-33,0.7,0.85
person_plus_group_vs_person_only,pagerank,154,0.9259979897249087,3.4639912952402453e-66,0.8087149941679715,9.074232289202311e-49,0.8,0.8
weighted_vs_unweighted,degree,311,1.0,0.0,1.0,3.0853991582629202e-89,1.0,1.0
weighted_vs_unweighted,betweenness,311,0.885794555458881,4.846042754341045e-105,0.8387312779385404,5.605249378270637e-64,0.6,0.8
weighted_vs_unweighted,pagerank,311,0.8489062985830346,1.4425307032413495e-87,0.6985240780980234,5.190423697621719e-72,0.9,0.85
all_relations_vs_core_social,degree,309,0.9999995789208921,0.0,0.9999619062130967,8.352567675564514e-89,0.9,0.95
all_relations_vs_core_social,betweenness,309,0.9999992809436034,0.0,0.9999011369253582,1.5037793433981293e-86,1.0,1.0
all_relations_vs_core_social,pagerank,309,0.9999213432454427,0.0,0.9978576172418965,7.636617991678884e-146,0.9,1.0
explicit_only_vs_explicit_plus_inferred,degree,293,0.9816759529051566,1.4637236866817583e-211,0.9758290225392785,6.119963692319151e-81,1.0,0.9
explicit_only_vs_explicit_plus_inferred,betweenness,293,0.984253789780102,4.634207065809724e-221,0.9689846390086049,6.94149167111959e-78,0.7,0.95
explicit_only_vs_explicit_plus_inferred,pagerank,293,0.989341574132362,1.4648573397078308e-245,0.9554020914837704,8.661756442967909e-128,1.0,0.95
groups_included_vs_excluded,degree,183,0.9498048410297082,2.8099849528701104e-93,0.923502204397601,5.274831443057961e-48,0.9,0.85
groups_included_vs_excluded,betweenness,183,0.9488164054529897,1.5691370672483246e-92,0.9046618094844819,2.4282178007416076e-45,0.7,1.0
groups_included_vs_excluded,pagerank,183,0.9573640202922519,1.5213818366941628e-99,0.8756692420346751,8.037620512341677e-68,0.9,0.85
girizgah_included_vs_excluded,degree,310,0.9999995821809651,0.0,0.9999620637329286,5.11527291288773e-89,0.9,0.95
girizgah_included_vs_excluded,betweenness,310,0.9999992861790342,0.0,0.9999015020930804,9.24838599427709e-87,1.0,1.0
girizgah_included_vs_excluded,pagerank,310,0.9996730768493406,0.0,0.9971480866641127,3.8627822745693746e-146,0.9,1.0
