node_id,positive_degree,negative_degree,positive_strength,negative_strength,positive_negative_ratio,canonical_name,node_type
salur_kazan,59.0,19.0,216.0,89.0,3.1052631578947367,Salur Kazan,kişi
bamsi_beyrek,21.0,8.0,85.0,35.0,2.625,Bamsı Beyrek,kişi
bayindir_han,13.0,1.0,51.0,3.0,13.0,Bayındır Han,kişi
kan_turali,9.0,4.0,38.0,20.0,2.25,Kan Turalı,kişi
dede_korkut,8.0,3.0,28.0,11.0,2.6666666666666665,Dede Korkut,kişi
uruz,8.0,6.0,36.0,28.0,1.3333333333333333,Uruz,kişi
tekfur_kan_turali_boyu,7.0,0.0,35.0,0.0,inf,Tekfur (Kan Turalı Boyu),kişi
basat,7.0,2.0,34.0,10.0,3.5,Basat,kişi
segrek,6.0,3.0,25.0,15.0,2.0,Segrek,kişi
lala_kilbas,6.0,0.0,19.0,0.0,inf,Lala Kılbaş,kişi
begil,5.0,0.0,20.0,0.0,inf,Begil,kişi
pay_pure,5.0,0.0,17.0,0.0,inf,Pay Püre,kişi
tanri,5.0,1.0,16.0,5.0,5.0,Tanrı,mitolojik/ilahi
dis_oguz_beyleri,4.0,0.0,14.0,0.0,inf,Dış Oğuz Beyleri,grup
bezirganlar,4.0,1.0,16.0,5.0,4.0,Bezirganlar,grup
deli_karcar,4.0,3.0,14.0,11.0,1.3333333333333333,Deli Karçar,kişi
aruz,4.0,2.0,16.0,7.0,2.0,Aruz,kişi
kam_gan,4.0,0.0,20.0,0.0,inf,Kam Gan,kişi
kara_budak,4.0,4.0,18.0,19.0,1.0,Kara Budak,kişi
yigenek,4.0,2.0,19.0,7.0,2.0,Yigenek,kişi
kanli_koca,4.0,0.0,16.0,0.0,inf,Kanlı Koca,kişi
kara_gone,3.0,0.0,13.0,0.0,inf,Kara Göne,kişi
emren,3.0,1.0,13.0,5.0,3.0,Emren,kişi
egrek,3.0,0.0,15.0,0.0,inf,Egrek,kişi
turkistan,3.0,0.0,9.0,0.0,inf,Türkistan,yer/coğrafya
banu_cicek,3.0,0.0,13.0,0.0,inf,Banu Çiçek,kişi
bogac,3.0,0.0,10.0,0.0,inf,Boğaç,kişi
tepegoz,3.0,12.0,14.0,57.0,0.25,Tepegöz,mitolojik/ilahi
selcen_hatun,3.0,2.0,11.0,10.0,1.5,Selcen Hatun,kişi
pay_pure_bey,2.0,1.0,8.0,3.0,2.0,Pay Püre Bey,kişi
kafir_beyinin_kizi,2.0,0.0,9.0,0.0,inf,Kafir Beyi'nin Kızı,kişi
ustalar,2.0,0.0,6.0,0.0,inf,Ustalar,grup
tekfur_uruz_tutsak_boyu,2.0,0.0,4.0,0.0,inf,Tekfur (Uruz Tutsak Boyu),kişi
kazilik_koca,2.0,2.0,10.0,10.0,1.0,Kazılık Koca,kişi
trabzon_tekfuru,2.0,0.0,8.0,0.0,inf,Trabzon Tekfuru,kişi
karacuk_coban,2.0,3.0,5.0,12.0,0.6666666666666666,Karaçuk Çoban,kişi
dirse_han,2.0,2.0,8.0,8.0,1.0,Dirse Han,kişi
at_agizli_aruz_koca,2.0,0.0,10.0,0.0,inf,At Ağızlı Aruz Koca,kişi
azrail,2.0,1.0,6.0,5.0,2.0,Azrail,mitolojik/ilahi
cevresindekiler,2.0,0.0,10.0,0.0,inf,Çevresindekiler,grup
ulas,2.0,0.0,10.0,0.0,inf,Ulaş,kişi
kafir,2.0,3.0,9.0,15.0,0.6666666666666666,Kafir,kişi
karisi,2.0,0.0,9.0,0.0,inf,Karısı,kişi
beyrekin_40_yigidi,2.0,0.0,9.0,0.0,inf,Beyrek'in 40 Yiğidi,grup
adsiz_kisi_uruz_kurtarma_boyu,2.0,0.0,7.0,0.0,inf,Adsız Kişi (Uruz Kurtarma Boyu),kişi
alp_eren,2.0,1.0,10.0,5.0,2.0,Alp Eren,kişi
aruz_koca,2.0,1.0,10.0,5.0,2.0,Aruz Koca,kişi
deli_dumrul,2.0,2.0,8.0,10.0,1.0,Deli Dumrul,kişi
duzen,1.0,0.0,5.0,0.0,inf,Düzen,kişi
doksan_tumen_oguz,1.0,0.0,3.0,0.0,inf,Doksan Tümen Oğuz,grup
dumrul,1.0,2.0,3.0,6.0,0.5,Dumrul,kişi
kirk_kinuk,1.0,0.0,5.0,0.0,inf,Kırk Kınuk,kişi
kadinlar,1.0,0.0,5.0,0.0,inf,Kadınlar,grup
imrahor,1.0,0.0,3.0,0.0,inf,Imrahor,kişi
hizir,1.0,0.0,3.0,0.0,inf,Hızır,mitolojik/ilahi
dumrulun_40_adami,1.0,0.0,3.0,0.0,inf,Dumrul'un 40 Adamı,grup
direk_tekfur,1.0,1.0,5.0,5.0,1.0,Direk Tekfur,kişi
dis_oguz,1.0,0.0,3.0,0.0,inf,Dış Oğuz,grup
dis_oguz_agalari,1.0,0.0,3.0,0.0,inf,Dış Oğuz Ağaları,grup
duha_koca,1.0,1.0,5.0,3.0,1.0,Duha Koca,kişi
deli_dundar,1.0,3.0,5.0,15.0,0.3333333333333333,Deli Dündar,kişi
ak_saka_kalesi_casuslari,1.0,0.0,2.0,0.0,inf,Ak Saka Kalesi Casusları,grup
alp_rustem,1.0,1.0,5.0,5.0,1.0,Alp Rüstem,kişi
alti_bey_oglu,1.0,0.0,3.0,0.0,inf,Altı Bey Oğlu,kişi
300_kafir,1.0,3.0,5.0,15.0,0.3333333333333333,300 Kafir,kişi
ak_melik,1.0,0.0,5.0,0.0,inf,Ak Melik,kişi
annesi,1.0,0.0,5.0,0.0,inf,Annesi,kişi
beyler_ve_beyrek,1.0,0.0,3.0,0.0,inf,Beyler ve Beyrek,grup
bogac_han,1.0,1.0,5.0,4.0,1.0,Boğaç Han,kişi
beyrekin_kayin_babasi_kara_gone,1.0,0.0,5.0,0.0,inf,"Beyrek'in Kayın Babası, Kara Göne",kişi
bogazca_fatma,1.0,0.0,5.0,0.0,inf,Boğazça Fatma,kişi
beyrekin_yedi_kiz_kardesi,1.0,0.0,5.0,0.0,inf,Beyrek'in Yedi Kız Kardeşi,kişi
begilin_casusu,1.0,0.0,4.0,0.0,inf,Begilin Casusu,kişi
bayindir_han_kazan,1.0,0.0,5.0,0.0,inf,Bayındır Han Kazan,kişi
dumrulun_karisi,1.0,0.0,3.0,0.0,inf,Dumrul'un Karısı,kişi
at_agizli_aruz,1.0,0.0,3.0,0.0,inf,At Ağızlı Aruz,kişi
bayburt_hisrasi_melikinin_kizi,1.0,0.0,5.0,0.0,inf,Bayburt Hisrası Meliki'nin Kızı,kişi
deli_durmrul,1.0,0.0,3.0,0.0,inf,Deli Durmrul,kişi
duzmurd_kalesi_tekfuru_arsin,1.0,0.0,5.0,0.0,inf,Düzmürd Kalesi Tekfuru Arşın,kişi
beyrekin_buyuk_kiz_kardesi,1.0,0.0,4.0,0.0,inf,Beyrek'in Büyük Kız Kardeşi,kişi
basatin_annesi,1.0,0.0,5.0,0.0,inf,Basat'ın Annesi,kişi
bayburd_hisarindaki_kafirler,1.0,0.0,4.0,0.0,inf,Bayburd Hisarındaki Kafirler,grup
kiyan_selcuk,1.0,0.0,5.0,0.0,inf,Kıyan Selçuk,kişi
aruz_ve_dis_oguz_beyleri,1.0,0.0,4.0,0.0,inf,Aruz ve Dış Oğuz Beyleri,grup
usun_koca_oglunun_2_kardesi,1.0,0.0,5.0,0.0,inf,Uşun Koca Oğlu'nun 2 Kardeşi,kişi
tekfurun_askerleri,1.0,2.0,5.0,10.0,0.5,Tekfurun Askerleri,grup
yalanci_oglu_yaltacuk,1.0,3.0,4.0,12.0,0.3333333333333333,Yalançı Oğlu Yaltaçuk,kişi
usun_kocanin_buyuk,1.0,0.0,5.0,0.0,inf,Uşun Kocanın Büyük,kişi
yasli_kadin,1.0,0.0,5.0,0.0,inf,Yaşlı Kadın,kişi
yedi_yigit,1.0,0.0,5.0,0.0,inf,Yedi Yiğit,grup
oksuz_cocuk,1.0,0.0,4.0,0.0,inf,Öksüz Çocuk,kişi
usun_kocanin_kucuk,1.0,0.0,5.0,0.0,inf,Uşun Kocanın Küçük,kişi
tekfurun_karisi,1.0,0.0,5.0,0.0,inf,Tekfurun Karısı,kişi
usun_koca_ve_karisi,1.0,0.0,5.0,0.0,inf,Uşun Koca ve Karısı,grup
usun_koca_oglu,1.0,0.0,5.0,0.0,inf,Uşun Koca Oğlu,kişi
uruzun_sag_yaninda_yer_gosterdi_cubbe_giydirdi,1.0,0.0,5.0,0.0,inf,"Uruz'un Sağ Yanında Yer Gösterdi, Cübbe Giydirdi",kişi
tekfurun_kardesinin_oglu,1.0,0.0,5.0,0.0,inf,Tekfurun Kardeşinin Oğlu,kişi
pay_purenin_oglu,1.0,1.0,3.0,5.0,1.0,Pay Püre'nin Oğlu,kişi
emen,1.0,0.0,5.0,0.0,inf,Emen,kişi
eylik_koca,1.0,0.0,5.0,0.0,inf,Eylik Koca,kişi
kan_turalinin_adamlari,1.0,0.0,5.0,0.0,inf,Kan Turalı'nın Adamları,grup
kan_turaliyi_gorunce_ona_tutuluyor_keske_babam_beni_buna_verse,1.0,0.0,5.0,0.0,inf,Kan Turalıyı Görünce Ona Tutuluyor Keşke Babam Beni Buna Verse,kişi
karisina,1.0,0.0,2.0,0.0,inf,Karısına,kişi
kara_cekur,1.0,0.0,5.0,0.0,inf,Kara Çekür,kişi
kazanin_askerleri,1.0,1.0,3.0,5.0,1.0,Kazanın Askerleri,grup
kazan_ve_bayindir_han,1.0,0.0,5.0,0.0,inf,Kazan ve Bayındır Han,grup
kara_gone_oglu_kara_budak,1.0,0.0,3.0,0.0,inf,Kara Göne Oğlu Kara Budak,kişi
kara_budak_kazan_oglu_uruz_beyler_basi_yigenek_gaflet_koca_oglu_sir_semseddin_deli_karcar_dugunde_ok_atarlar,1.0,0.0,5.0,0.0,inf,"Kara Budak, Kazan Oğlu Uruz, Beyler Başı Yigenek, Gaflet Koca Oğlu Şir Şemseddin, Deli Karçar, Düğünde Ok Atarlar",grup
kan_turalinin_anne_babasi,1.0,0.0,4.0,0.0,inf,Kan Turalının Anne Babası,grup
ic_oguz_beyleri_dis_oguz_beyleri_pay_pure_bey_kara_budak_uruz_bey_yigenek_salur_kazan_pay_bicen,1.0,0.0,2.0,0.0,inf,"Iç Oğuz Beyleri, Dış Oğuz Beyleri, Pay Püre Bey, Kara Budak, Uruz, Bey Yigenek, Salur Kazan, Pay Biçen",grup
hekimler,1.0,0.0,4.0,0.0,inf,Hekimler,grup
han_afsar,1.0,0.0,3.0,0.0,inf,Han Afşar,kişi
kafirler_uruz_kurtarma_boyu,1.0,2.0,4.0,8.0,0.5,Kafirler (Uruz Kurtarma Boyu),grup
kafir_eri,1.0,0.0,4.0,0.0,inf,Kafir Eri,kişi
ic_oguz,1.0,0.0,3.0,0.0,inf,İç Oğuz,grup
ic_oguz_beyleri,1.0,0.0,3.0,0.0,inf,İç Oğuz Beyleri,grup
tekfurun_adamlari,1.0,0.0,5.0,0.0,inf,Tekfurun Adamları,grup
oguz_han,1.0,0.0,5.0,0.0,inf,Oğuz Han,kişi
kiyan_selcuk_oglu_deli_dundar,1.0,1.0,3.0,5.0,1.0,Kıyan Selçuk Oğlu Deli Dündar,kişi
kiyan_oglu_deli_dundar,1.0,0.0,3.0,0.0,inf,Kıyan Oğlu Deli Dündar,kişi
kilbas,1.0,0.0,5.0,0.0,inf,Kılbaş,kişi
kisirca_yenge,1.0,0.0,5.0,0.0,inf,Kısırca Yenge,kişi
paypure,1.0,0.0,5.0,0.0,inf,Paypüre,kişi
tekfur_begil_boyu,1.0,1.0,5.0,5.0,1.0,Tekfur (Begil Boyu),kişi
tatyan_kalesi_casuslari,1.0,0.0,2.0,0.0,inf,Tatyan Kalesi Casusları,grup
tekfurun,1.0,0.0,5.0,0.0,inf,Tekfurun,kişi
oguz_beyleri,1.0,2.0,3.0,10.0,0.5,Oğuz Beyleri,grup
100_kafir,0.0,1.0,0.0,5.0,0.0,100 Kafir,kişi
24_sancak_beyi,0.0,1.0,0.0,5.0,0.0,24 Sancak Beyi,grup
demir_donlu_mamak,0.0,1.0,0.0,5.0,0.0,Demir Donlu Mamak,kişi
deve,0.0,1.0,0.0,5.0,0.0,Deve,hayvan
boga,0.0,1.0,0.0,5.0,0.0,Boğa,hayvan
bayburt_hisari_beyi,0.0,1.0,0.0,5.0,0.0,Bayburt Hisarı Beyi,kişi
bamsinin_naibi,0.0,1.0,0.0,5.0,0.0,Bamsı'nın Naibi,kişi
bamsinin_anne_babasi,0.0,1.0,0.0,2.0,0.0,Bamsı'nın Anne Babası,grup
bamsinin_haberi_gelince,0.0,1.0,0.0,2.0,0.0,Bamsı'nın Haberi Gelince,kişi
bas_acik,0.0,1.0,0.0,5.0,0.0,Baş Açık,kişi
beyrekin_yoldaslari,0.0,1.0,0.0,3.0,0.0,Beyrek'in Yoldaşları,grup
aslan,0.0,1.0,0.0,5.0,0.0,Aslan,hayvan
bamsi_ve_bamsinin_40_yigidi,0.0,1.0,0.0,5.0,0.0,Bamsı ve Bamsının 40 Yiğidi,grup
boyu_uzun_burla_hatun_ve_40_ince_belli_kiz,0.0,1.0,0.0,5.0,0.0,Boyu Uzun Burla Hatun ve 40 Ince Belli Kız,grup
16_bin_kafir,0.0,1.0,0.0,5.0,0.0,16 Bin Kafir,kişi
60_kafir,0.0,1.0,0.0,5.0,0.0,60 Kafir,kişi
600_kafir,0.0,6.0,0.0,29.0,0.0,600 Kafir,kişi
ak_sakalli_aruz_koca,0.0,1.0,0.0,5.0,0.0,Ak Sakallı Aruz Koca,kişi
6_kafir,0.0,1.0,0.0,5.0,0.0,6 Kafir,kişi
alplar_basi_kazan,0.0,1.0,0.0,5.0,0.0,Alplar Başı Kazan,kişi
arsin_oglu_direk_tekfur,0.0,5.0,0.0,25.0,0.0,Arşın Oğlu Direk Tekfur,kişi
donebilmez_dulek_evren,0.0,1.0,0.0,5.0,0.0,Dönebilmez Dülek Evren,kişi
duzen_oglu_alp_rustem,0.0,1.0,0.0,5.0,0.0,Düzen Oğlu Alp Rüstem,kişi
dirse_hanin_40_adami,0.0,4.0,0.0,17.0,0.0,Dirse Han'ın 40 Adamı,grup
dumrulun_annesi,0.0,1.0,0.0,3.0,0.0,Dumrul'un Annesi,kişi
deli_budak,0.0,1.0,0.0,5.0,0.0,Deli Budak,kişi
bogac_ve_bogacin_40_adami,0.0,1.0,0.0,5.0,0.0,Boğaç ve Boğaç'ın 40 Adamı,grup
burla_hatun,0.0,1.0,0.0,5.0,0.0,Burla Hatun,kişi
bogacuk_melik,0.0,1.0,0.0,5.0,0.0,Boğaçuk Melik,kişi
cilasun_yigitleri_ve_deli_dundar,0.0,1.0,0.0,5.0,0.0,Cilasun Yiğitleri ve Deli Dündar,grup
cilasun_yigitler_ve_kara_budak,0.0,1.0,0.0,5.0,0.0,Cilasun Yiğitler ve Kara Budak,grup
biyigi_kanli_bugduz_emen,0.0,1.0,0.0,5.0,0.0,Bıyığı Kanlı Bügdüz Emen,kişi
bugacuk_melik,0.0,1.0,0.0,5.0,0.0,Buğaçuk Melik,kişi
demir_guci,0.0,1.0,0.0,5.0,0.0,Demir Güci,kişi
kazanin_karicuk_anasi,0.0,1.0,0.0,5.0,0.0,Kazan'ın Karıçuk Anası,kişi
kazan_uruz_ve_askerleri,0.0,1.0,0.0,5.0,0.0,"Kazan, Uruz ve Askerleri",grup
kara_tekfur,0.0,2.0,0.0,10.0,0.0,Kara Tekfur,kişi
ic_oguz_ve_kazan,0.0,1.0,0.0,5.0,0.0,Iç Oğuz ve Kazan,grup
eylik_koca_oglu_saru_kulmas,0.0,1.0,0.0,5.0,0.0,Eylik Koca Oğlu Saru Kulmaş,kişi
dis_oguz_beyleri_ve_deli_dundar,0.0,2.0,0.0,10.0,0.0,Dış Oğuz Beyleri ve Deli Dündar,grup
evnuk_kalesi_kafirleri,0.0,2.0,0.0,10.0,0.0,Evnük Kalesi Kafirleri,grup
kafirin_casusu,0.0,1.0,0.0,5.0,0.0,Kafirin Casusu,kişi
kafirin_sancagini_kilicladi,0.0,1.0,0.0,5.0,0.0,Kafirin Sancağını Kılıçladı,kişi
kafirin_sagina_saldirdilar,0.0,1.0,0.0,5.0,0.0,Kafirin Sağına Saldırdılar,kişi
kafirin_40_atlisi,0.0,1.0,0.0,5.0,0.0,Kafirin 40 Atlısı,kişi
kafirin_soluna_saldirdilar,0.0,1.0,0.0,5.0,0.0,Kafirin Soluna Saldırdılar,kişi
kafirler_bamsi_beyrek_boyu,0.0,1.0,0.0,5.0,0.0,Kafirler (Bamsı Beyrek Boyu),grup
kafirler_ev_yagmasi_boyu,0.0,9.0,0.0,45.0,0.0,Kafirler (Ev Yağması Boyu),grup
kafirler_kan_turali_boyu,0.0,1.0,0.0,5.0,0.0,Kafirler (Kan Turalı Boyu),grup
kafirler_uruz_tutsak_boyu,0.0,5.0,0.0,25.0,0.0,Kafirler (Uruz Tutsak Boyu),grup
kafirlerin_sag_cenahi,0.0,1.0,0.0,5.0,0.0,Kafirlerin Sağ Cenahı,grup
kalenin_sigir_cobani,0.0,1.0,0.0,2.0,0.0,Kalenin Sığır Çobanı,kişi
kaleye_hucum_edenler,0.0,1.0,0.0,5.0,0.0,Kaleye Hücum Edenler,grup
egrek_ve_segrek,0.0,1.0,0.0,5.0,0.0,Egrek ve Segrek,grup
egrek_ve_300_akinci,0.0,1.0,0.0,5.0,0.0,Egrek ve 300 Akıncı,grup
kazanin_kardesi_kara_gone,0.0,1.0,0.0,5.0,0.0,Kazan'ın Kardeşi Kara Göne,kişi
kazanin_evi,0.0,1.0,0.0,5.0,0.0,Kazan'ın Evi,kişi
kazan_ve_beyler,0.0,1.0,0.0,5.0,0.0,Kazan ve Beyler,grup
kazan_ve_karacuk_coban,0.0,1.0,0.0,5.0,0.0,Kazan ve Karaçuk Çoban,grup
kazan_kardesi_kara_gone_kiyan_selcuk_oglu_deli_dundar_gaflet_koca_oglu_sir_semseddin_beyrek_kazilik_koca_oglu_bey_yigenek_dor_boyun_oksayan_deli_dundar_bin_kavim_baslari_duger_bin_bugduz_baslari_emen_dokuz_koca_baslari_aruz_kazanin_beyleri,0.0,1.0,0.0,5.0,0.0,"Kazan Kardeşi Kara Göne, Kıyan Selçuk Oğlu Deli Dündar, Gaflet Koca Oğlu Şir Şemseddin, Beyrek, Kazılık Koca Oğlu Bey Yigenek, Dör Boyun Okşayan Deli Dündar, Bin Kavim Başları Düger, Bin Bügdüz Başları Emen, Dokuz Koca Başları Aruz, Kazan'ın Beyleri",grup
kazan_ve_askerleri,0.0,1.0,0.0,5.0,0.0,Kazan ve Askerleri,grup
kara_tuken_melik,0.0,2.0,0.0,10.0,0.0,Kara Tüken Melik,kişi
kara_tekfurun_casusu,0.0,1.0,0.0,5.0,0.0,Kara Tekfurun Casusu,kişi
kapcak_melik,0.0,1.0,0.0,5.0,0.0,Kapçak Melik,kişi
kan_turali_ve_selcen_hatun,0.0,1.0,0.0,5.0,0.0,Kan Turalı ve Selcen Hatun,grup
kara_arslan_melik,0.0,1.0,0.0,5.0,0.0,Kara Arslan Melik,kişi
kara_gone_ve_askerleri,0.0,1.0,0.0,3.0,0.0,Kara Göne ve Askerleri,grup
kara_gone_deli_dundar_kara_budak,0.0,1.0,0.0,5.0,0.0,"Kara Göne, Deli Dündar, Kara Budak",kişi
kazilik_koca_oglu_bey_yigenek,0.0,1.0,0.0,5.0,0.0,Kazılık Koca Oğlu Bey Yigenek,kişi
tekfur_ve_sokli_melik,0.0,1.0,0.0,5.0,0.0,Tekfur ve Şökli Melik,grup
tekfur_uruz_kurtarma_boyu,0.0,1.0,0.0,2.0,0.0,Tekfur (Uruz Kurtarma Boyu),kişi
peygamber_sahabesi_kanli_bugduz_emen,0.0,1.0,0.0,5.0,0.0,Peygamber Sahabesi Kanlı Bügdüz Emen,kişi
kesisler,0.0,1.0,0.0,5.0,0.0,Keşişler,grup
kiyan_guci,0.0,1.0,0.0,5.0,0.0,Kıyan Güci,kişi
kiyan_selcik,0.0,1.0,0.0,5.0,0.0,Kıyan Selçık,kişi
oguz_askerleri,0.0,1.0,0.0,5.0,0.0,Oğuz Askerleri,grup
oguz,0.0,2.0,0.0,10.0,0.0,Oğuz,grup
uruz_ve_uruzun_40_askeri,0.0,1.0,0.0,5.0,0.0,Uruz ve Uruzun 40 Askeri,grup
uruzun_40_askeri,0.0,1.0,0.0,5.0,0.0,Uruz'un 40 Askeri,grup
yedi_basli_ejderha,0.0,4.0,0.0,19.0,0.0,Yedi Başlı Ejderha,mitolojik/ilahi
yedi_kafir_beyi,0.0,1.0,0.0,5.0,0.0,Yedi Kafir Beyi,kişi
yoldaslari,0.0,1.0,0.0,2.0,0.0,Yoldaşları,grup
yuz_bin_kafir,0.0,1.0,0.0,5.0,0.0,Yüz Bin Kâfir,grup
sokli_melik,0.0,7.0,0.0,31.0,0.0,Şökli Melik,kişi
sokli_melik_ve_adamlari,0.0,1.0,0.0,5.0,0.0,Şökli Melik ve Adamları,grup
