,S01,S02,S03,S04,S05,S06,S07,S08,S09,S10,S11,S12,S13,S14
100_kafir,0,0,0,0,0,0,0,0,0,1,1,0,0,0
16_bin_kafir,0,0,0,0,1,0,0,0,0,0,0,0,0,0
24_sancak_beyi,0,0,0,0,0,0,0,1,0,0,0,0,0,0
300_akinci,0,0,0,0,0,0,0,0,0,0,1,0,0,0
300_asker,0,0,0,0,1,0,0,0,0,1,0,0,0,0
300_kafir,0,0,0,1,0,0,0,0,0,0,1,0,0,0
40_askeri,0,0,0,0,1,0,0,0,0,0,0,0,0,0
40_ince_belli_kiz,0,1,1,0,1,0,0,0,0,0,0,0,0,0
40_yigit,0,0,0,0,0,1,0,0,0,0,0,0,0,0
600_kafir,0,0,1,0,0,0,1,0,0,0,1,0,0,0
60_kafir,0,0,0,0,0,0,0,0,0,0,1,0,0,0
6_kafir,0,0,0,0,0,0,0,0,0,0,1,0,0,0
adsiz_kisi_uruz_kurtarma_boyu,0,0,0,0,0,0,0,0,0,0,0,1,0,0
agac,0,0,1,0,0,0,0,0,0,0,0,0,0,0
ak_melik,0,0,1,0,0,0,0,0,0,0,0,0,0,0
ak_saka_kalesi_casuslari,0,0,0,0,1,0,0,0,0,0,0,0,0,0
ak_sakalli_aruz_koca,0,0,0,0,0,0,0,0,1,0,0,0,0,0
alp_eren,0,0,1,0,0,0,0,0,0,0,0,0,0,0
alp_rustem,0,0,0,0,0,0,0,0,0,1,0,1,1,0
alplar_basi_kazan,0,0,0,0,0,0,0,0,1,0,0,0,0,0
alti_bey_oglu,0,0,0,0,0,0,0,0,0,0,0,0,0,1
anne_ve_babasi,0,0,0,0,0,0,0,0,1,1,1,0,0,0
annesi,0,0,0,0,0,0,0,0,0,0,1,1,0,0
arsin_oglu_direk_tekfur,0,0,0,0,0,0,0,1,0,0,0,0,0,0
aruz,0,0,0,0,0,0,0,0,1,0,0,0,1,0
aruz_koca,0,0,1,0,0,0,0,0,1,0,0,0,0,0
aruz_ve_dis_oguz_beyleri,0,0,0,0,0,0,0,0,0,0,0,0,1,0
aruzun_habercisi,0,0,0,0,0,0,0,0,0,0,0,0,1,0
askerler,0,0,0,0,0,0,0,0,0,0,0,1,0,0
aslan,0,0,0,0,0,0,1,0,1,0,0,0,0,0
aslan_yatagi,0,0,0,0,0,0,0,0,1,0,0,0,0,0
at_agizli_aruz,0,0,0,0,1,0,0,0,0,0,0,0,0,0
at_agizli_aruz_koca,0,0,1,0,0,0,0,0,0,0,0,0,0,0
azrail,0,0,0,0,0,1,0,0,0,0,0,0,0,0
bamsi_beyrek,0,0,1,1,0,0,0,0,0,0,0,1,1,0
bamsi_ve_bamsinin_40_yigidi,0,0,0,1,0,0,0,0,0,0,0,0,0,0
bamsinin_anne_babasi,0,0,0,1,0,0,0,0,0,0,0,0,0,0
bamsinin_haberi_gelince,0,0,0,1,0,0,0,0,0,0,0,0,0,0
bamsinin_haberi_gelince_siyah_giyme_yas_tutma,0,0,0,1,0,0,0,0,0,0,0,0,0,0
bamsinin_naibi,0,0,0,1,0,0,0,0,0,0,0,0,0,0
banu_cicek,0,0,0,1,0,0,0,0,0,0,0,0,0,0
bas_acik,0,0,0,0,0,0,0,0,0,0,0,0,0,1
basat,0,0,0,0,0,0,0,0,1,0,0,0,1,0
basatin_annesi,0,0,0,0,0,0,0,0,1,0,0,0,0,0
bayat_boyu,1,0,0,0,0,0,0,0,0,0,0,0,0,0
bayburd_hisarindaki_kafirler,0,0,0,1,0,0,0,0,0,0,0,0,0,0
bayburt_hisari_beyi,0,0,0,1,0,0,0,0,0,0,0,0,0,0
bayburt_hisrasi_melikinin_kizi,0,0,0,1,0,0,0,0,0,0,0,0,0,0
bayindir_han,0,1,1,1,0,0,0,1,1,1,0,0,0,1
bayindir_han_kazan,0,0,0,0,0,0,0,0,0,1,0,0,0,0
bayindir_hanin_adamlari,0,1,0,0,0,0,0,0,0,0,0,0,0,0
begil,0,0,0,0,0,0,0,0,0,1,0,0,0,0
begilin_adamlari,0,0,0,0,0,0,0,0,0,1,0,0,0,0
begilin_casusu,0,0,0,0,0,0,0,0,0,1,0,0,0,0
begilin_hismi_ve_kavmi,0,0,0,0,0,0,0,0,0,1,0,0,0,0
begilin_karisi,0,0,0,0,0,0,0,0,0,1,0,0,0,0
beyerek,0,0,0,0,0,0,0,0,0,0,0,0,1,0
beyler_bamsi_beyrek_boyu,0,0,0,1,0,0,0,0,0,0,0,0,0,0
beyler_basat_boyu,0,0,0,0,0,0,0,0,1,0,0,0,0,0
beyler_begil_boyu,0,0,0,0,0,0,0,0,0,1,0,0,0,0
beyler_ev_yagmasi_boyu,0,0,1,0,0,0,0,0,0,0,0,0,0,0
beyler_uruz_kurtarma_boyu,0,0,0,0,0,0,0,0,0,0,0,1,0,0
beyler_uruz_tutsak_boyu,0,0,0,0,1,0,0,0,0,0,0,0,0,0
beyler_ve_beyrek,0,0,0,1,0,0,0,0,0,0,0,0,0,0
beyrek_in_40_yoldaslari,0,0,0,1,0,0,0,0,0,0,0,0,0,0
beyrekin_40_adami,0,0,0,1,0,0,0,0,0,0,0,0,0,0
beyrekin_40_yigidi,0,0,0,1,0,0,0,0,0,0,0,0,1,0
beyrekin_adamlari,0,0,0,0,0,0,0,0,0,0,0,0,1,0
beyrekin_anne_babasi,0,0,0,1,0,0,0,0,0,0,0,0,1,0
beyrekin_buyuk_kiz_kardesi,0,0,0,1,0,0,0,0,0,0,0,0,0,0
beyrekin_kayin_babasi_kara_gone,0,0,0,1,0,0,0,0,0,0,0,0,0,0
beyrekin_kucuk_kiz_kardesi,0,0,0,1,0,0,0,0,0,0,0,0,0,0
beyrekin_yedi_kiz_kardesi,0,0,0,1,0,0,0,0,0,0,0,0,0,0
beyrekin_yoldaslari,0,0,0,1,0,0,0,0,0,0,0,0,0,0
bezirganlar,0,0,0,1,0,0,0,0,0,0,0,0,0,0
biyigi_kanli_bugduz_emen,0,0,0,0,0,0,0,0,1,0,0,0,0,0
boga,0,0,0,0,0,0,1,0,0,0,0,0,0,0
bogac,0,1,0,0,0,0,0,0,0,0,0,0,0,0
bogac_han,0,1,0,0,0,0,0,0,0,0,0,0,0,0
bogac_ve_bogacin_40_adami,0,1,0,0,0,0,0,0,0,0,0,0,0,0
bogacin_40_adami,0,1,0,0,0,0,0,0,0,0,0,0,0,0
bogacuk_melik,0,0,1,0,0,0,0,0,0,0,0,0,0,0
bogazca_fatma,0,0,0,1,0,0,0,0,0,0,0,0,0,0
boyu_uzun_burla_hatun_ve_40_ince_belli_kiz,0,0,1,0,0,0,0,0,0,0,0,0,0,0
bugacuk_melik,0,0,0,0,1,0,0,0,0,0,0,0,0,0
burla_hatun,0,0,1,1,1,0,0,0,0,0,0,0,0,0
cebrail,0,0,0,0,0,0,0,1,0,1,0,0,0,0
cekisen_oksuzle_diger_cocugu_ayirig_tokat_atti,0,0,0,0,0,0,0,0,0,0,1,0,0,0
cevresindekiler,0,0,0,1,0,0,1,0,1,0,0,0,0,0
cilasun_yigitler_ve_kara_budak,0,0,1,0,0,0,0,0,0,0,0,0,0,0
cilasun_yigitleri_ve_deli_dundar,0,0,0,0,1,0,0,0,0,0,0,0,0,0
coban,0,0,0,0,0,0,0,0,1,0,0,0,0,0
cobanlar,0,0,0,1,0,0,0,0,0,0,0,0,0,0
dadi,0,0,0,0,0,0,0,0,1,0,0,0,0,0
dadi_ve_diger_kizlar,0,0,0,1,0,0,0,0,0,0,0,0,0,0
dadilar,0,0,0,0,0,0,0,0,1,0,0,0,0,0
dayalar,0,0,0,1,0,0,0,0,0,0,0,0,0,0
dede_korkut,1,0,0,1,0,0,0,0,1,1,0,0,0,1
deli_budak,0,0,1,0,0,0,0,0,0,0,0,0,0,0
deli_dumrul,0,0,0,0,0,1,0,0,0,0,0,0,0,0
deli_dundar,0,0,1,1,1,0,0,0,0,0,0,0,0,0
deli_durmrul,0,0,0,0,0,1,0,0,0,0,0,0,0,0
deli_karcar,0,0,0,1,0,0,0,0,0,0,0,0,0,0
demir_donlu_mamak,0,0,0,0,0,0,0,0,1,0,0,0,0,0
demir_guci,0,0,1,0,0,0,0,0,0,0,0,0,0,0
deve,0,0,0,0,0,0,1,0,0,0,0,0,0,0
deyis,0,0,0,1,0,0,0,0,0,0,0,0,0,0
dire,0,1,0,0,0,0,0,0,0,0,0,0,0,0
direk_tekfur,0,0,0,0,0,0,0,1,0,0,0,0,0,0
dirse_han,0,1,0,0,0,0,0,0,0,0,0,0,0,0
dirse_hanin_40_adami,0,1,0,0,0,0,0,0,0,0,0,0,0,0
dirse_hanin_karisi,0,1,0,0,0,0,0,0,0,0,0,0,0,0
dis_oguz,0,0,0,0,0,0,0,0,0,0,0,0,0,1
dis_oguz_agalari,0,0,0,0,0,0,0,0,0,0,0,0,0,1
dis_oguz_beyleri,0,0,0,0,0,0,0,0,0,0,0,0,1,0
dis_oguz_beyleri_ve_deli_dundar,0,0,1,0,1,0,0,0,0,0,0,0,0,0
doksan_tumen_oguz,0,0,0,0,1,0,0,0,0,0,0,0,0,0
dokuz_tumen_oguz,0,0,0,0,1,0,0,0,0,0,0,0,0,0
donebilmez_dulek_evren,0,0,0,0,0,0,0,1,0,0,0,1,0,0
donebilmez_dulerk_evren,0,0,0,0,0,0,0,0,0,0,0,1,0,0
duha_koca,0,0,0,0,0,1,0,0,0,0,0,0,0,0
dumrul,0,0,0,0,0,1,0,0,0,0,0,0,0,0
dumrulun_40_adami,0,0,0,0,0,1,0,0,0,0,0,0,0,0
dumrulun_annesi,0,0,0,0,0,1,0,0,0,0,0,0,0,0
dumrulun_karisi,0,0,0,0,0,1,0,0,0,0,0,0,0,0
duzen,0,0,0,0,0,0,0,0,0,1,0,0,0,0
duzen_oglu_alp_rustem,0,0,0,0,0,0,0,0,1,0,0,1,0,0
duzmurd_kalesi_tekfuru_arsin,0,0,0,0,0,0,0,1,0,0,0,0,0,0
egrek,0,0,0,0,0,0,0,0,0,0,1,0,0,0
egrek_ve_300_akinci,0,0,0,0,0,0,0,0,0,0,1,0,0,0
egrek_ve_segrek,0,0,0,0,0,0,0,0,0,0,1,0,0,0
egreke_yol_gosterdi,0,0,0,0,0,0,0,0,0,0,1,0,0,0
emen,0,0,0,0,0,0,0,1,0,1,0,0,1,0
emren,0,0,0,0,0,0,0,0,0,1,0,0,0,0
ense_koca_oglu_okcu,0,0,0,0,0,0,0,0,0,0,0,0,1,0
evnuk_kalesi_kafirleri,0,0,0,1,0,0,0,0,0,0,0,0,0,0
eylik_koca,0,0,1,0,0,0,0,0,0,0,0,0,0,0
eylik_koca_donebilmez_dulek_evren,0,0,0,0,0,0,0,0,0,0,0,1,0,0
eylik_koca_oglu_saru_kulmas,0,0,1,0,0,0,0,0,0,0,0,0,0,0
gelen_diger_dadilar,0,0,0,0,0,0,0,0,1,0,0,0,0,0
haberci,0,0,0,0,0,0,0,0,0,1,1,0,0,0
han_afsar,0,0,0,0,0,0,0,0,0,0,0,0,0,1
hekimler,0,1,0,0,0,0,0,0,0,0,0,0,0,0
hizir,0,1,0,0,0,0,0,0,0,0,0,0,0,0
ic_oguz,0,0,0,0,0,0,0,0,0,0,0,0,0,1
ic_oguz_beyleri,0,0,0,0,0,0,0,0,0,0,0,0,1,1
ic_oguz_beyleri_dis_oguz_beyleri_pay_pure_bey_kara_budak_uruz_bey_yigenek_salur_kazan_pay_bicen,0,0,0,1,0,0,0,0,0,0,0,0,0,0
ic_oguz_ve_kazan,0,0,1,0,0,0,0,0,0,0,0,0,0,0
imrahor,0,0,0,1,0,0,0,0,0,0,0,0,0,0
kadinlar,0,0,0,1,0,0,0,0,0,0,0,0,0,0
kafir,0,0,1,0,1,0,0,1,0,1,0,1,0,0
kafir_askeri,0,0,0,0,0,0,0,0,0,0,0,1,0,0
kafir_beyinin_kizi,0,0,0,1,0,0,0,0,0,0,0,0,0,0
kafir_eri,0,0,0,0,0,0,0,0,0,0,0,1,0,0
kafir_gozcusu,0,0,0,0,0,0,0,0,0,1,0,0,0,0
kafir_ordusu,0,0,0,0,0,0,0,0,0,1,0,0,0,0
kafirin_40_atlisi,0,0,0,1,0,0,0,0,0,0,0,0,0,0
kafirin_casusu,0,0,0,1,0,0,0,0,0,0,0,0,0,0
kafirin_causu,0,0,0,0,0,0,0,0,0,1,0,0,0,0
kafirin_sagina_saldirdilar,0,0,0,0,1,0,0,0,0,0,0,0,0,0
kafirin_sancagini_kilicladi,0,0,0,0,1,0,0,0,0,0,0,0,0,0
kafirin_soluna_saldirdilar,0,0,0,0,1,0,0,0,0,0,0,0,0,0
kafirler_bamsi_beyrek_boyu,0,0,0,1,0,0,0,0,0,0,0,0,0,0
kafirler_ev_yagmasi_boyu,0,0,1,0,0,0,0,0,0,0,0,0,0,0
kafirler_kan_turali_boyu,0,0,0,0,0,0,1,0,0,0,0,0,0,0
kafirler_segrek_boyu,0,0,0,0,0,0,0,0,0,0,1,0,0,0
kafirler_uruz_kurtarma_boyu,0,0,0,0,0,0,0,0,0,0,0,1,0,0
kafirler_uruz_tutsak_boyu,0,0,0,0,1,0,0,0,0,0,0,0,0,0
kafirlere,0,0,0,0,0,0,0,0,0,1,0,0,0,0
kafirlerin_sag_cenahi,0,0,0,0,1,0,0,0,0,0,0,0,0,0
kalenin_sigir_cobani,0,0,0,0,0,0,0,0,0,0,0,1,0,0
kaleye_hucum_edenler,0,0,0,1,0,0,0,0,0,0,0,0,0,0
kam_gan,0,1,0,1,0,0,0,1,0,1,0,0,0,0
kan_turali,0,0,0,0,0,0,1,0,0,0,0,0,0,0
kan_turali_ve_adamlari,0,0,0,0,0,0,1,0,0,0,0,0,0,0
kan_turali_ve_selcen_hatun,0,0,0,0,0,0,1,0,0,0,0,0,0,0
kan_turalinin_40_adami,0,0,0,0,0,0,1,0,0,0,0,0,0,0
kan_turalinin_adamlari,0,0,0,0,0,0,1,0,0,0,0,0,0,0
kan_turalinin_anne_babasi,0,0,0,0,0,0,1,0,0,0,0,0,0,0
kan_turaliyi_gorunce_ona_tutuluyor_keske_babam_beni_buna_verse,0,0,0,0,0,0,1,0,0,0,0,0,0,0
kanli_koca,0,0,0,0,0,0,1,0,0,0,0,0,0,0
kapcak_melik,0,0,1,0,0,0,0,0,0,0,0,0,0,0
kapici,0,0,0,0,0,0,0,0,0,1,0,0,0,0
kara_arslan_melik,0,0,0,1,0,0,0,0,0,0,0,0,0,0
kara_budak,0,0,1,1,1,0,0,1,0,0,0,0,0,1
kara_budak_kazan_oglu_uruz_beyler_basi_yigenek_gaflet_koca_oglu_sir_semseddin_deli_karcar_dugunde_ok_atarlar,0,0,0,1,0,0,0,0,0,0,0,0,0,0
kara_cekur,0,0,0,0,0,0,1,0,0,0,0,0,0,0
kara_gone,0,0,1,0,1,0,0,1,0,0,0,0,1,0
kara_gone_deli_dundar_kara_budak,0,0,1,0,0,0,0,0,0,0,0,0,0,0
kara_gone_oglu_kara_budak,0,0,1,0,0,0,0,0,0,0,0,0,0,0
kara_gone_ve_askerleri,0,0,0,0,0,0,0,0,0,0,0,1,0,0
kara_tekfur,0,0,0,1,0,0,0,0,0,0,1,0,0,0
kara_tekfurun_casusu,0,0,0,0,0,0,0,0,0,0,1,0,0,0
kara_tuken_melik,0,0,1,0,1,0,0,0,0,0,0,0,0,0
karacuk_coban,0,0,1,0,0,0,0,0,0,0,0,0,0,0
karacuk_cobanin_kara_kopegi,0,0,1,0,0,0,0,0,0,0,0,0,0,0
karavas,0,0,0,0,0,0,0,0,0,1,0,0,0,0
karisi,0,0,0,0,0,0,0,0,0,0,1,0,0,0
karisina,0,0,0,0,0,0,0,0,0,0,1,0,0,0
kayin_ata_kayin_anasi,0,0,0,0,0,0,0,0,0,0,1,0,0,0
kazan_kardesi_kara_gone_kiyan_selcuk_oglu_deli_dundar_gaflet_koca_oglu_sir_semseddin_beyrek_kazilik_koca_oglu_bey_yigenek_dor_boyun_oksayan_deli_dundar_bin_kavim_baslari_duger_bin_bugduz_baslari_emen_dokuz_koca_baslari_aruz_kazanin_beyleri,0,0,0,0,1,0,0,0,0,0,0,0,0,0
kazan_uruz_ve_askerleri,0,0,0,0,1,0,0,0,0,0,0,0,0,0
kazan_ve_askerleri,0,0,0,0,1,0,0,0,0,0,0,0,0,0
kazan_ve_bayindir_han,0,0,0,1,0,0,0,0,0,0,0,0,0,0
kazan_ve_beyler,0,0,0,0,0,0,0,0,0,0,0,1,0,0
kazan_ve_karacuk_coban,0,0,1,0,0,0,0,0,0,0,0,0,0,0
kazanin_adami,0,0,0,1,0,0,0,0,0,0,0,0,0,0
kazanin_adamlari,0,0,0,1,0,0,0,0,0,0,0,0,0,0
kazanin_askerleri,0,0,0,0,0,0,0,0,0,0,0,1,0,1
kazanin_evi,0,0,1,0,0,0,0,0,0,0,0,0,0,0
kazanin_kardesi_kara_gone,0,0,0,0,0,0,0,0,1,0,0,0,1,0
kazanin_karicuk_anasi,0,0,1,0,0,0,0,0,0,0,0,0,0,0
kazilik_koca,0,0,0,0,0,0,0,1,0,0,0,0,0,0
kazilik_koca_oglu_bey_yigenek,0,0,1,0,0,0,0,0,0,0,0,0,0,0
kesisler,0,0,0,1,0,0,0,0,0,0,0,0,0,0
kilbas,0,0,0,0,0,0,0,0,0,0,0,0,1,0
kilbas_ve_kara_gone,0,0,0,0,0,0,0,0,0,0,0,0,1,0
kirk_kinuk,0,0,0,0,0,0,1,0,0,0,0,0,0,0
kisirca_yenge,0,0,0,1,0,0,0,0,0,0,0,0,0,0
kiyan_guci,0,0,1,0,0,0,0,0,0,0,0,0,0,0
kiyan_oglu_deli_dundar,0,0,0,0,0,0,0,0,0,0,0,0,0,1
kiyan_selcik,0,0,0,0,0,0,0,0,1,0,0,0,0,0
kiyan_selcuk,0,0,0,1,0,0,0,0,0,0,0,0,0,0
kiyan_selcuk_oglu_deli_dundar,0,0,1,0,0,0,0,1,0,0,0,0,0,0
kocalar,0,0,0,0,0,0,0,0,1,0,0,0,0,0
kurt,0,0,1,0,0,0,0,0,0,0,0,0,0,0
lala_kilbas,0,0,0,0,0,0,0,0,0,0,0,0,0,1
meclis,0,0,0,0,0,0,0,0,0,1,0,0,0,0
nesne,0,0,0,0,0,0,0,0,1,0,0,0,0,0
oba,0,0,0,0,0,1,0,0,0,0,0,0,0,0
oglu_ve_40_adami,0,1,0,0,0,0,0,0,0,0,0,0,0,0
oglunu_veren_kadin,0,0,0,0,0,0,0,0,1,0,0,0,0,0
oguz,0,0,0,0,0,0,0,0,1,0,0,0,0,0
oguz_askerleri,0,0,0,0,0,0,0,0,0,0,0,1,0,0
oguz_beyleri,0,0,0,1,0,0,0,0,1,0,0,0,0,0
oguz_han,0,0,0,0,0,0,0,0,1,0,0,0,0,0
oguz_hanin_likcisi,0,0,0,0,0,0,0,0,1,0,0,0,0,0
oksuz_cocuk,0,0,0,0,0,0,0,0,0,0,1,0,0,0
oynadigi_oglanlar,0,0,0,0,0,0,0,0,1,0,0,0,0,0
ozan,0,0,0,1,0,0,0,0,0,0,0,0,0,0
pay_picen_bey,0,0,0,1,0,0,0,0,0,0,0,0,0,0
pay_pure,0,0,0,1,0,0,0,0,0,0,0,0,0,0
pay_pure_bey,0,0,0,1,0,0,0,0,0,0,0,0,0,0
pay_pure_beyin_ordusu,0,0,0,1,0,0,0,0,0,0,0,0,0,0
pay_purenin_oglu,0,0,0,1,0,0,0,0,0,0,0,0,0,0
paypure,0,0,0,1,0,0,0,0,0,0,0,0,0,0
peri,0,0,0,0,0,0,0,0,1,0,0,0,0,0
peri_kizi,0,0,0,0,0,0,0,0,1,0,0,0,0,0
peygamber_sahabesi_kanli_bugduz_emen,0,0,1,0,0,0,0,0,0,0,0,0,0,0
saht_oldu,0,0,0,0,0,0,0,0,0,0,0,0,1,0
salur_kazan,0,0,1,1,1,0,0,0,1,1,1,1,1,1
sari_coban,0,0,0,0,0,0,0,0,1,0,0,0,0,0
segerk,0,0,0,0,0,0,0,0,0,0,1,0,0,0
segrek,0,0,0,0,0,0,0,0,0,0,1,0,0,0
segrekin_karisi,0,0,0,0,0,0,0,0,0,0,1,0,0,0
selcen_hatun,0,0,0,0,0,0,1,0,0,0,0,0,0,0
serhat_beylerinden_ulak,0,0,0,0,0,0,0,0,0,0,0,0,0,1
sir_semseddin,0,0,0,1,0,0,0,0,0,0,0,0,0,0
sokli_melik,0,0,1,1,0,0,0,0,0,0,0,0,0,0
sokli_melik_ve_adamlari,0,0,1,0,0,0,0,0,0,0,0,0,0,0
su,0,0,1,0,0,0,0,0,0,0,0,0,0,0
tanri,0,0,0,0,0,1,0,1,0,1,0,0,0,1
tatyan_kalesi_casuslari,0,0,0,0,1,0,0,0,0,0,0,0,0,0
tekfur_begil_boyu,0,0,0,0,0,0,0,0,0,1,0,0,0,0
tekfur_kan_turali_boyu,0,0,0,0,0,0,1,0,0,0,0,0,0,0
tekfur_segrek_boyu,0,0,0,0,0,0,0,0,0,0,1,0,0,0
tekfur_uruz_kurtarma_boyu,0,0,0,0,0,0,0,0,0,0,0,1,0,0
tekfur_uruz_tutsak_boyu,0,0,0,0,1,0,0,0,0,0,0,0,0,0
tekfur_ve_100_kafir,0,0,0,0,0,0,1,0,0,0,0,0,0,0
tekfur_ve_sokli_melik,0,0,0,0,1,0,0,0,0,0,0,0,0,0
tekfurun,0,0,0,0,0,0,1,0,0,0,0,0,0,0
tekfurun_adamlari,0,0,0,0,0,0,1,0,0,0,0,1,0,0
tekfurun_askerleri,0,0,0,0,0,0,0,0,0,1,0,1,0,0
tekfurun_beyleri,0,0,0,0,0,0,0,0,0,0,0,1,0,0
tekfurun_casusu,0,0,0,0,0,0,0,0,0,0,1,1,0,0
tekfurun_kardesinin_oglu,0,0,0,0,0,0,1,0,0,0,0,0,0,0
tekfurun_karisi,0,0,0,0,0,0,0,0,0,0,0,1,0,0
tepegoz,0,0,0,0,0,0,0,0,1,0,0,0,0,0
tepegozden_sikayetci_olan_ana_babalar,0,0,0,0,0,0,0,0,1,0,0,0,0,0
tepegozun_peri_annesi,0,0,0,0,0,0,0,0,1,0,0,0,0,0
ters_uzamis,0,0,0,0,0,0,0,0,0,0,1,0,1,0
trabzon_tekfuru,0,0,0,0,0,0,1,0,0,0,0,1,0,0
turkistan,0,0,1,0,0,0,0,0,0,0,0,0,0,1
ulas,0,0,1,0,1,0,0,0,0,0,0,0,0,0
uruz,0,0,1,1,1,0,0,0,0,0,0,1,0,0
uruz_ve_300_asker,0,0,1,0,0,0,0,0,0,0,0,0,0,0
uruz_ve_uruzun_40_askeri,0,0,0,0,1,0,0,0,0,0,0,0,0,0
uruzun_40_adamini_sehit_ettiler,0,0,0,0,1,0,0,0,0,0,0,0,0,0
uruzun_40_askeri,0,0,0,0,1,0,0,0,0,0,0,0,0,0
uruzun_annesi,0,0,0,0,0,0,0,0,0,0,0,1,0,0
uruzun_sag_yaninda_yer_gosterdi_cubbe_giydirdi,0,0,0,0,0,0,0,0,0,1,0,0,0,0
ustalar,0,0,0,0,0,0,0,0,0,0,0,0,0,1
usun_koca,0,0,0,0,0,0,0,0,0,0,1,0,0,0
usun_koca_oglu,0,0,0,0,0,0,0,0,1,0,0,0,0,0
usun_koca_oglunun_2_kardesi,0,0,0,0,0,0,0,0,1,0,0,0,0,0
usun_koca_ve_karisi,0,0,0,0,0,0,0,0,0,0,1,0,0,0
usun_kocanin_buyuk,0,0,0,0,0,0,0,0,0,0,1,0,0,0
usun_kocanin_kucuk,0,0,0,0,0,0,0,0,0,0,1,0,0,0
yalanci_oglu_yaltacuk,0,0,0,1,0,0,0,0,0,0,0,0,0,0
yarar_kocalar,0,0,0,0,0,0,0,1,0,0,0,0,0,0
yasli_kadin,0,0,0,0,0,0,0,0,1,0,0,0,0,0
yedi_basli_ejderha,0,0,0,0,0,0,0,0,0,0,0,0,0,1
yedi_kafir_beyi,0,0,0,1,0,0,0,0,0,0,0,0,0,0
yedi_yigit,0,0,0,1,0,0,0,0,0,0,0,0,0,0
yigenek,0,0,0,1,0,0,0,1,0,0,0,0,0,0
yigenek_ve_sancak_beyleri,0,0,0,0,0,0,0,1,0,0,0,0,0,0
yigit,0,0,0,0,0,0,0,0,1,0,0,0,0,0
yoldaslari,0,0,0,0,0,0,0,1,0,0,0,0,0,0
yurt,0,0,1,0,0,0,0,0,0,0,0,0,0,0
yuz_bin_kafir,0,0,0,0,0,0,0,0,0,0,0,0,0,1
zindanci,0,0,0,0,0,0,0,0,0,0,0,1,0,0
