story_id,source_file,boy_name_raw,n_nodes,n_edges,density,average_degree,average_clustering,transitivity,n_connected_components,largest_component_size,average_shortest_path_length,degree_centralization
S01,01_girizgah.csv,Girizgah,2,1,1.0,1.0,,,1,2,1.0,
S02,02_dirse_han_oglu_bogac_han_boyu.csv,Dirse Han Oglu boğaç Han Boyu,15,16,0.1523809523809524,2.1333333333333333,0.12222222222222222,0.21428571428571427,2,13,2.2948717948717947,0.31868131868131866
S03,03_salur_kazanin_evinin_yagmalandigi.csv,Salur Kazan'ın Evinin Yağmalandığı,48,45,0.0398936170212766,1.875,0.06299603174603174,0.046632124352331605,6,35,2.9445378151260506,0.2913968547641073
S04,04_kam_purenin_oglu_bamsi_beyrek_boyu.csv,Kam Püre'nin Oğlu Bamsı Beyrek Boyu,70,73,0.030227743271221533,2.085714285714286,0.0385970695970696,0.05442176870748299,9,52,2.993212669683258,0.386615515771526
S05,05_kazan_bey_oglu_uruz_beyin_tutsak_oldugu_boy.csv,Kazan Bey Oğlu Uruz Bey'in Tutsak Olduğu Boy,35,28,0.047058823529411764,1.6,0.006233766233766235,0.0379746835443038,8,20,2.457894736842105,0.29322638146167557
S06,06_duha_koca_oglu_deli_dumrul.csv,Duha Koca Oğlu Deli Dumrul,11,12,0.21818181818181817,2.1818181818181817,0.13939393939393938,0.2222222222222222,2,9,2.0277777777777777,0.34444444444444444
S07,07_kanli_koca_oglu_kan_turali_boyu.csv,Kanlı Koca Oğlu Kan Turalı Boyu,23,20,0.07905138339920949,1.7391304347826086,0.0,0.0,4,17,2.5294117647058822,0.3116883116883117
S08,08_kazilik_koca_oglu_yigenek_boyu.csv,Kazılık koca oğlu yigenek boyu,19,20,0.11695906432748537,2.1052631578947367,0.02819548872180451,0.05357142857142857,1,19,2.818713450292398,0.3660130718954248
S09,09_basatin_tepegozu_oldurdugu_boy.csv,Basat'ın Tepegözü Öldürdüğü Boy,41,45,0.054878048780487805,2.1951219512195124,0.0712970526834455,0.05454545454545454,2,37,2.725225225225225,0.44166666666666665
S10,10_begil_oglu_emrenin_boyu.csv,Begil Oğlu Emrenin boyu,32,30,0.06048387096774194,1.875,0.0744047619047619,0.08823529411764706,4,26,3.52,0.17634408602150536
S11,11_usun_koca_oglu_seyrek_boyu.csv,uşun koca oğlu seyrek boyu,32,29,0.05846774193548387,1.8125,0.04206730769230769,0.027522935779816515,4,26,2.84,0.3849462365591398
S12,12_salur_kazanin_tutsak_olup_oglu_uruzun_kurtardigi_boy.csv,Salur Kazan'ın tutsak olup oğlu uruz'un kurtardığı boy,30,33,0.07586206896551724,2.2,0.0946311858076564,0.06451612903225806,1,30,2.5770114942528735,0.5467980295566502
S13,13_ic_oguza_dis_oguzun_asi_olup_beyreki_oldurdugu.csv,İç Oğuz'a Dış Oğuz'un Asi Olup Beyrek'i Öldürdüğü,21,21,0.1,2.0,0.11541950113378684,0.21428571428571427,4,15,2.380952380952381,0.27631578947368424
S14,14_salur_kazanin_yedi_basli_ejderhayi_oldurmesi_boyu.csv,13. Boy: Salur Kazan'ın Yedi Başlı Ejderhayı Öldürmesi,20,21,0.11052631578947368,2.1,0.20058479532163745,0.03428571428571429,1,20,1.8894736842105264,0.9883040935672515
