pair_id,actor_a,actor_b,interaction_count,total_weight,positive_count,negative_count,neutral_count,mixed_count,stories_shared,story_ids,relation_types,relation_families,layers,any_directed,any_undirected
P0001,100_kafir,emen,1,1,0,0,1,0,1,S10,belirsiz,uncertain,olay,True,False
P0002,100_kafir,segrek,1,5,0,1,0,0,1,S11,çatışma,conflict,çatışma,False,True
P0003,16_bin_kafir,kazan_uruz_ve_askerleri,1,5,0,1,0,0,1,S05,çatışma,conflict,çatışma,False,True
P0004,24_sancak_beyi,arsin_oglu_direk_tekfur,1,5,0,1,0,0,1,S08,çatışma,conflict,çatışma,False,True
P0005,24_sancak_beyi,yigenek,1,1,0,0,1,0,1,S08,belirsiz,uncertain,olay,True,False
P0006,300_akinci,egrek,1,1,0,0,1,0,1,S11,belirsiz,uncertain,olay,True,False
P0007,300_asker,emren,1,3,0,0,1,0,1,S10,otorite/emir,authority,otorite,True,False
P0008,300_asker,salur_kazan,1,3,0,0,1,0,1,S05,otorite/emir,authority,otorite,True,False
P0009,300_kafir,bamsi_ve_bamsinin_40_yigidi,1,5,0,1,0,0,1,S04,çatışma,conflict,çatışma,False,True
P0010,300_kafir,bamsinin_naibi,1,5,0,1,0,0,1,S04,çatışma,conflict,çatışma,False,True
P0011,300_kafir,egrek,7,13,1,0,6,0,1,S11,belirsiz;evlilik/bağlaşıklık;otorite/emir,authority;marriage_alliance;uncertain,akrabalık;olay;otorite,True,True
P0012,300_kafir,egrek_ve_segrek,1,5,0,1,0,0,1,S11,çatışma,conflict,çatışma,False,True
P0013,300_kafir,egreke_yol_gosterdi,1,1,0,0,1,0,1,S11,belirsiz,uncertain,olay,True,False
P0014,40_askeri,uruz,1,3,0,0,1,0,1,S05,otorite/emir,authority,otorite,True,False
P0015,40_ince_belli_kiz,burla_hatun,2,6,0,0,2,0,2,S03;S05,otorite/emir,authority,otorite,True,False
P0016,40_ince_belli_kiz,dirse_hanin_karisi,1,3,0,0,1,0,1,S02,otorite/emir,authority,otorite,True,False
P0017,40_yigit,deli_dumrul,1,1,0,0,1,0,1,S06,belirsiz,uncertain,olay,True,False
P0018,600_kafir,demir_guci,1,5,0,1,0,0,1,S03,çatışma,conflict,çatışma,False,True
P0019,600_kafir,egrek_ve_300_akinci,1,5,0,1,0,0,1,S11,çatışma,conflict,çatışma,False,True
P0020,600_kafir,kan_turali_ve_selcen_hatun,1,5,0,1,0,0,1,S07,çatışma,conflict,çatışma,False,True
P0021,600_kafir,karacuk_coban,2,9,0,2,0,0,1,S03,gerilim;çatışma,conflict,çatışma,False,True
P0022,600_kafir,kiyan_guci,1,5,0,1,0,0,1,S03,çatışma,conflict,çatışma,False,True
P0023,600_kafir,tekfur_kan_turali_boyu,1,3,0,0,1,0,1,S07,otorite/emir,authority,otorite,True,False
P0024,60_kafir,segrek,1,5,0,1,0,0,1,S11,çatışma,conflict,çatışma,False,True
P0025,6_kafir,segrek,1,5,0,1,0,0,1,S11,çatışma,conflict,çatışma,False,True
P0026,adsiz_kisi_uruz_kurtarma_boyu,uruz,5,10,2,0,3,0,1,S12,akrabalık;belirsiz;diyalog_nötr,communication;kinship;uncertain,akrabalık;iletişim;olay,True,True
P0027,agac,uruz,1,2,0,0,1,0,1,S03,diyalog_nötr,communication,iletişim,True,False
P0028,ak_melik,alp_eren,1,5,1,0,0,0,1,S03,evlilik/bağlaşıklık,marriage_alliance,akrabalık,False,True
P0029,ak_saka_kalesi_casuslari,tekfur_uruz_tutsak_boyu,1,2,1,0,0,0,1,S05,destek/yardım,support,iletişim,True,False
P0030,ak_sakalli_aruz_koca,tepegoz,1,5,0,1,0,0,1,S09,çatışma,conflict,çatışma,False,True
P0031,alp_eren,eylik_koca,1,5,1,0,0,0,1,S03,akrabalık,kinship,akrabalık,False,True
P0032,alp_eren,kafirler_ev_yagmasi_boyu,1,5,0,1,0,0,1,S03,çatışma,conflict,çatışma,False,True
P0033,alp_rustem,duzen,1,5,1,0,0,0,1,S10,akrabalık,kinship,akrabalık,False,True
P0034,alp_rustem,ense_koca_oglu_okcu,1,1,0,0,1,0,1,S13,belirsiz,uncertain,olay,True,False
P0035,alp_rustem,salur_kazan,2,6,0,1,1,0,1,S12,belirsiz;çatışma,conflict;uncertain,olay;çatışma,True,True
P0036,alplar_basi_kazan,tepegoz,1,5,0,1,0,0,1,S09,çatışma,conflict,çatışma,False,True
P0037,alti_bey_oglu,salur_kazan,1,3,1,0,0,0,1,S14,ödül/değişim,cooperation,otorite,True,False
P0038,anne_ve_babasi,basat,1,2,0,0,1,0,1,S09,diyalog_olumlu,communication,iletişim,True,False
P0039,anne_ve_babasi,emren,1,2,0,0,1,0,1,S10,tören/ritüel,other,iletişim,True,False
P0040,anne_ve_babasi,segrek,1,1,0,0,1,0,1,S11,belirsiz,uncertain,olay,True,False
P0041,annesi,segrek,3,3,0,0,3,0,1,S11,belirsiz,uncertain,olay,True,False
P0042,annesi,uruz,1,5,1,0,0,0,1,S12,akrabalık,kinship,akrabalık,False,True
P0043,arsin_oglu_direk_tekfur,donebilmez_dulek_evren,1,5,0,1,0,0,1,S08,çatışma,conflict,çatışma,False,True
P0044,arsin_oglu_direk_tekfur,kafir,1,1,0,0,1,0,1,S08,belirsiz,uncertain,olay,True,False
P0045,arsin_oglu_direk_tekfur,kazilik_koca,2,10,0,2,0,0,1,S08,çatışma,conflict,çatışma,False,True
P0046,arsin_oglu_direk_tekfur,kiyan_selcuk_oglu_deli_dundar,1,5,0,1,0,0,1,S08,çatışma,conflict,çatışma,False,True
P0047,arsin_oglu_direk_tekfur,yigenek_ve_sancak_beyleri,1,1,0,0,1,0,1,S08,belirsiz,uncertain,olay,True,False
P0048,aruz,bamsi_beyrek,4,4,0,0,4,0,1,S13,belirsiz,uncertain,olay,True,False
P0049,aruz,basat,2,6,1,0,1,0,2,S09;S13,akrabalık;belirsiz,kinship;uncertain,akrabalık;olay,True,True
P0050,aruz,bayindir_han,1,1,0,0,1,0,1,S09,belirsiz,uncertain,olay,True,False
P0051,aruz,cevresindekiler,1,3,0,0,1,0,1,S09,otorite/emir,authority,otorite,True,False
P0052,aruz,dis_oguz_beyleri,6,14,2,0,3,1,1,S13,belirsiz;destek/yardım;ikna/müzakere;otorite/emir;tören/ritüel,authority;cooperation;other;support;uncertain,iletişim;olay;otorite,True,False
P0053,aruz,kara_gone,1,1,0,0,1,0,1,S13,belirsiz,uncertain,olay,True,False
P0054,aruz,kilbas,3,3,0,0,3,0,1,S13,belirsiz,uncertain,olay,True,False
P0055,aruz,oguz_han,1,5,1,0,0,0,1,S09,akrabalık,kinship,akrabalık,False,True
P0056,aruz,saht_oldu,1,1,0,0,1,0,1,S13,belirsiz,uncertain,olay,True,False
P0057,aruz,salur_kazan,2,6,0,1,1,0,1,S13,belirsiz;çatışma,conflict;uncertain,olay;çatışma,True,True
P0058,aruz,tepegoz,1,2,0,1,0,0,1,S09,duygusal_tepki,other,olay,True,False
P0059,aruz,tepegozden_sikayetci_olan_ana_babalar,1,1,0,0,1,0,1,S09,belirsiz,uncertain,olay,True,False
P0060,aruz_koca,basat,4,12,2,0,2,0,1,S09,akrabalık;belirsiz,kinship;uncertain,akrabalık;olay,True,True
P0061,aruz_koca,bayindir_han,1,1,0,0,1,0,1,S09,belirsiz,uncertain,olay,True,False
P0062,aruz_koca,dadilar,1,3,0,0,1,0,1,S09,ikna/müzakere,cooperation,iletişim,True,False
P0063,aruz_koca,kafirler_ev_yagmasi_boyu,1,5,0,1,0,0,1,S03,çatışma,conflict,çatışma,False,True
P0064,aruz_koca,nesne,2,2,0,0,2,0,1,S09,belirsiz,uncertain,olay,True,False
P0065,aruz_koca,tepegoz,1,1,0,0,1,0,1,S09,belirsiz,uncertain,olay,True,False
P0066,aruz_ve_dis_oguz_beyleri,bamsi_beyrek,2,5,1,0,1,0,1,S13,belirsiz;destek/yardım,support;uncertain,olay,True,False
P0067,aruzun_habercisi,beyerek,1,1,0,0,1,0,1,S13,belirsiz,uncertain,olay,True,False
P0068,askerler,uruz,1,3,0,0,1,0,1,S12,otorite/emir,authority,otorite,True,False
P0069,aslan,basat,1,1,0,0,1,0,1,S09,belirsiz,uncertain,olay,True,False
P0070,aslan,kan_turali,1,5,0,1,0,0,1,S07,çatışma,conflict,çatışma,False,True
P0071,aslan_yatagi,beyler_basat_boyu,1,1,0,0,1,0,1,S09,belirsiz,uncertain,olay,True,False
P0072,at_agizli_aruz,salur_kazan,1,3,1,0,0,0,1,S05,diyalog_olumlu,communication,iletişim,True,False
P0073,at_agizli_aruz_koca,salur_kazan,2,10,2,0,0,0,1,S03,akrabalık,kinship,akrabalık,False,True
P0074,azrail,deli_dumrul,3,7,0,1,2,0,1,S06,belirsiz;çatışma,conflict;uncertain,olay;çatışma,True,True
P0075,azrail,dumrul,2,5,0,0,1,1,1,S06,diyalog_nötr;ikna/müzakere,communication;cooperation,iletişim,True,False
P0076,azrail,tanri,4,12,2,0,2,0,1,S06,otorite/emir,authority,otorite,True,False
P0077,bamsi_beyrek,bamsi_beyrek,1,2,0,0,1,0,1,S04,diyalog_nötr,communication,iletişim,True,False
P0078,bamsi_beyrek,banu_cicek,5,15,3,0,2,0,1,S04,akrabalık;belirsiz;diyalog_olumlu;evlilik/bağlaşıklık,communication;kinship;marriage_alliance;uncertain,akrabalık;iletişim;olay,True,True
P0079,bamsi_beyrek,bayburd_hisarindaki_kafirler,1,4,1,0,0,0,1,S04,destek/yardım,support,olay,True,False
P0080,bamsi_beyrek,bayburt_hisrasi_melikinin_kizi,1,5,1,0,0,0,1,S04,evlilik/bağlaşıklık,marriage_alliance,akrabalık,False,True
P0081,bamsi_beyrek,beyler_bamsi_beyrek_boyu,1,2,0,0,1,0,1,S04,diyalog_nötr,communication,iletişim,True,False
P0082,bamsi_beyrek,beyrek_in_40_yoldaslari,1,3,0,0,0,1,1,S04,ikna/müzakere,cooperation,iletişim,True,False
P0083,bamsi_beyrek,beyrekin_40_adami,1,2,0,0,1,0,1,S04,hareket/eylem,other,olay,True,False
P0084,bamsi_beyrek,beyrekin_40_yigidi,2,5,1,0,1,0,2,S04;S13,belirsiz;destek/yardım,support;uncertain,olay,True,False
P0085,bamsi_beyrek,beyrekin_adamlari,1,1,0,0,1,0,1,S13,belirsiz,uncertain,olay,True,False
P0086,bamsi_beyrek,beyrekin_buyuk_kiz_kardesi,2,6,1,0,1,0,1,S04,destek/yardım;diyalog_nötr,communication;support,iletişim;olay,True,False
P0087,bamsi_beyrek,beyrekin_kucuk_kiz_kardesi,1,2,0,0,1,0,1,S04,diyalog_nötr,communication,iletişim,True,False
P0088,bamsi_beyrek,beyrekin_yoldaslari,1,3,0,1,0,0,1,S04,diyalog_olumsuz,communication,iletişim,True,False
P0089,bamsi_beyrek,bezirganlar,3,10,2,0,1,0,1,S04,akrabalık;diyalog_nötr;diyalog_olumlu,communication;kinship,akrabalık;iletişim,True,True
P0090,bamsi_beyrek,burla_hatun,4,5,0,0,4,0,1,S04,belirsiz;diyalog_nötr,communication;uncertain,iletişim;olay,True,False
P0091,bamsi_beyrek,cobanlar,1,2,0,0,1,0,1,S04,diyalog_nötr,communication,iletişim,True,False
P0092,bamsi_beyrek,deyis,2,2,0,0,2,0,1,S04,belirsiz,uncertain,olay,True,False
P0093,bamsi_beyrek,dis_oguz_beyleri,1,1,0,0,1,0,1,S13,belirsiz,uncertain,olay,True,False
P0094,bamsi_beyrek,kafir_beyinin_kizi,3,11,2,0,1,0,1,S04,destek/yardım;diyalog_nötr;evlilik/bağlaşıklık,communication;marriage_alliance;support,akrabalık;iletişim;olay,True,True
P0095,bamsi_beyrek,kafirin_40_atlisi,1,5,0,1,0,0,1,S04,çatışma,conflict,çatışma,False,True
P0096,bamsi_beyrek,kafirler_ev_yagmasi_boyu,1,5,0,1,0,0,1,S03,çatışma,conflict,çatışma,False,True
P0097,bamsi_beyrek,kara_budak,1,2,0,0,1,0,1,S04,diyalog_nötr,communication,iletişim,True,False
P0098,bamsi_beyrek,kisirca_yenge,2,7,1,0,1,0,1,S04,diyalog_nötr;evlilik/bağlaşıklık,communication;marriage_alliance,akrabalık;iletişim,True,True
P0099,bamsi_beyrek,ozan,1,3,0,0,0,1,1,S04,ikna/müzakere,cooperation,iletişim,True,False
P0100,bamsi_beyrek,pay_pure,1,3,1,0,0,0,1,S04,diyalog_olumlu,communication,iletişim,True,False
P0101,bamsi_beyrek,pay_pure_bey,1,3,0,1,0,0,1,S04,diyalog_olumsuz,communication,iletişim,True,False
P0102,bamsi_beyrek,salur_kazan,11,35,6,2,3,0,2,S04;S12,akrabalık;belirsiz;destek/yardım;diyalog_olumlu;tören/ritüel;çatışma,communication;conflict;kinship;other;support;uncertain,akrabalık;iletişim;olay;çatışma,True,True
P0103,bamsi_beyrek,sir_semseddin,1,2,0,0,1,0,1,S04,diyalog_nötr,communication,iletişim,True,False
P0104,bamsi_beyrek,uruz,1,2,0,0,1,0,1,S04,diyalog_nötr,communication,iletişim,True,False
P0105,bamsi_beyrek,yalanci_oglu_yaltacuk,4,14,1,2,1,0,1,S04,belirsiz;destek/yardım;gerilim;çatışma,conflict;support;uncertain,olay;çatışma,True,True
P0106,bamsi_beyrek,yigenek,1,2,0,0,1,0,1,S04,diyalog_nötr,communication,iletişim,True,False
P0107,bamsinin_anne_babasi,bamsinin_haberi_gelince,1,2,0,1,0,0,1,S04,duygusal_tepki,other,olay,True,False
P0108,bamsinin_haberi_gelince_siyah_giyme_yas_tutma,pay_pure_beyin_ordusu,1,1,0,0,1,0,1,S04,belirsiz,uncertain,olay,True,False
P0109,banu_cicek,beyrekin_anne_babasi,1,1,0,0,1,0,1,S04,belirsiz,uncertain,olay,True,False
P0110,banu_cicek,bogazca_fatma,1,1,0,0,1,0,1,S04,belirsiz,uncertain,olay,True,False
P0111,banu_cicek,burla_hatun,1,3,0,0,0,1,1,S04,ikna/müzakere,cooperation,iletişim,True,False
P0112,banu_cicek,dadi_ve_diger_kizlar,1,2,0,0,1,0,1,S04,diyalog_nötr,communication,iletişim,True,False
P0113,banu_cicek,dayalar,1,3,0,0,1,0,1,S04,otorite/emir,authority,otorite,True,False
P0114,bas_acik,salur_kazan,1,5,0,1,0,0,1,S14,çatışma,conflict,çatışma,False,True
P0115,basat,basatin_annesi,1,5,1,0,0,0,1,S09,akrabalık,kinship,akrabalık,False,True
P0116,basat,dede_korkut,1,5,1,0,0,0,1,S09,akrabalık,kinship,akrabalık,False,True
P0117,basat,kocalar,4,8,0,0,4,0,1,S09,belirsiz;otorite/emir,authority;uncertain,olay;otorite,True,False
P0118,basat,oglunu_veren_kadin,1,1,0,0,1,0,1,S09,belirsiz,uncertain,olay,True,False
P0119,basat,oguz_beyleri,1,1,0,0,1,0,1,S09,belirsiz,uncertain,olay,True,False
P0120,basat,salur_kazan,3,3,0,0,3,0,1,S09,belirsiz,uncertain,olay,True,False
P0121,basat,tepegoz,7,30,1,2,4,0,1,S09,belirsiz;destek/yardım;çatışma,conflict;support;uncertain,olay;çatışma,True,True
P0122,basat,yasli_kadin,1,5,1,0,0,0,1,S09,akrabalık,kinship,akrabalık,False,True
P0123,bayat_boyu,dede_korkut,1,2,0,0,1,0,1,S01,kimlik/unvan,identity_title,kimlik,True,False
P0124,bayburt_hisari_beyi,kafirin_casusu,1,5,0,1,0,0,1,S04,çatışma,conflict,çatışma,False,True
P0125,bayindir_han,begil,8,13,1,0,7,0,1,S10,belirsiz;hareket/eylem;otorite/emir;ödül/değişim,authority;cooperation;other;uncertain,olay;otorite,True,False
P0126,bayindir_han,beyler_bamsi_beyrek_boyu,1,3,0,0,1,0,1,S04,otorite/emir,authority,otorite,True,False
P0127,bayindir_han,beyler_basat_boyu,1,1,0,0,1,0,1,S09,belirsiz,uncertain,olay,True,False
P0128,bayindir_han,beyler_begil_boyu,1,1,0,0,1,0,1,S10,belirsiz,uncertain,olay,True,False
P0129,bayindir_han,dede_korkut,3,7,0,0,3,0,1,S10,belirsiz;ikna/müzakere,cooperation;uncertain,iletişim;olay,True,False
P0130,bayindir_han,deli_karcar,1,3,0,0,0,1,1,S04,ikna/müzakere,cooperation,iletişim,True,False
P0131,bayindir_han,ic_oguz_beyleri_dis_oguz_beyleri_pay_pure_bey_kara_budak_uruz_bey_yigenek_salur_kazan_pay_bicen,1,2,1,0,0,0,1,S04,tören/ritüel,other,olay,True,False
P0132,bayindir_han,kam_gan,4,20,4,0,0,0,4,S02;S04;S08;S10,akrabalık,kinship,akrabalık,False,True
P0133,bayindir_han,kara_budak,1,2,0,0,1,0,1,S14,diyalog_nötr,communication,iletişim,True,False
P0134,bayindir_han,kazilik_koca,2,4,0,0,2,0,1,S08,belirsiz;otorite/emir,authority;uncertain,olay;otorite,True,False
P0135,bayindir_han,meclis,1,3,0,0,1,0,1,S10,ikna/müzakere,cooperation,iletişim,True,False
P0136,bayindir_han,salur_kazan,6,21,6,0,0,0,3,S03;S04;S14,akrabalık;diyalog_olumlu;kimlik/unvan;otorite/emir;ödül/değişim,authority;communication;cooperation;identity_title;kinship,akrabalık;iletişim;kimlik;otorite,True,True
P0137,bayindir_han,yalanci_oglu_yaltacuk,2,6,0,1,0,1,1,S04,diyalog_olumsuz;ikna/müzakere,communication;cooperation,iletişim,True,False
P0138,bayindir_han,yigenek,2,8,1,0,0,1,1,S08,akrabalık;ikna/müzakere,cooperation;kinship,akrabalık;iletişim,True,True
P0139,bayindir_han_kazan,uruzun_sag_yaninda_yer_gosterdi_cubbe_giydirdi,1,5,1,0,0,0,1,S10,akrabalık,kinship,akrabalık,False,True
P0140,bayindir_hanin_adamlari,dirse_han,1,2,0,0,1,0,1,S02,diyalog_nötr,communication,iletişim,True,False
P0141,begil,begilin_adamlari,2,3,0,0,2,0,1,S10,belirsiz;hareket/eylem,other;uncertain,olay,True,False
P0142,begil,begilin_casusu,1,4,1,0,0,0,1,S10,destek/yardım,support,olay,True,False
P0143,begil,begilin_hismi_ve_kavmi,1,1,0,0,1,0,1,S10,belirsiz,uncertain,olay,True,False
P0144,begil,begilin_karisi,5,9,0,0,4,1,1,S10,belirsiz;diyalog_nötr;ikna/müzakere,communication;cooperation;uncertain,iletişim;olay,True,False
P0145,begil,dede_korkut,1,1,0,0,1,0,1,S10,belirsiz,uncertain,olay,True,False
P0146,begil,emren,8,24,3,0,5,0,1,S10,belirsiz;destek/yardım;diyalog_nötr;evlilik/bağlaşıklık;ikna/müzakere;otorite/emir,authority;communication;cooperation;marriage_alliance;support;uncertain,akrabalık;iletişim;olay;otorite,True,True
P0147,begilin_karisi,karavas,1,1,0,0,1,0,1,S10,belirsiz,uncertain,olay,True,False
P0148,beyler_bamsi_beyrek_boyu,pay_picen_bey,1,3,0,0,1,0,1,S04,ikna/müzakere,cooperation,iletişim,True,False
P0149,beyler_bamsi_beyrek_boyu,salur_kazan,1,3,0,0,1,0,1,S04,otorite/emir,authority,otorite,True,False
P0150,beyler_bamsi_beyrek_boyu,yalanci_oglu_yaltacuk,1,3,0,0,1,0,1,S04,otorite/emir,authority,otorite,True,False
P0151,beyler_begil_boyu,salur_kazan,3,4,0,0,3,0,1,S10,belirsiz;hareket/eylem,other;uncertain,olay,True,False
P0152,beyler_ev_yagmasi_boyu,salur_kazan,1,3,0,0,1,0,1,S03,otorite/emir,authority,otorite,True,False
P0153,beyler_uruz_kurtarma_boyu,salur_kazan,3,3,0,0,3,0,1,S12,belirsiz,uncertain,olay,True,False
P0154,beyler_uruz_kurtarma_boyu,tekfur_uruz_kurtarma_boyu,1,3,0,0,1,0,1,S12,ikna/müzakere,cooperation,iletişim,True,False
P0155,beyler_uruz_tutsak_boyu,salur_kazan,2,5,0,0,2,0,1,S05,diyalog_nötr;otorite/emir,authority;communication,iletişim;otorite,True,False
P0156,beyler_ve_beyrek,salur_kazan,1,3,1,0,0,0,1,S04,ödül/değişim,cooperation,otorite,True,False
P0157,beyrekin_40_yigidi,kazan_ve_bayindir_han,1,5,1,0,0,0,1,S04,evlilik/bağlaşıklık,marriage_alliance,akrabalık,False,True
P0158,beyrekin_anne_babasi,salur_kazan,1,1,0,0,1,0,1,S13,belirsiz,uncertain,olay,True,False
P0159,beyrekin_kayin_babasi_kara_gone,kara_budak_kazan_oglu_uruz_beyler_basi_yigenek_gaflet_koca_oglu_sir_semseddin_deli_karcar_dugunde_ok_atarlar,1,5,1,0,0,0,1,S04,akrabalık,kinship,akrabalık,False,True
P0160,beyrekin_yedi_kiz_kardesi,yedi_yigit,1,5,1,0,0,0,1,S04,evlilik/bağlaşıklık,marriage_alliance,akrabalık,False,True
P0161,bezirganlar,evnuk_kalesi_kafirleri,1,5,0,1,0,0,1,S04,çatışma,conflict,çatışma,False,True
P0162,bezirganlar,pay_pure,1,3,1,0,0,0,1,S04,diyalog_olumlu,communication,iletişim,True,False
P0163,bezirganlar,pay_pure_bey,2,8,1,0,1,0,1,S04,akrabalık;otorite/emir,authority;kinship,akrabalık;otorite,True,True
P0164,biyigi_kanli_bugduz_emen,tepegoz,1,5,0,1,0,0,1,S09,çatışma,conflict,çatışma,False,True
P0165,boga,kan_turali,1,5,0,1,0,0,1,S07,çatışma,conflict,çatışma,False,True
P0166,bogac,bogacin_40_adami,1,2,0,0,1,0,1,S02,hareket/eylem,other,olay,True,False
P0167,bogac,dirse_han,1,3,1,0,0,0,1,S02,diyalog_olumlu,communication,iletişim,True,False
P0168,bogac,dirse_hanin_karisi,2,5,0,0,1,1,1,S02,diyalog_nötr;ikna/müzakere,communication;cooperation,iletişim,True,False
P0169,bogac,hekimler,1,4,1,0,0,0,1,S02,destek/yardım,support,olay,True,False
P0170,bogac,hizir,1,3,1,0,0,0,1,S02,diyalog_olumlu,communication,iletişim,True,False
P0171,bogac_han,dirse_han,1,5,1,0,0,0,1,S02,akrabalık,kinship,akrabalık,False,True
P0172,bogac_han,dirse_hanin_40_adami,1,4,0,1,0,0,1,S02,gerilim,conflict,çatışma,False,True
P0173,bogac_ve_bogacin_40_adami,dirse_hanin_40_adami,1,5,0,1,0,0,1,S02,çatışma,conflict,çatışma,False,True
P0174,bogacuk_melik,deli_budak,1,5,0,1,0,0,1,S03,çatışma,conflict,çatışma,False,True
P0175,bogazca_fatma,kadinlar,1,5,1,0,0,0,1,S04,evlilik/bağlaşıklık,marriage_alliance,akrabalık,False,True
P0176,boyu_uzun_burla_hatun_ve_40_ince_belli_kiz,sokli_melik,1,5,0,1,0,0,1,S03,çatışma,conflict,çatışma,False,True
P0177,bugacuk_melik,kara_budak,1,5,0,1,0,0,1,S05,çatışma,conflict,çatışma,False,True
P0178,burla_hatun,cevresindekiler,1,3,0,0,1,0,1,S04,otorite/emir,authority,otorite,True,False
P0179,burla_hatun,kafirin_sancagini_kilicladi,1,5,0,1,0,0,1,S05,çatışma,conflict,çatışma,False,True
P0180,burla_hatun,salur_kazan,3,7,0,0,3,0,1,S05,diyalog_nötr;otorite/emir,authority;communication,iletişim;otorite,True,False
P0181,burla_hatun,uruz,1,2,0,0,1,0,1,S03,diyalog_nötr,communication,iletişim,True,False
P0182,cebrail,tanri,2,6,0,0,2,0,2,S08;S10,otorite/emir,authority,otorite,True,False
P0183,cekisen_oksuzle_diger_cocugu_ayirig_tokat_atti,segrek,1,1,0,0,1,0,1,S11,belirsiz,uncertain,olay,True,False
P0184,cevresindekiler,tekfur_kan_turali_boyu,2,10,2,0,0,0,1,S07,akrabalık,kinship,akrabalık,False,True
P0185,cilasun_yigitler_ve_kara_budak,kafirler_ev_yagmasi_boyu,1,5,0,1,0,0,1,S03,çatışma,conflict,çatışma,False,True
P0186,cilasun_yigitleri_ve_deli_dundar,kafirin_soluna_saldirdilar,1,5,0,1,0,0,1,S05,çatışma,conflict,çatışma,False,True
P0187,coban,peri_kizi,1,1,0,0,1,0,1,S09,belirsiz,uncertain,olay,True,False
P0188,dadi,tepegoz,1,1,0,0,1,0,1,S09,belirsiz,uncertain,olay,True,False
P0189,dede_korkut,deli_karcar,9,29,4,3,2,0,1,S04,akrabalık;diyalog_nötr;diyalog_olumlu;diyalog_olumsuz;gerilim,communication;conflict;kinship,akrabalık;iletişim;çatışma,True,True
P0190,dede_korkut,oguz,3,9,0,0,2,1,1,S09,ikna/müzakere;otorite/emir,authority;cooperation,iletişim;otorite,True,False
P0191,dede_korkut,oguz_beyleri,1,3,0,0,0,1,1,S04,ikna/müzakere,cooperation,iletişim,True,False
P0192,dede_korkut,pay_pure,2,6,2,0,0,0,1,S04,diyalog_olumlu,communication,iletişim,True,False
P0193,dede_korkut,salur_kazan,1,3,1,0,0,0,1,S14,diyalog_olumlu,communication,iletişim,True,False
P0194,dede_korkut,tepegoz,2,6,0,0,0,2,1,S09,ikna/müzakere,cooperation,iletişim,True,False
P0195,deli_dumrul,duha_koca,1,5,1,0,0,0,1,S06,akrabalık,kinship,akrabalık,False,True
P0196,deli_dumrul,oba,1,2,0,0,1,0,1,S06,diyalog_nötr,communication,iletişim,True,False
P0197,deli_dumrul,tanri,2,8,1,1,0,0,1,S06,diyalog_olumlu;çatışma,communication;conflict,iletişim;çatışma,True,True
P0198,deli_dundar,kara_tekfur,1,5,0,1,0,0,1,S04,çatışma,conflict,çatışma,False,True
P0199,deli_dundar,kara_tuken_melik,2,10,0,2,0,0,2,S03;S05,çatışma,conflict,çatışma,False,True
P0200,deli_dundar,kiyan_selcuk,1,5,1,0,0,0,1,S04,akrabalık,kinship,akrabalık,False,True
P0201,deli_durmrul,dumrulun_40_adami,1,3,1,0,0,0,1,S06,diyalog_olumlu,communication,iletişim,True,False
P0202,demir_donlu_mamak,tepegoz,1,5,0,1,0,0,1,S09,çatışma,conflict,çatışma,False,True
P0203,demir_guci,karacuk_coban,1,1,0,0,1,0,1,S03,belirsiz,uncertain,olay,True,False
P0204,deve,kan_turali,1,5,0,1,0,0,1,S07,çatışma,conflict,çatışma,False,True
P0205,dire,dirse_hanin_40_adami,1,3,0,0,0,1,1,S02,ikna/müzakere,cooperation,iletişim,True,False
P0206,direk_tekfur,duzmurd_kalesi_tekfuru_arsin,1,5,1,0,0,0,1,S08,akrabalık,kinship,akrabalık,False,True
P0207,direk_tekfur,yigenek,1,5,0,1,0,0,1,S08,çatışma,conflict,çatışma,False,True
P0208,dirse_han,dirse_hanin_40_adami,5,17,0,2,0,3,1,S02,diyalog_olumsuz;ikna/müzakere;çatışma,communication;conflict;cooperation,iletişim;çatışma,True,True
P0209,dirse_han,dirse_hanin_karisi,3,6,0,0,3,0,1,S02,diyalog_nötr,communication,iletişim,True,False
P0210,dirse_han,oglu_ve_40_adami,1,3,0,0,1,0,1,S02,otorite/emir,authority,otorite,True,False
P0211,dirse_hanin_40_adami,dirse_hanin_karisi,1,3,0,0,0,1,1,S02,ikna/müzakere,cooperation,iletişim,True,False
P0212,dis_oguz,salur_kazan,1,3,1,0,0,0,1,S14,diyalog_olumlu,communication,iletişim,True,False
P0213,dis_oguz_agalari,salur_kazan,1,3,1,0,0,0,1,S14,otorite/emir,authority,otorite,True,False
P0214,dis_oguz_beyleri,salur_kazan,2,8,2,0,0,0,1,S13,destek/yardım,support,olay,True,False
P0215,dis_oguz_beyleri_ve_deli_dundar,kafirin_sagina_saldirdilar,1,5,0,1,0,0,1,S05,çatışma,conflict,çatışma,False,True
P0216,dis_oguz_beyleri_ve_deli_dundar,kafirler_ev_yagmasi_boyu,1,5,0,1,0,0,1,S03,çatışma,conflict,çatışma,False,True
P0217,doksan_tumen_oguz,salur_kazan,1,3,1,0,0,0,1,S05,ödül/değişim,cooperation,otorite,True,False
P0218,dokuz_tumen_oguz,salur_kazan,1,3,0,0,1,0,1,S05,otorite/emir,authority,otorite,True,False
P0219,donebilmez_dulek_evren,salur_kazan,3,7,0,0,3,0,1,S12,belirsiz;çatışma,conflict;uncertain,olay;çatışma,True,True
P0220,donebilmez_dulerk_evren,salur_kazan,1,1,0,0,1,0,1,S12,belirsiz,uncertain,olay,True,False
P0221,duha_koca,dumrul,2,5,0,1,1,0,1,S06,diyalog_nötr;diyalog_olumsuz,communication,iletişim,True,False
P0222,dumrul,dumrulun_annesi,2,5,0,1,1,0,1,S06,diyalog_nötr;diyalog_olumsuz,communication,iletişim,True,False
P0223,dumrul,dumrulun_karisi,2,5,1,0,1,0,1,S06,diyalog_nötr;diyalog_olumlu,communication,iletişim,True,False
P0224,dumrul,tanri,1,3,0,0,0,1,1,S06,ikna/müzakere,cooperation,iletişim,True,False
P0225,duzen_oglu_alp_rustem,salur_kazan,2,3,0,0,2,0,1,S12,belirsiz;diyalog_nötr,communication;uncertain,iletişim;olay,True,False
P0226,duzen_oglu_alp_rustem,tepegoz,1,5,0,1,0,0,1,S09,çatışma,conflict,çatışma,False,True
P0227,egrek,kafirler_segrek_boyu,2,2,0,0,2,0,1,S11,belirsiz,uncertain,olay,True,False
P0228,egrek,salur_kazan,2,2,0,0,2,0,1,S11,belirsiz,uncertain,olay,True,False
P0229,egrek,segrek,3,7,1,0,2,0,1,S11,akrabalık;belirsiz,kinship;uncertain,akrabalık;olay,True,True
P0230,egrek,ters_uzamis,3,3,0,0,3,0,1,S11,belirsiz,uncertain,olay,True,False
P0231,egrek,usun_kocanin_buyuk,1,5,1,0,0,0,1,S11,akrabalık,kinship,akrabalık,False,True
P0232,emen,kafir,2,6,1,0,1,0,1,S10,akrabalık;belirsiz,kinship;uncertain,akrabalık;olay,True,True
P0233,emen,tanri,1,3,0,0,0,1,1,S10,ikna/müzakere,cooperation,iletişim,True,False
P0234,emen,tekfur_begil_boyu,1,3,0,0,0,1,1,S10,ikna/müzakere,cooperation,iletişim,True,False
P0235,emen,ters_uzamis,1,1,0,0,1,0,1,S13,belirsiz,uncertain,olay,True,False
P0236,emen,yigenek,1,2,0,0,1,0,1,S08,diyalog_nötr,communication,iletişim,True,False
P0237,emren,haberci,1,3,0,0,1,0,1,S10,otorite/emir,authority,otorite,True,False
P0238,emren,tekfur_begil_boyu,5,9,0,1,4,0,1,S10,belirsiz;çatışma,conflict;uncertain,olay;çatışma,True,True
P0239,evnuk_kalesi_kafirleri,pay_purenin_oglu,1,5,0,1,0,0,1,S04,çatışma,conflict,çatışma,False,True
P0240,eylik_koca_donebilmez_dulek_evren,salur_kazan,1,2,0,0,1,0,1,S12,diyalog_nötr,communication,iletişim,True,False
P0241,eylik_koca_oglu_saru_kulmas,sokli_melik,1,5,0,1,0,0,1,S03,çatışma,conflict,çatışma,False,True
P0242,gelen_diger_dadilar,tepegoz,1,1,0,0,1,0,1,S09,belirsiz,uncertain,olay,True,False
P0243,haberci,segrek,1,1,0,0,1,0,1,S11,belirsiz,uncertain,olay,True,False
P0244,haberci,usun_koca,1,1,0,0,1,0,1,S11,belirsiz,uncertain,olay,True,False
P0245,han_afsar,salur_kazan,1,3,1,0,0,0,1,S14,otorite/emir,authority,otorite,True,False
P0246,ic_oguz,salur_kazan,1,3,1,0,0,0,1,S14,diyalog_olumlu,communication,iletişim,True,False
P0247,ic_oguz_beyleri,salur_kazan,3,6,1,0,2,0,2,S13;S14,belirsiz;hareket/eylem;otorite/emir,authority;other;uncertain,olay;otorite,True,False
P0248,ic_oguz_ve_kazan,sokli_melik,1,5,0,1,0,0,1,S03,çatışma,conflict,çatışma,False,True
P0249,imrahor,pay_purenin_oglu,1,3,1,0,0,0,1,S04,ödül/değişim,cooperation,otorite,True,False
P0250,kadinlar,kisirca_yenge,1,3,0,0,0,1,1,S04,ikna/müzakere,cooperation,iletişim,True,False
P0251,kafir,oguz_askerleri,1,5,0,1,0,0,1,S12,çatışma,conflict,çatışma,False,True
P0252,kafir,tekfur_begil_boyu,2,6,0,0,2,0,1,S10,otorite/emir,authority,otorite,True,False
P0253,kafir,uruz,3,14,1,2,0,0,2,S03;S05,destek/yardım;çatışma,conflict;support,olay;çatışma,True,True
P0254,kafir_askeri,salur_kazan,1,1,0,0,1,0,1,S12,belirsiz,uncertain,olay,True,False
P0255,kafir_eri,salur_kazan,1,4,1,0,0,0,1,S12,destek/yardım,support,olay,True,False
P0256,kafir_gozcusu,kafir_ordusu,1,1,0,0,1,0,1,S10,belirsiz,uncertain,olay,True,False
P0257,kafirin_causu,tekfur_begil_boyu,1,1,0,0,1,0,1,S10,belirsiz,uncertain,olay,True,False
P0258,kafirler_bamsi_beyrek_boyu,oguz_beyleri,1,5,0,1,0,0,1,S04,çatışma,conflict,çatışma,False,True
P0259,kafirler_ev_yagmasi_boyu,kara_gone_deli_dundar_kara_budak,1,5,0,1,0,0,1,S03,çatışma,conflict,çatışma,False,True
P0260,kafirler_ev_yagmasi_boyu,kazan_ve_karacuk_coban,1,5,0,1,0,0,1,S03,çatışma,conflict,çatışma,False,True
P0261,kafirler_ev_yagmasi_boyu,kazilik_koca_oglu_bey_yigenek,1,5,0,1,0,0,1,S03,çatışma,conflict,çatışma,False,True
P0262,kafirler_ev_yagmasi_boyu,peygamber_sahabesi_kanli_bugduz_emen,1,5,0,1,0,0,1,S03,çatışma,conflict,çatışma,False,True
P0263,kafirler_ev_yagmasi_boyu,sokli_melik,1,3,0,0,0,1,1,S03,ikna/müzakere,cooperation,iletişim,True,False
P0264,kafirler_kan_turali_boyu,selcen_hatun,1,5,0,1,0,0,1,S07,çatışma,conflict,çatışma,False,True
P0265,kafirler_segrek_boyu,tekfur_segrek_boyu,5,7,0,0,5,0,1,S11,belirsiz;otorite/emir,authority;uncertain,olay;otorite,True,False
P0266,kafirler_uruz_kurtarma_boyu,kara_gone_ve_askerleri,2,4,0,1,1,0,1,S12,belirsiz;diyalog_olumsuz,communication;uncertain,iletişim;olay,True,False
P0267,kafirler_uruz_kurtarma_boyu,kazan_ve_beyler,1,5,0,1,0,0,1,S12,çatışma,conflict,çatışma,False,True
P0268,kafirler_uruz_kurtarma_boyu,salur_kazan,6,9,1,0,5,0,1,S12,belirsiz;destek/yardım,support;uncertain,olay,True,False
P0269,kafirler_uruz_tutsak_boyu,kazan_kardesi_kara_gone_kiyan_selcuk_oglu_deli_dundar_gaflet_koca_oglu_sir_semseddin_beyrek_kazilik_koca_oglu_bey_yigenek_dor_boyun_oksayan_deli_dundar_bin_kavim_baslari_duger_bin_bugduz_baslari_emen_dokuz_koca_baslari_aruz_kazanin_beyleri,1,5,0,1,0,0,1,S05,çatışma,conflict,çatışma,False,True
P0270,kafirler_uruz_tutsak_boyu,kazan_ve_askerleri,1,5,0,1,0,0,1,S05,çatışma,conflict,çatışma,False,True
P0271,kafirler_uruz_tutsak_boyu,salur_kazan,2,10,0,2,0,0,1,S05,çatışma,conflict,çatışma,False,True
P0272,kafirler_uruz_tutsak_boyu,uruz,1,5,0,1,0,0,1,S05,çatışma,conflict,çatışma,False,True
P0273,kafirler_uruz_tutsak_boyu,uruzun_40_adamini_sehit_ettiler,1,1,0,0,1,0,1,S05,belirsiz,uncertain,olay,True,False
P0274,kafirlere,tekfur_begil_boyu,1,1,0,0,1,0,1,S10,belirsiz,uncertain,olay,True,False
P0275,kafirlerin_sag_cenahi,uruz_ve_uruzun_40_askeri,1,5,0,1,0,0,1,S05,çatışma,conflict,çatışma,False,True
P0276,kalenin_sigir_cobani,tekfur_uruz_kurtarma_boyu,1,2,0,1,0,0,1,S12,duygusal_tepki,other,olay,True,False
P0277,kaleye_hucum_edenler,kesisler,1,5,0,1,0,0,1,S04,çatışma,conflict,çatışma,False,True
P0278,kan_turali,kan_turalinin_40_adami,1,2,0,0,1,0,1,S07,hareket/eylem,other,olay,True,False
P0279,kan_turali,kan_turalinin_adamlari,3,9,1,0,2,0,1,S07,akrabalık;belirsiz;otorite/emir,authority;kinship;uncertain,akrabalık;olay;otorite,True,True
P0280,kan_turali,kanli_koca,8,20,4,0,4,0,1,S07,akrabalık;belirsiz;diyalog_olumlu,communication;kinship;uncertain,akrabalık;iletişim;olay,True,True
P0281,kan_turali,selcen_hatun,5,11,1,1,3,0,1,S07,belirsiz;diyalog_nötr;tören/ritüel;çatışma,communication;conflict;other;uncertain,iletişim;olay;çatışma,True,True
P0282,kan_turali,tekfur_kan_turali_boyu,4,17,3,0,1,0,1,S07,akrabalık;diyalog_nötr,communication;kinship,akrabalık;iletişim,True,True
P0283,kan_turali_ve_adamlari,tekfur_ve_100_kafir,1,1,0,0,1,0,1,S07,belirsiz,uncertain,olay,True,False
P0284,kan_turali_ve_selcen_hatun,kan_turalinin_anne_babasi,1,1,0,0,1,0,1,S07,belirsiz,uncertain,olay,True,False
P0285,kan_turalinin_anne_babasi,selcen_hatun,2,5,1,0,1,0,1,S07,belirsiz;destek/yardım,support;uncertain,olay,True,False
P0286,kan_turaliyi_gorunce_ona_tutuluyor_keske_babam_beni_buna_verse,tekfurun,1,5,1,0,0,0,1,S07,akrabalık,kinship,akrabalık,False,True
P0287,kapcak_melik,kara_budak,1,5,0,1,0,0,1,S03,çatışma,conflict,çatışma,False,True
P0288,kapici,karavas,1,1,0,0,1,0,1,S10,belirsiz,uncertain,olay,True,False
P0289,kara_arslan_melik,kara_budak,1,5,0,1,0,0,1,S04,çatışma,conflict,çatışma,False,True
P0290,kara_budak,kara_gone,1,5,1,0,0,0,1,S08,akrabalık,kinship,akrabalık,False,True
P0291,kara_budak,salur_kazan,3,13,2,1,0,0,1,S14,akrabalık;destek/yardım;gerilim,conflict;kinship;support,akrabalık;olay;çatışma,True,True
P0292,kara_budak,yigenek,1,4,1,0,0,0,1,S08,destek/yardım,support,olay,True,False
P0293,kara_cekur,kirk_kinuk,1,5,1,0,0,0,1,S07,akrabalık,kinship,akrabalık,False,True
P0294,kara_gone,kilbas,1,5,1,0,0,0,1,S13,akrabalık,kinship,akrabalık,False,True
P0295,kara_gone,salur_kazan,2,5,1,0,1,0,2,S03;S05,diyalog_nötr;diyalog_olumlu,communication,iletişim,True,False
P0296,kara_gone_oglu_kara_budak,salur_kazan,1,3,1,0,0,0,1,S03,diyalog_olumlu,communication,iletişim,True,False
P0297,kara_tekfur,kara_tekfurun_casusu,1,5,0,1,0,0,1,S11,çatışma,conflict,çatışma,False,True
P0298,karacuk_coban,kiyan_guci,1,1,0,0,1,0,1,S03,belirsiz,uncertain,olay,True,False
P0299,karacuk_coban,salur_kazan,4,10,2,0,1,1,1,S03,diyalog_nötr;ikna/müzakere;tören/ritüel;ödül/değişim,communication;cooperation;other,iletişim;olay;otorite,True,False
P0300,karacuk_coban,sokli_melik,1,3,0,1,0,0,1,S03,diyalog_olumsuz,communication,iletişim,True,False
P0301,karacuk_cobanin_kara_kopegi,salur_kazan,1,2,0,0,1,0,1,S03,diyalog_nötr,communication,iletişim,True,False
P0302,karisi,segrek,5,12,2,0,3,0,1,S11,akrabalık;belirsiz;destek/yardım,kinship;support;uncertain,akrabalık;olay,True,True
P0303,karisina,segrek,1,2,1,0,0,0,1,S11,tören/ritüel,other,olay,True,False
P0304,kayin_ata_kayin_anasi,segrekin_karisi,1,1,0,0,1,0,1,S11,belirsiz,uncertain,olay,True,False
P0305,kazanin_adami,salur_kazan,1,3,0,0,1,0,1,S04,otorite/emir,authority,otorite,True,False
P0306,kazanin_adamlari,salur_kazan,2,4,0,0,2,0,1,S04,belirsiz;otorite/emir,authority;uncertain,olay;otorite,True,False
P0307,kazanin_askerleri,salur_kazan,1,3,1,0,0,0,1,S14,otorite/emir,authority,otorite,True,False
P0308,kazanin_askerleri,tekfurun_askerleri,1,5,0,1,0,0,1,S12,çatışma,conflict,çatışma,False,True
P0309,kazanin_evi,sokli_melik_ve_adamlari,1,5,0,1,0,0,1,S03,çatışma,conflict,çatışma,False,True
P0310,kazanin_kardesi_kara_gone,kilbas,1,1,0,0,1,0,1,S13,belirsiz,uncertain,olay,True,False
P0311,kazanin_kardesi_kara_gone,tepegoz,1,5,0,1,0,0,1,S09,çatışma,conflict,çatışma,False,True
P0312,kazanin_karicuk_anasi,sokli_melik,1,5,0,1,0,0,1,S03,çatışma,conflict,çatışma,False,True
P0313,kazilik_koca,yarar_kocalar,1,1,0,0,1,0,1,S08,belirsiz,uncertain,olay,True,False
P0314,kazilik_koca,yigenek,2,10,2,0,0,0,1,S08,akrabalık,kinship,akrabalık,False,True
P0315,kilbas,salur_kazan,5,6,0,0,5,0,1,S13,belirsiz;hareket/eylem,other;uncertain,olay,True,False
P0316,kilbas_ve_kara_gone,salur_kazan,2,2,0,0,2,0,1,S13,belirsiz,uncertain,olay,True,False
P0317,kiyan_oglu_deli_dundar,salur_kazan,1,3,1,0,0,0,1,S14,otorite/emir,authority,otorite,True,False
P0318,kiyan_selcik,tepegoz,1,5,0,1,0,0,1,S09,çatışma,conflict,çatışma,False,True
P0319,kiyan_selcuk_oglu_deli_dundar,salur_kazan,1,3,1,0,0,0,1,S03,diyalog_olumlu,communication,iletişim,True,False
P0320,kocalar,tepegoz,1,3,0,0,1,0,1,S09,otorite/emir,authority,otorite,True,False
P0321,kurt,salur_kazan,1,2,0,0,1,0,1,S03,diyalog_nötr,communication,iletişim,True,False
P0322,lala_kilbas,salur_kazan,6,18,5,0,1,0,1,S14,destek/yardım;diyalog_nötr;diyalog_olumlu;ikna/müzakere;otorite/emir,authority;communication;cooperation;support,iletişim;olay;otorite,True,False
P0323,lala_kilbas,ustalar,1,3,1,0,0,0,1,S14,otorite/emir,authority,otorite,True,False
P0324,nesne,yigit,1,1,0,0,1,0,1,S09,belirsiz,uncertain,olay,True,False
P0325,oguz,tepegoz,3,15,0,2,1,0,1,S09,çatışma,conflict,çatışma,False,True
P0326,oguz_askerleri,salur_kazan,1,1,0,0,1,0,1,S12,belirsiz,uncertain,olay,True,False
P0327,oguz_beyleri,pay_pure_bey,1,3,1,0,0,0,1,S04,ödül/değişim,cooperation,otorite,True,False
P0328,oguz_beyleri,yedi_kafir_beyi,1,5,0,1,0,0,1,S04,çatışma,conflict,çatışma,False,True
P0329,oguz_han,oguz_hanin_likcisi,1,2,0,0,1,0,1,S09,diyalog_nötr,communication,iletişim,True,False
P0330,oksuz_cocuk,segrek,3,6,1,0,2,0,1,S11,belirsiz;destek/yardım,support;uncertain,olay,True,False
P0331,oynadigi_oglanlar,tepegoz,1,1,0,0,1,0,1,S09,belirsiz,uncertain,olay,True,False
P0332,pay_pure,salur_kazan,2,7,1,0,1,0,1,S04,akrabalık;diyalog_nötr,communication;kinship,akrabalık;iletişim,True,True
P0333,paypure,salur_kazan,1,5,1,0,0,0,1,S04,akrabalık,kinship,akrabalık,False,True
P0334,peri,sari_coban,1,2,0,0,1,0,1,S09,hareket/eylem,other,olay,True,False
P0335,peri_kizi,sari_coban,1,2,0,0,1,0,1,S09,diyalog_olumsuz,communication,iletişim,True,False
P0336,salur_kazan,serhat_beylerinden_ulak,1,2,0,0,1,0,1,S14,diyalog_nötr,communication,iletişim,True,False
P0337,salur_kazan,sokli_melik,2,8,0,2,0,0,2,S03;S04,diyalog_olumsuz;çatışma,communication;conflict,iletişim;çatışma,True,True
P0338,salur_kazan,su,1,2,0,0,1,0,1,S03,diyalog_nötr,communication,iletişim,True,False
P0339,salur_kazan,tanri,2,7,2,0,0,0,1,S14,destek/yardım;ikna/müzakere,cooperation;support,iletişim;olay,True,False
P0340,salur_kazan,tekfur_uruz_kurtarma_boyu,2,4,0,0,2,0,1,S12,belirsiz;ikna/müzakere,cooperation;uncertain,iletişim;olay,True,False
P0341,salur_kazan,tekfur_ve_sokli_melik,1,5,0,1,0,0,1,S05,çatışma,conflict,çatışma,False,True
P0342,salur_kazan,tekfurun_askerleri,1,5,0,1,0,0,1,S12,çatışma,conflict,çatışma,False,True
P0343,salur_kazan,tekfurun_beyleri,4,8,0,0,4,0,1,S12,belirsiz;ikna/müzakere,cooperation;uncertain,iletişim;olay,True,False
P0344,salur_kazan,tekfurun_karisi,4,8,1,0,3,0,1,S12,akrabalık;belirsiz,kinship;uncertain,akrabalık;olay,True,True
P0345,salur_kazan,trabzon_tekfuru,1,3,1,0,0,0,1,S12,ödül/değişim,cooperation,otorite,True,False
P0346,salur_kazan,turkistan,3,9,3,0,0,0,2,S03;S14,coğrafi_epitet,identity_title,mekân,True,False
P0347,salur_kazan,ulas,2,10,2,0,0,0,2,S03;S05,akrabalık,kinship,akrabalık,False,True
P0348,salur_kazan,uruz,11,39,4,2,4,1,2,S05;S12,akrabalık;belirsiz;diyalog_nötr;diyalog_olumsuz;ikna/müzakere;otorite/emir;çatışma,authority;communication;conflict;cooperation;kinship;uncertain,akrabalık;iletişim;olay;otorite;çatışma,True,True
P0349,salur_kazan,uruz_ve_300_asker,1,3,0,0,1,0,1,S03,otorite/emir,authority,otorite,True,False
P0350,salur_kazan,ustalar,1,3,1,0,0,0,1,S14,otorite/emir,authority,otorite,True,False
P0351,salur_kazan,usun_koca_ve_karisi,2,6,1,0,1,0,1,S11,akrabalık;belirsiz,kinship;uncertain,akrabalık;olay,True,True
P0352,salur_kazan,yedi_basli_ejderha,4,19,0,4,0,0,1,S14,gerilim;çatışma,conflict,çatışma,False,True
P0353,salur_kazan,yurt,1,2,0,0,1,0,1,S03,diyalog_nötr,communication,iletişim,True,False
P0354,salur_kazan,yuz_bin_kafir,1,5,0,1,0,0,1,S14,çatışma,conflict,çatışma,False,True
P0355,segerk,usun_koca,1,1,0,0,1,0,1,S11,belirsiz,uncertain,olay,True,False
P0356,segrek,usun_koca,1,1,0,0,1,0,1,S11,belirsiz,uncertain,olay,True,False
P0357,segrek,usun_kocanin_kucuk,1,5,1,0,0,0,1,S11,akrabalık,kinship,akrabalık,False,True
P0358,selcen_hatun,trabzon_tekfuru,1,5,1,0,0,0,1,S07,akrabalık,kinship,akrabalık,False,True
P0359,tanri,yigenek,1,3,0,0,0,1,1,S08,ikna/müzakere,cooperation,iletişim,True,False
P0360,tatyan_kalesi_casuslari,tekfur_uruz_tutsak_boyu,1,2,1,0,0,0,1,S05,destek/yardım,support,iletişim,True,False
P0361,tekfur_begil_boyu,tekfurun_askerleri,1,5,1,0,0,0,1,S10,akrabalık,kinship,akrabalık,False,True
P0362,tekfur_kan_turali_boyu,tekfurun_adamlari,2,8,1,0,1,0,1,S07,akrabalık;otorite/emir,authority;kinship,akrabalık;otorite,True,True
P0363,tekfur_kan_turali_boyu,tekfurun_kardesinin_oglu,2,8,1,0,0,1,1,S07,akrabalık;ikna/müzakere,cooperation;kinship,akrabalık;iletişim,True,True
P0364,tekfur_segrek_boyu,tekfurun_casusu,1,1,0,0,1,0,1,S11,belirsiz,uncertain,olay,True,False
P0365,tekfur_uruz_kurtarma_boyu,tekfurun_adamlari,3,5,0,0,3,0,1,S12,belirsiz;otorite/emir,authority;uncertain,olay;otorite,True,False
P0366,tekfur_uruz_kurtarma_boyu,tekfurun_askerleri,1,3,0,0,1,0,1,S12,otorite/emir,authority,otorite,True,False
P0367,tekfur_uruz_kurtarma_boyu,tekfurun_beyleri,2,4,0,0,2,0,1,S12,belirsiz;ikna/müzakere,cooperation;uncertain,iletişim;olay,True,False
P0368,tekfur_uruz_kurtarma_boyu,tekfurun_casusu,1,1,0,0,1,0,1,S12,belirsiz,uncertain,olay,True,False
P0369,tekfur_uruz_kurtarma_boyu,tekfurun_karisi,1,1,0,0,1,0,1,S12,belirsiz,uncertain,olay,True,False
P0370,tekfurun_karisi,zindanci,1,3,0,0,1,0,1,S12,otorite/emir,authority,otorite,True,False
P0371,tepegoz,tepegozun_peri_annesi,1,1,0,0,1,0,1,S09,belirsiz,uncertain,olay,True,False
P0372,tepegoz,usun_koca_oglu,1,5,1,0,0,0,1,S09,akrabalık,kinship,akrabalık,False,True
P0373,tepegoz,usun_koca_oglunun_2_kardesi,1,5,1,0,0,0,1,S09,akrabalık,kinship,akrabalık,False,True
P0374,uruz,uruzun_40_askeri,1,5,0,1,0,0,1,S05,çatışma,conflict,çatışma,False,True
P0375,uruz,uruzun_annesi,2,2,0,0,2,0,1,S12,belirsiz,uncertain,olay,True,False
P0376,yigenek,yoldaslari,1,2,0,1,0,0,1,S08,duygusal_tepki,other,olay,True,False
