network,n_nodes,n_edges,directed,n_connected_components,density,average_clustering,transitivity,degree_assortativity,diameter_giant_component,average_shortest_path_length_giant_component,average_eccentricity_giant_component,max_k_core,reciprocity,n_weakly_connected_components
G0_full,311,376,False,23.0,0.007800020744736023,0.07130364260642587,0.040797186400937865,-0.19204317547924368,10,4.040347774830534,7.1226053639846745,3,,
G1_person_only,154,182,False,14.0,0.015448603683897801,0.07348752608191313,0.07802013422818792,-0.1651179029918892,10,3.7852617079889805,7.016528925619835,3,,
G2_core_social,309,374,False,23.0,0.00785945446139621,0.07191003709471995,0.04157706093189964,-0.1914150725586694,10,4.047918350243932,7.127413127413128,3,,
G3_kinship,83,61,False,22.0,0.01792535997649133,0.0,0.0,-0.10755871324254983,6,2.989130434782609,4.625,1,,
G4_communication,74,73,False,11.0,0.02702702702702703,0.09045693857074931,0.061224489795918366,-0.330865919554439,5,2.5459579180509415,3.9767441860465116,3,,
G5_cooperation_support,73,65,False,12.0,0.024733637747336376,0.018378995433789954,0.013824884792626729,-0.18573271060911037,7,3.3575757575757574,5.511111111111111,2,,
G6_conflict,114,92,False,23.0,0.014283496351498214,0.003036437246963563,0.013333333333333334,-0.24052385303319776,7,3.5703211517165006,5.674418604651163,2,,
G7_positive,127,116,False,18.0,0.014498187726534183,0.029166140328715597,0.020380434782608696,-0.22636131019231437,9,3.7482685937970492,6.865853658536586,2,,
G8_negative,126,102,False,25.0,0.012952380952380953,0.0027657527657527657,0.012448132780082987,-0.21626202744069553,8,4.097744360902255,6.280701754385965,2,,
G9_directed,221,324,True,,0.006663924310983134,0.0811634637061582,0.04378109452736319,-0.21596751460880528,12,4.065487954703275,9.010309278350515,3,0.35802469135802467,13.0
G10_weighted,311,376,False,23.0,0.007800020744736023,0.07130364260642587,0.040797186400937865,-0.19204317547924368,10,4.040347774830534,7.1226053639846745,3,,
G11_unweighted,311,376,False,23.0,0.007800020744736023,0.07130364260642587,0.040797186400937865,-0.19204317547924368,10,4.040347774830534,7.1226053639846745,3,,
