network,metric,observed,z_score,empirical_p,bh_qvalue,significant_at_bh_fdr_0.05
G0_full,modularity_louvain,0.7234643786781348,7.038603470479898,0.000999000999000999,0.011988011988011988,True
G2_core_social,clustering,0.07191003709471995,4.09569794955112,0.000999000999000999,0.011988011988011988,True
G2_core_social,modularity_louvain,0.7244702450742087,6.884628813328341,0.000999000999000999,0.011988011988011988,True
G0_full,clustering,0.07130364260642587,3.940297320040605,0.001998001998001998,0.017982017982017984,True
G1_person_only,modularity_louvain,0.6906019804371453,3.275892451563851,0.002997002997002997,0.02157842157842158,True
G1_person_only,clustering,0.07348752608191313,3.013156771377796,0.003996003996003996,0.023976023976023976,True
G1_person_only,transitivity,0.07802013422818792,3.0045973013097154,0.005994005994005994,0.026973026973026976,True
G6_conflict,modularity_louvain,0.869210775047259,2.7111010183958415,0.005994005994005994,0.026973026973026976,True
G7_positive,modularity_louvain,0.7786860879904874,2.8162943760727717,0.007992007992007992,0.03196803196803197,True
G8_negative,modularity_louvain,0.8740868896578239,2.5757402707952113,0.00999000999000999,0.03596403596403596,True
G4_communication,modularity_louvain,0.6828673297053856,2.621388440525357,0.01098901098901099,0.03596403596403596,True
G4_communication,clustering,0.09045693857074931,2.202009828848502,0.015984015984015984,0.04795204795204795,True
G0_full,degree_assortativity,-0.19204317547924368,-2.173129088999901,0.03196803196803197,0.08852685775762699,False
G2_core_social,degree_assortativity,-0.1914150725586694,-1.8685209803989913,0.061938061938061936,0.14865134865134863,False
G6_conflict,degree_assortativity,-0.24052385303319776,-1.8926592911831142,0.061938061938061936,0.14865134865134863,False
G4_communication,transitivity,0.061224489795918366,1.8912810232813586,0.07192807192807193,0.16183816183816185,False
G8_negative,degree_assortativity,-0.21626202744069553,-1.645745088794749,0.1038961038961039,0.22001527883880828,False
G4_communication,degree_assortativity,-0.330865919554439,1.2776377546946083,0.14885114885114886,0.2933908197066092,False
G2_core_social,transitivity,0.04157706093189964,1.486361954101673,0.15484515484515485,0.2933908197066092,False
G0_full,transitivity,0.040797186400937865,1.3034731382685412,0.1978021978021978,0.356043956043956,False
G7_positive,degree_assortativity,-0.22636131019231437,-0.9598574705513399,0.3306693306693307,0.5668617097188525,False
G7_positive,clustering,0.029166140328715597,0.930778695055535,0.34965034965034963,0.572155117609663,False
G5_cooperation_support,modularity_louvain,0.7511242603550297,0.8029634697579975,0.43756243756243757,0.6728271728271729,False
G3_kinship,modularity_louvain,0.8711367911851653,0.7983843212975572,0.4485514485514486,0.6728271728271729,False
G1_person_only,degree_assortativity,-0.1651179029918892,0.674319005267187,0.5204795204795205,0.7494905094905095,False
G5_cooperation_support,transitivity,0.013824884792626729,-0.7700948101689049,0.5454545454545454,0.7552447552447552,False
G8_negative,clustering,0.0027657527657527657,-0.46486833248295967,0.7432567432567433,0.9633223918938205,False
G6_conflict,clustering,0.003036437246963563,-0.456248808006968,0.7492507492507493,0.9633223918938205,False
G5_cooperation_support,degree_assortativity,-0.18573271060911037,0.236498912679763,0.8301698301698301,1.0,False
G3_kinship,clustering,0.0,-0.5091602324501143,0.8731268731268731,1.0,False
G5_cooperation_support,clustering,0.018378995433789954,-0.10333610760996861,0.9180819180819181,1.0,False
G3_kinship,degree_assortativity,-0.10755871324254983,-0.025928486370746764,0.9790209790209791,1.0,False
G7_positive,transitivity,0.020380434782608696,0.1402169569789909,1.0,1.0,False
G6_conflict,transitivity,0.013333333333333334,-0.35888320479629315,1.0,1.0,False
G3_kinship,transitivity,0.0,-0.5879122655095251,1.0,1.0,False
G8_negative,transitivity,0.012448132780082987,-0.3338175731528789,1.0,1.0,False
