n_removed,fraction_removed,largest_component_size,n_components,largest_component_fraction
0,0.0,261,23,0.8392282958199357
6,0.01929260450160772,162,107,0.5209003215434084
12,0.03858520900321544,64,141,0.2057877813504823
18,0.05787781350482315,23,164,0.07395498392282958
24,0.07717041800643087,14,183,0.04501607717041801
30,0.09646302250803858,6,199,0.01929260450160772
36,0.1157556270096463,4,211,0.012861736334405145
42,0.13504823151125403,4,217,0.012861736334405145
48,0.15434083601286175,3,223,0.00964630225080386
54,0.17363344051446947,2,226,0.006430868167202572
60,0.19292604501607716,2,226,0.006430868167202572
66,0.21221864951768488,2,226,0.006430868167202572
72,0.2315112540192926,2,226,0.006430868167202572
78,0.2508038585209003,2,226,0.006430868167202572
84,0.27009646302250806,2,226,0.006430868167202572
90,0.28938906752411575,1,221,0.003215434083601286
96,0.3086816720257235,1,215,0.003215434083601286
102,0.3279742765273312,1,209,0.003215434083601286
108,0.34726688102893893,1,203,0.003215434083601286
114,0.3665594855305466,1,197,0.003215434083601286
120,0.3858520900321543,1,191,0.003215434083601286
126,0.40514469453376206,1,185,0.003215434083601286
132,0.42443729903536975,1,179,0.003215434083601286
138,0.4437299035369775,1,173,0.003215434083601286
144,0.4630225080385852,1,167,0.003215434083601286
150,0.48231511254019294,1,161,0.003215434083601286
156,0.5016077170418006,1,155,0.003215434083601286
162,0.5209003215434084,1,149,0.003215434083601286
168,0.5401929260450161,1,143,0.003215434083601286
174,0.5594855305466238,1,137,0.003215434083601286
180,0.5787781350482315,1,131,0.003215434083601286
186,0.5980707395498392,1,125,0.003215434083601286
192,0.617363344051447,1,119,0.003215434083601286
198,0.6366559485530546,1,113,0.003215434083601286
204,0.6559485530546624,1,107,0.003215434083601286
210,0.6752411575562701,1,101,0.003215434083601286
216,0.6945337620578779,1,95,0.003215434083601286
222,0.7138263665594855,1,89,0.003215434083601286
228,0.7331189710610932,1,83,0.003215434083601286
234,0.752411575562701,1,77,0.003215434083601286
240,0.7717041800643086,1,71,0.003215434083601286
246,0.7909967845659164,1,65,0.003215434083601286
252,0.8102893890675241,1,59,0.003215434083601286
258,0.8295819935691319,1,53,0.003215434083601286
264,0.8488745980707395,1,47,0.003215434083601286
270,0.8681672025723473,1,41,0.003215434083601286
276,0.887459807073955,1,35,0.003215434083601286
282,0.9067524115755627,1,29,0.003215434083601286
288,0.9260450160771704,1,23,0.003215434083601286
294,0.9453376205787781,1,17,0.003215434083601286
300,0.9646302250803859,1,11,0.003215434083601286
306,0.9839228295819936,1,5,0.003215434083601286
311,1.0,0,0,0.0
