kayit_id,source_file,degisim_tipi,alan,eski_deger,yeni_deger,gerekce,duzenleme_turu
DKR0019,02_dirse_han_oglu_bogac_han_boyu.csv,ad_standardizasyonu,karakter_1,Dirse'nin 40 Adamı,Dirse Han'ın 40 Adamı,alias/generic bağlama göre düzeltildi,
DKR0020,02_dirse_han_oglu_bogac_han_boyu.csv,ad_standardizasyonu,karakter_1,Dirse'nin 40 Adamı,Dirse Han'ın 40 Adamı,alias/generic bağlama göre düzeltildi,
DKR0021,02_dirse_han_oglu_bogac_han_boyu.csv,ad_standardizasyonu,karakter_1,Dirse'nin Karısı,Dirse Han'ın Karısı,alias/generic bağlama göre düzeltildi,
DKR0022,02_dirse_han_oglu_bogac_han_boyu.csv,ad_standardizasyonu,karakter_1,Dirse'nin 40 Adamı,Dirse Han'ın 40 Adamı,alias/generic bağlama göre düzeltildi,
DKR0023,02_dirse_han_oglu_bogac_han_boyu.csv,ad_standardizasyonu,karakter_1,Dirse'nin 40 Adamı,Dirse Han'ın 40 Adamı,alias/generic bağlama göre düzeltildi,
DKR0023,02_dirse_han_oglu_bogac_han_boyu.csv,ad_standardizasyonu,karakter_2,Dirse'nin Karısı,Dirse Han'ın Karısı,alias/generic bağlama göre düzeltildi,
DKR0024,02_dirse_han_oglu_bogac_han_boyu.csv,ad_standardizasyonu,karakter_1,Dirse'nin Karısı,Dirse Han'ın Karısı,alias/generic bağlama göre düzeltildi,
DKR0027,02_dirse_han_oglu_bogac_han_boyu.csv,ad_standardizasyonu,karakter_1,Dirse'nin Karısı,Dirse Han'ın Karısı,alias/generic bağlama göre düzeltildi,
DKR0029,02_dirse_han_oglu_bogac_han_boyu.csv,ad_standardizasyonu,karakter_1,Dirse'nin 40 Adamı,Dirse Han'ın 40 Adamı,alias/generic bağlama göre düzeltildi,
DKR0030,02_dirse_han_oglu_bogac_han_boyu.csv,ad_standardizasyonu,karakter_1,Dirse'nin 40 Adamı,Dirse Han'ın 40 Adamı,alias/generic bağlama göre düzeltildi,
DKR0031,02_dirse_han_oglu_bogac_han_boyu.csv,ad_standardizasyonu,karakter_1,Dirse'nin Karısı,Dirse Han'ın Karısı,alias/generic bağlama göre düzeltildi,
DKR0033,02_dirse_han_oglu_bogac_han_boyu.csv,ad_standardizasyonu,karakter_2,Dirse'nin 40 Adamı,Dirse Han'ın 40 Adamı,alias/generic bağlama göre düzeltildi,
DKR0035,02_dirse_han_oglu_bogac_han_boyu.csv,ad_standardizasyonu,karakter_2,Dirse'nin 40 Adamı,Dirse Han'ın 40 Adamı,alias/generic bağlama göre düzeltildi,
DKR0041,03_salur_kazanin_evinin_yagmalandigi.csv,ad_standardizasyonu,karakter_2,Beyler,Beyler (Ev Yağması Boyu),alias/generic bağlama göre düzeltildi,
DKR0043,03_salur_kazanin_evinin_yagmalandigi.csv,ad_standardizasyonu,karakter_2,Kazan,Salur Kazan,alias/generic bağlama göre düzeltildi,
DKR0045,03_salur_kazanin_evinin_yagmalandigi.csv,ad_standardizasyonu,karakter_2,Kazan,Salur Kazan,alias/generic bağlama göre düzeltildi,
DKR0046,03_salur_kazanin_evinin_yagmalandigi.csv,ad_standardizasyonu,karakter_1,Kazan,Salur Kazan,alias/generic bağlama göre düzeltildi,
DKR0047,03_salur_kazanin_evinin_yagmalandigi.csv,ad_standardizasyonu,karakter_1,Kazan,Salur Kazan,alias/generic bağlama göre düzeltildi,
DKR0063,03_salur_kazanin_evinin_yagmalandigi.csv,ad_standardizasyonu,karakter_1,Kazan,Salur Kazan,alias/generic bağlama göre düzeltildi,
DKR0064,03_salur_kazanin_evinin_yagmalandigi.csv,ad_standardizasyonu,karakter_1,Kazan,Salur Kazan,alias/generic bağlama göre düzeltildi,
DKR0065,03_salur_kazanin_evinin_yagmalandigi.csv,ad_standardizasyonu,karakter_1,Kazan,Salur Kazan,alias/generic bağlama göre düzeltildi,
DKR0066,03_salur_kazanin_evinin_yagmalandigi.csv,ad_standardizasyonu,karakter_1,Kazan,Salur Kazan,alias/generic bağlama göre düzeltildi,
DKR0067,03_salur_kazanin_evinin_yagmalandigi.csv,ad_standardizasyonu,karakter_1,Kazan,Salur Kazan,alias/generic bağlama göre düzeltildi,
DKR0068,03_salur_kazanin_evinin_yagmalandigi.csv,ad_standardizasyonu,karakter_1,Kazan,Salur Kazan,alias/generic bağlama göre düzeltildi,
DKR0069,03_salur_kazanin_evinin_yagmalandigi.csv,ad_standardizasyonu,karakter_1,Kazan,Salur Kazan,alias/generic bağlama göre düzeltildi,
DKR0070,03_salur_kazanin_evinin_yagmalandigi.csv,ad_standardizasyonu,karakter_2,Kafirler,Kafirler (Ev Yağması Boyu),alias/generic bağlama göre düzeltildi,
DKR0075,03_salur_kazanin_evinin_yagmalandigi.csv,ad_standardizasyonu,karakter_2,Kafirler,Kafirler (Ev Yağması Boyu),alias/generic bağlama göre düzeltildi,
DKR0076,03_salur_kazanin_evinin_yagmalandigi.csv,ad_standardizasyonu,karakter_1,Kazan,Salur Kazan,alias/generic bağlama göre düzeltildi,
DKR0077,03_salur_kazanin_evinin_yagmalandigi.csv,ad_standardizasyonu,karakter_1,Kazan,Salur Kazan,alias/generic bağlama göre düzeltildi,
DKR0080,03_salur_kazanin_evinin_yagmalandigi.csv,ad_standardizasyonu,karakter_2,Kafirler,Kafirler (Ev Yağması Boyu),alias/generic bağlama göre düzeltildi,
DKR0083,03_salur_kazanin_evinin_yagmalandigi.csv,ad_standardizasyonu,karakter_2,Kafirler,Kafirler (Ev Yağması Boyu),alias/generic bağlama göre düzeltildi,
DKR0085,03_salur_kazanin_evinin_yagmalandigi.csv,ad_standardizasyonu,karakter_2,Kafirler,Kafirler (Ev Yağması Boyu),alias/generic bağlama göre düzeltildi,
DKR0086,03_salur_kazanin_evinin_yagmalandigi.csv,ad_standardizasyonu,karakter_1,Kazan,Salur Kazan,alias/generic bağlama göre düzeltildi,
DKR0087,03_salur_kazanin_evinin_yagmalandigi.csv,ad_standardizasyonu,karakter_2,Kafirler,Kafirler (Ev Yağması Boyu),alias/generic bağlama göre düzeltildi,
DKR0088,03_salur_kazanin_evinin_yagmalandigi.csv,ad_standardizasyonu,karakter_2,Kafirler,Kafirler (Ev Yağması Boyu),alias/generic bağlama göre düzeltildi,
DKR0095,03_salur_kazanin_evinin_yagmalandigi.csv,ad_standardizasyonu,karakter_2,Kafirler,Kafirler (Ev Yağması Boyu),alias/generic bağlama göre düzeltildi,
DKR0096,03_salur_kazanin_evinin_yagmalandigi.csv,ad_standardizasyonu,karakter_2,Kafirler,Kafirler (Ev Yağması Boyu),alias/generic bağlama göre düzeltildi,
DKR0097,03_salur_kazanin_evinin_yagmalandigi.csv,ad_standardizasyonu,karakter_2,Kafirler,Kafirler (Ev Yağması Boyu),alias/generic bağlama göre düzeltildi,
DKR0101,03_salur_kazanin_evinin_yagmalandigi.csv,ad_standardizasyonu,karakter_1,Kazan,Salur Kazan,alias/generic bağlama göre düzeltildi,
DKR0112,04_kam_purenin_oglu_bamsi_beyrek_boyu.csv,ad_standardizasyonu,karakter_2,Beyler,Beyler (Bamsı Beyrek Boyu),alias/generic bağlama göre düzeltildi,
DKR0152,04_kam_purenin_oglu_bamsi_beyrek_boyu.csv,ad_standardizasyonu,karakter_1,"Bamsı'nın Anne, Babası",Bamsı'nın Anne Babası,alias/generic bağlama göre düzeltildi,
DKR0162,04_kam_purenin_oglu_bamsi_beyrek_boyu.csv,ad_standardizasyonu,karakter_1,Beyler,Beyler (Bamsı Beyrek Boyu),alias/generic bağlama göre düzeltildi,
DKR0163,04_kam_purenin_oglu_bamsi_beyrek_boyu.csv,ad_standardizasyonu,karakter_2,Beyler,Beyler (Bamsı Beyrek Boyu),alias/generic bağlama göre düzeltildi,
DKR0193,04_kam_purenin_oglu_bamsi_beyrek_boyu.csv,ad_standardizasyonu,karakter_2,Beyler,Beyler (Bamsı Beyrek Boyu),alias/generic bağlama göre düzeltildi,
DKR0196,04_kam_purenin_oglu_bamsi_beyrek_boyu.csv,ad_standardizasyonu,karakter_1,Kazan,Salur Kazan,alias/generic bağlama göre düzeltildi,
DKR0197,04_kam_purenin_oglu_bamsi_beyrek_boyu.csv,ad_standardizasyonu,karakter_2,Kazan,Salur Kazan,alias/generic bağlama göre düzeltildi,
DKR0198,04_kam_purenin_oglu_bamsi_beyrek_boyu.csv,ad_standardizasyonu,karakter_1,Kazan,Salur Kazan,alias/generic bağlama göre düzeltildi,
DKR0199,04_kam_purenin_oglu_bamsi_beyrek_boyu.csv,ad_standardizasyonu,karakter_2,Kazan,Salur Kazan,alias/generic bağlama göre düzeltildi,
DKR0200,04_kam_purenin_oglu_bamsi_beyrek_boyu.csv,ad_standardizasyonu,karakter_1,Kazan,Salur Kazan,alias/generic bağlama göre düzeltildi,
DKR0202,04_kam_purenin_oglu_bamsi_beyrek_boyu.csv,ad_standardizasyonu,karakter_2,Kazan,Salur Kazan,alias/generic bağlama göre düzeltildi,
DKR0203,04_kam_purenin_oglu_bamsi_beyrek_boyu.csv,ad_standardizasyonu,karakter_1,Kazan,Salur Kazan,alias/generic bağlama göre düzeltildi,
DKR0224,04_kam_purenin_oglu_bamsi_beyrek_boyu.csv,ad_standardizasyonu,karakter_1,Kazan,Salur Kazan,alias/generic bağlama göre düzeltildi,
DKR0225,04_kam_purenin_oglu_bamsi_beyrek_boyu.csv,ad_standardizasyonu,karakter_2,Kazan,Salur Kazan,alias/generic bağlama göre düzeltildi,
DKR0231,04_kam_purenin_oglu_bamsi_beyrek_boyu.csv,ad_standardizasyonu,karakter_1,Kazan,Salur Kazan,alias/generic bağlama göre düzeltildi,
DKR0232,04_kam_purenin_oglu_bamsi_beyrek_boyu.csv,ad_standardizasyonu,karakter_2,Kazan,Salur Kazan,alias/generic bağlama göre düzeltildi,
DKR0233,04_kam_purenin_oglu_bamsi_beyrek_boyu.csv,ad_standardizasyonu,karakter_1,Kazan,Salur Kazan,alias/generic bağlama göre düzeltildi,
DKR0233,04_kam_purenin_oglu_bamsi_beyrek_boyu.csv,ad_standardizasyonu,karakter_2,Beyler,Beyler (Bamsı Beyrek Boyu),alias/generic bağlama göre düzeltildi,
DKR0235,04_kam_purenin_oglu_bamsi_beyrek_boyu.csv,ad_standardizasyonu,karakter_2,Kafirler,Kafirler (Bamsı Beyrek Boyu),alias/generic bağlama göre düzeltildi,
DKR0236,04_kam_purenin_oglu_bamsi_beyrek_boyu.csv,ad_standardizasyonu,karakter_1,Kazan,Salur Kazan,alias/generic bağlama göre düzeltildi,
DKR0249,05_kazan_bey_oglu_uruz_beyin_tutsak_oldugu_boy.csv,ad_standardizasyonu,karakter_1,Kazan Bey,Salur Kazan,alias/generic bağlama göre düzeltildi,
DKR0250,05_kazan_bey_oglu_uruz_beyin_tutsak_oldugu_boy.csv,ad_standardizasyonu,karakter_1,Kazan Bey,Salur Kazan,alias/generic bağlama göre düzeltildi,
DKR0254,05_kazan_bey_oglu_uruz_beyin_tutsak_oldugu_boy.csv,ad_standardizasyonu,karakter_1,Kazan,Salur Kazan,alias/generic bağlama göre düzeltildi,
DKR0255,05_kazan_bey_oglu_uruz_beyin_tutsak_oldugu_boy.csv,ad_standardizasyonu,karakter_1,Kazan,Salur Kazan,alias/generic bağlama göre düzeltildi,
DKR0256,05_kazan_bey_oglu_uruz_beyin_tutsak_oldugu_boy.csv,ad_standardizasyonu,karakter_1,Kazan,Salur Kazan,alias/generic bağlama göre düzeltildi,
DKR0257,05_kazan_bey_oglu_uruz_beyin_tutsak_oldugu_boy.csv,ad_standardizasyonu,karakter_2,Kazan,Salur Kazan,alias/generic bağlama göre düzeltildi,
DKR0258,05_kazan_bey_oglu_uruz_beyin_tutsak_oldugu_boy.csv,ad_standardizasyonu,karakter_1,Kazan,Salur Kazan,alias/generic bağlama göre düzeltildi,
DKR0259,05_kazan_bey_oglu_uruz_beyin_tutsak_oldugu_boy.csv,ad_standardizasyonu,karakter_2,Kazan,Salur Kazan,alias/generic bağlama göre düzeltildi,
DKR0260,05_kazan_bey_oglu_uruz_beyin_tutsak_oldugu_boy.csv,ad_standardizasyonu,karakter_1,Kazan,Salur Kazan,alias/generic bağlama göre düzeltildi,
DKR0260,05_kazan_bey_oglu_uruz_beyin_tutsak_oldugu_boy.csv,ad_standardizasyonu,karakter_2,Beyler,Beyler (Uruz Tutsak Boyu),alias/generic bağlama göre düzeltildi,
DKR0261,05_kazan_bey_oglu_uruz_beyin_tutsak_oldugu_boy.csv,ad_standardizasyonu,karakter_1,Kazan,Salur Kazan,alias/generic bağlama göre düzeltildi,
DKR0262,05_kazan_bey_oglu_uruz_beyin_tutsak_oldugu_boy.csv,ad_standardizasyonu,karakter_1,Kazan,Salur Kazan,alias/generic bağlama göre düzeltildi,
DKR0265,05_kazan_bey_oglu_uruz_beyin_tutsak_oldugu_boy.csv,ad_standardizasyonu,karakter_2,Tekfur,Tekfur (Uruz Tutsak Boyu),alias/generic bağlama göre düzeltildi,
DKR0266,05_kazan_bey_oglu_uruz_beyin_tutsak_oldugu_boy.csv,ad_standardizasyonu,karakter_2,Tekfur,Tekfur (Uruz Tutsak Boyu),alias/generic bağlama göre düzeltildi,
DKR0269,05_kazan_bey_oglu_uruz_beyin_tutsak_oldugu_boy.csv,ad_standardizasyonu,karakter_2,Kazan,Salur Kazan,alias/generic bağlama göre düzeltildi,
DKR0270,05_kazan_bey_oglu_uruz_beyin_tutsak_oldugu_boy.csv,ad_standardizasyonu,karakter_1,Kazan,Salur Kazan,alias/generic bağlama göre düzeltildi,
DKR0271,05_kazan_bey_oglu_uruz_beyin_tutsak_oldugu_boy.csv,ad_standardizasyonu,karakter_1,Kazan,Salur Kazan,alias/generic bağlama göre düzeltildi,
DKR0271,05_kazan_bey_oglu_uruz_beyin_tutsak_oldugu_boy.csv,ad_standardizasyonu,karakter_2,Kafirler,Kafirler (Uruz Tutsak Boyu),alias/generic bağlama göre düzeltildi,
DKR0274,05_kazan_bey_oglu_uruz_beyin_tutsak_oldugu_boy.csv,ad_standardizasyonu,karakter_1,Kafirler,Kafirler (Uruz Tutsak Boyu),alias/generic bağlama göre düzeltildi,
DKR0275,05_kazan_bey_oglu_uruz_beyin_tutsak_oldugu_boy.csv,ad_standardizasyonu,karakter_1,Kafirler,Kafirler (Uruz Tutsak Boyu),alias/generic bağlama göre düzeltildi,
DKR0276,05_kazan_bey_oglu_uruz_beyin_tutsak_oldugu_boy.csv,ad_standardizasyonu,karakter_1,Kazan,Salur Kazan,alias/generic bağlama göre düzeltildi,
DKR0276,05_kazan_bey_oglu_uruz_beyin_tutsak_oldugu_boy.csv,ad_standardizasyonu,karakter_2,Beyler,Beyler (Uruz Tutsak Boyu),alias/generic bağlama göre düzeltildi,
DKR0278,05_kazan_bey_oglu_uruz_beyin_tutsak_oldugu_boy.csv,ad_standardizasyonu,karakter_2,Kazan,Salur Kazan,alias/generic bağlama göre düzeltildi,
DKR0279,05_kazan_bey_oglu_uruz_beyin_tutsak_oldugu_boy.csv,ad_standardizasyonu,karakter_2,Kazan,Salur Kazan,alias/generic bağlama göre düzeltildi,
DKR0280,05_kazan_bey_oglu_uruz_beyin_tutsak_oldugu_boy.csv,ad_standardizasyonu,karakter_1,Kazan,Salur Kazan,alias/generic bağlama göre düzeltildi,
DKR0281,05_kazan_bey_oglu_uruz_beyin_tutsak_oldugu_boy.csv,ad_standardizasyonu,karakter_1,Kazan,Salur Kazan,alias/generic bağlama göre düzeltildi,
DKR0283,05_kazan_bey_oglu_uruz_beyin_tutsak_oldugu_boy.csv,ad_standardizasyonu,karakter_2,Kafirler,Kafirler (Uruz Tutsak Boyu),alias/generic bağlama göre düzeltildi,
DKR0285,05_kazan_bey_oglu_uruz_beyin_tutsak_oldugu_boy.csv,ad_standardizasyonu,karakter_2,Kazan,Salur Kazan,alias/generic bağlama göre düzeltildi,
DKR0286,05_kazan_bey_oglu_uruz_beyin_tutsak_oldugu_boy.csv,ad_standardizasyonu,karakter_1,Kazan,Salur Kazan,alias/generic bağlama göre düzeltildi,
DKR0286,05_kazan_bey_oglu_uruz_beyin_tutsak_oldugu_boy.csv,ad_standardizasyonu,karakter_2,Kafirler,Kafirler (Uruz Tutsak Boyu),alias/generic bağlama göre düzeltildi,
DKR0288,05_kazan_bey_oglu_uruz_beyin_tutsak_oldugu_boy.csv,ad_standardizasyonu,karakter_1,Kazan,Salur Kazan,alias/generic bağlama göre düzeltildi,
DKR0289,05_kazan_bey_oglu_uruz_beyin_tutsak_oldugu_boy.csv,ad_standardizasyonu,karakter_2,Kafirler,Kafirler (Uruz Tutsak Boyu),alias/generic bağlama göre düzeltildi,
DKR0292,05_kazan_bey_oglu_uruz_beyin_tutsak_oldugu_boy.csv,ad_standardizasyonu,karakter_1,Kazan,Salur Kazan,alias/generic bağlama göre düzeltildi,
DKR0292,05_kazan_bey_oglu_uruz_beyin_tutsak_oldugu_boy.csv,tip_duzeltme,karakter_2_tipi,grup,kişi,bağlamsal düğüm tipi düzeltildi,
DKR0342,07_kanli_koca_oglu_kan_turali_boyu.csv,tip_duzeltme,karakter_1_tipi,grup,kişi,bağlamsal düğüm tipi düzeltildi,
DKR0342,07_kanli_koca_oglu_kan_turali_boyu.csv,ad_standardizasyonu,karakter_2,Tekfur,Tekfur (Kan Turalı Boyu),alias/generic bağlama göre düzeltildi,
DKR0343,07_kanli_koca_oglu_kan_turali_boyu.csv,tip_duzeltme,karakter_1_tipi,grup,kişi,bağlamsal düğüm tipi düzeltildi,
DKR0345,07_kanli_koca_oglu_kan_turali_boyu.csv,ad_standardizasyonu,karakter_1,Tekfur,Tekfur (Kan Turalı Boyu),alias/generic bağlama göre düzeltildi,
DKR0346,07_kanli_koca_oglu_kan_turali_boyu.csv,ad_standardizasyonu,karakter_2,Tekfur,Tekfur (Kan Turalı Boyu),alias/generic bağlama göre düzeltildi,
DKR0347,07_kanli_koca_oglu_kan_turali_boyu.csv,ad_standardizasyonu,karakter_1,Tekfur,Tekfur (Kan Turalı Boyu),alias/generic bağlama göre düzeltildi,
DKR0347,07_kanli_koca_oglu_kan_turali_boyu.csv,tip_duzeltme,karakter_2_tipi,grup,kişi,bağlamsal düğüm tipi düzeltildi,
DKR0354,07_kanli_koca_oglu_kan_turali_boyu.csv,ad_standardizasyonu,karakter_2,Tekfur,Tekfur (Kan Turalı Boyu),alias/generic bağlama göre düzeltildi,
DKR0355,07_kanli_koca_oglu_kan_turali_boyu.csv,ad_standardizasyonu,karakter_1,Tekfur,Tekfur (Kan Turalı Boyu),alias/generic bağlama göre düzeltildi,
DKR0356,07_kanli_koca_oglu_kan_turali_boyu.csv,ad_standardizasyonu,karakter_2,Tekfur,Tekfur (Kan Turalı Boyu),alias/generic bağlama göre düzeltildi,
DKR0359,07_kanli_koca_oglu_kan_turali_boyu.csv,ad_standardizasyonu,karakter_2,Tekfur,Tekfur (Kan Turalı Boyu),alias/generic bağlama göre düzeltildi,
DKR0360,07_kanli_koca_oglu_kan_turali_boyu.csv,ad_standardizasyonu,karakter_1,Tekfur,Tekfur (Kan Turalı Boyu),alias/generic bağlama göre düzeltildi,
DKR0361,07_kanli_koca_oglu_kan_turali_boyu.csv,ad_standardizasyonu,karakter_2,Tekfur,Tekfur (Kan Turalı Boyu),alias/generic bağlama göre düzeltildi,
DKR0364,07_kanli_koca_oglu_kan_turali_boyu.csv,ad_standardizasyonu,karakter_1,Tekfur,Tekfur (Kan Turalı Boyu),alias/generic bağlama göre düzeltildi,
DKR0370,07_kanli_koca_oglu_kan_turali_boyu.csv,ad_standardizasyonu,karakter_1,Tekfur,Tekfur (Kan Turalı Boyu),alias/generic bağlama göre düzeltildi,
DKR0371,07_kanli_koca_oglu_kan_turali_boyu.csv,ad_standardizasyonu,karakter_1,Tekfur,Tekfur (Kan Turalı Boyu),alias/generic bağlama göre düzeltildi,
DKR0377,07_kanli_koca_oglu_kan_turali_boyu.csv,ad_standardizasyonu,karakter_2,Kafirler,Kafirler (Kan Turalı Boyu),alias/generic bağlama göre düzeltildi,
DKR0422,09_basatin_tepegozu_oldurdugu_boy.csv,ad_standardizasyonu,karakter_1,Beyler,Beyler (Basat Boyu),alias/generic bağlama göre düzeltildi,
DKR0436,09_basatin_tepegozu_oldurdugu_boy.csv,ad_standardizasyonu,karakter_2,Beyler,Beyler (Basat Boyu),alias/generic bağlama göre düzeltildi,
DKR0482,09_basatin_tepegozu_oldurdugu_boy.csv,ad_standardizasyonu,karakter_1,Kazan,Salur Kazan,alias/generic bağlama göre düzeltildi,
DKR0483,09_basatin_tepegozu_oldurdugu_boy.csv,ad_standardizasyonu,karakter_2,Kazan,Salur Kazan,alias/generic bağlama göre düzeltildi,
DKR0484,09_basatin_tepegozu_oldurdugu_boy.csv,ad_standardizasyonu,karakter_1,Kazan,Salur Kazan,alias/generic bağlama göre düzeltildi,
DKR0528,10_begil_oglu_emrenin_boyu.csv,ad_standardizasyonu,karakter_2,Beyler,Beyler (Begil Boyu),alias/generic bağlama göre düzeltildi,
DKR0529,10_begil_oglu_emrenin_boyu.csv,ad_standardizasyonu,karakter_2,Beyler,Beyler (Begil Boyu),alias/generic bağlama göre düzeltildi,
DKR0530,10_begil_oglu_emrenin_boyu.csv,ad_standardizasyonu,karakter_1,Beyler,Beyler (Begil Boyu),alias/generic bağlama göre düzeltildi,
DKR0530,10_begil_oglu_emrenin_boyu.csv,ad_standardizasyonu,karakter_2,Kazan,Salur Kazan,alias/generic bağlama göre düzeltildi,
DKR0531,10_begil_oglu_emrenin_boyu.csv,ad_standardizasyonu,karakter_2,Beyler,Beyler (Begil Boyu),alias/generic bağlama göre düzeltildi,
DKR0554,10_begil_oglu_emrenin_boyu.csv,ad_standardizasyonu,karakter_2,Tekfur,Tekfur (Begil Boyu),alias/generic bağlama göre düzeltildi,
DKR0555,10_begil_oglu_emrenin_boyu.csv,ad_standardizasyonu,karakter_1,Tekfur,Tekfur (Begil Boyu),alias/generic bağlama göre düzeltildi,
DKR0566,10_begil_oglu_emrenin_boyu.csv,ad_standardizasyonu,karakter_1,Tekfur,Tekfur (Begil Boyu),alias/generic bağlama göre düzeltildi,
DKR0568,10_begil_oglu_emrenin_boyu.csv,ad_standardizasyonu,karakter_1,Tekfur,Tekfur (Begil Boyu),alias/generic bağlama göre düzeltildi,
DKR0570,10_begil_oglu_emrenin_boyu.csv,ad_standardizasyonu,karakter_1,Tekfur,Tekfur (Begil Boyu),alias/generic bağlama göre düzeltildi,
DKR0579,10_begil_oglu_emrenin_boyu.csv,ad_standardizasyonu,karakter_1,Tekfur,Tekfur (Begil Boyu),alias/generic bağlama göre düzeltildi,
DKR0580,10_begil_oglu_emrenin_boyu.csv,ad_standardizasyonu,karakter_1,Tekfur,Tekfur (Begil Boyu),alias/generic bağlama göre düzeltildi,
DKR0582,10_begil_oglu_emrenin_boyu.csv,ad_standardizasyonu,karakter_1,Tekfur,Tekfur (Begil Boyu),alias/generic bağlama göre düzeltildi,
DKR0583,10_begil_oglu_emrenin_boyu.csv,ad_standardizasyonu,karakter_2,Tekfur,Tekfur (Begil Boyu),alias/generic bağlama göre düzeltildi,
DKR0585,10_begil_oglu_emrenin_boyu.csv,ad_standardizasyonu,karakter_2,Tekfur,Tekfur (Begil Boyu),alias/generic bağlama göre düzeltildi,
DKR0586,10_begil_oglu_emrenin_boyu.csv,ad_standardizasyonu,karakter_1,Tekfur,Tekfur (Begil Boyu),alias/generic bağlama göre düzeltildi,
DKR0604,11_usun_koca_oglu_seyrek_boyu.csv,ad_standardizasyonu,karakter_2,Kazan,Salur Kazan,alias/generic bağlama göre düzeltildi,
DKR0605,11_usun_koca_oglu_seyrek_boyu.csv,ad_standardizasyonu,karakter_1,Kazan,Salur Kazan,alias/generic bağlama göre düzeltildi,
DKR0625,11_usun_koca_oglu_seyrek_boyu.csv,ad_standardizasyonu,karakter_2,Kazan,Salur Kazan,alias/generic bağlama göre düzeltildi,
DKR0626,11_usun_koca_oglu_seyrek_boyu.csv,ad_standardizasyonu,karakter_1,Kazan,Salur Kazan,alias/generic bağlama göre düzeltildi,
DKR0640,11_usun_koca_oglu_seyrek_boyu.csv,ad_standardizasyonu,karakter_2,Tekfur,Tekfur (Segrek Boyu),alias/generic bağlama göre düzeltildi,
DKR0643,11_usun_koca_oglu_seyrek_boyu.csv,ad_standardizasyonu,karakter_1,Kafirler,Kafirler (Segrek Boyu),alias/generic bağlama göre düzeltildi,
DKR0643,11_usun_koca_oglu_seyrek_boyu.csv,ad_standardizasyonu,karakter_2,Tekfur,Tekfur (Segrek Boyu),alias/generic bağlama göre düzeltildi,
DKR0644,11_usun_koca_oglu_seyrek_boyu.csv,ad_standardizasyonu,karakter_1,Tekfur,Tekfur (Segrek Boyu),alias/generic bağlama göre düzeltildi,
DKR0644,11_usun_koca_oglu_seyrek_boyu.csv,ad_standardizasyonu,karakter_2,Kafirler,Kafirler (Segrek Boyu),alias/generic bağlama göre düzeltildi,
DKR0646,11_usun_koca_oglu_seyrek_boyu.csv,ad_standardizasyonu,karakter_1,Tekfur,Tekfur (Segrek Boyu),alias/generic bağlama göre düzeltildi,
DKR0646,11_usun_koca_oglu_seyrek_boyu.csv,ad_standardizasyonu,karakter_2,Kafirler,Kafirler (Segrek Boyu),alias/generic bağlama göre düzeltildi,
DKR0647,11_usun_koca_oglu_seyrek_boyu.csv,ad_standardizasyonu,karakter_1,Kafirler,Kafirler (Segrek Boyu),alias/generic bağlama göre düzeltildi,
DKR0647,11_usun_koca_oglu_seyrek_boyu.csv,ad_standardizasyonu,karakter_2,Tekfur,Tekfur (Segrek Boyu),alias/generic bağlama göre düzeltildi,
DKR0648,11_usun_koca_oglu_seyrek_boyu.csv,ad_standardizasyonu,karakter_1,Tekfur,Tekfur (Segrek Boyu),alias/generic bağlama göre düzeltildi,
DKR0648,11_usun_koca_oglu_seyrek_boyu.csv,ad_standardizasyonu,karakter_2,Kafirler,Kafirler (Segrek Boyu),alias/generic bağlama göre düzeltildi,
DKR0649,11_usun_koca_oglu_seyrek_boyu.csv,ad_standardizasyonu,karakter_1,Kafirler,Kafirler (Segrek Boyu),alias/generic bağlama göre düzeltildi,
DKR0650,11_usun_koca_oglu_seyrek_boyu.csv,ad_standardizasyonu,karakter_2,Kafirler,Kafirler (Segrek Boyu),alias/generic bağlama göre düzeltildi,
DKR0669,12_salur_kazanin_tutsak_olup_oglu_uruzun_kurtardigi_boy.csv,ad_standardizasyonu,karakter_2,Kazan,Salur Kazan,alias/generic bağlama göre düzeltildi,
DKR0671,12_salur_kazanin_tutsak_olup_oglu_uruzun_kurtardigi_boy.csv,ad_standardizasyonu,karakter_1,Kazan,Salur Kazan,alias/generic bağlama göre düzeltildi,
DKR0671,12_salur_kazanin_tutsak_olup_oglu_uruzun_kurtardigi_boy.csv,ad_standardizasyonu,karakter_2,Beyler,Beyler (Uruz Kurtarma Boyu),alias/generic bağlama göre düzeltildi,
DKR0672,12_salur_kazanin_tutsak_olup_oglu_uruzun_kurtardigi_boy.csv,ad_standardizasyonu,karakter_1,Kazan,Salur Kazan,alias/generic bağlama göre düzeltildi,
DKR0672,12_salur_kazanin_tutsak_olup_oglu_uruzun_kurtardigi_boy.csv,ad_standardizasyonu,karakter_2,Beyler,Beyler (Uruz Kurtarma Boyu),alias/generic bağlama göre düzeltildi,
DKR0674,12_salur_kazanin_tutsak_olup_oglu_uruzun_kurtardigi_boy.csv,ad_standardizasyonu,karakter_2,Tekfur,Tekfur (Uruz Kurtarma Boyu),alias/generic bağlama göre düzeltildi,
DKR0675,12_salur_kazanin_tutsak_olup_oglu_uruzun_kurtardigi_boy.csv,ad_standardizasyonu,karakter_1,Tekfur,Tekfur (Uruz Kurtarma Boyu),alias/generic bağlama göre düzeltildi,
DKR0675,12_salur_kazanin_tutsak_olup_oglu_uruzun_kurtardigi_boy.csv,tip_duzeltme,karakter_2_tipi,grup,kişi,bağlamsal düğüm tipi düzeltildi,
DKR0676,12_salur_kazanin_tutsak_olup_oglu_uruzun_kurtardigi_boy.csv,tip_duzeltme,karakter_1_tipi,grup,kişi,bağlamsal düğüm tipi düzeltildi,
DKR0676,12_salur_kazanin_tutsak_olup_oglu_uruzun_kurtardigi_boy.csv,ad_standardizasyonu,karakter_2,Tekfur,Tekfur (Uruz Kurtarma Boyu),alias/generic bağlama göre düzeltildi,
DKR0677,12_salur_kazanin_tutsak_olup_oglu_uruzun_kurtardigi_boy.csv,ad_standardizasyonu,karakter_1,Tekfur,Tekfur (Uruz Kurtarma Boyu),alias/generic bağlama göre düzeltildi,
DKR0677,12_salur_kazanin_tutsak_olup_oglu_uruzun_kurtardigi_boy.csv,tip_duzeltme,karakter_2_tipi,grup,kişi,bağlamsal düğüm tipi düzeltildi,
DKR0679,12_salur_kazanin_tutsak_olup_oglu_uruzun_kurtardigi_boy.csv,tip_duzeltme,karakter_2_tipi,grup,kişi,bağlamsal düğüm tipi düzeltildi,
DKR0680,12_salur_kazanin_tutsak_olup_oglu_uruzun_kurtardigi_boy.csv,tip_duzeltme,karakter_1_tipi,grup,kişi,bağlamsal düğüm tipi düzeltildi,
DKR0680,12_salur_kazanin_tutsak_olup_oglu_uruzun_kurtardigi_boy.csv,ad_standardizasyonu,karakter_2,Kazan,Salur Kazan,alias/generic bağlama göre düzeltildi,
DKR0681,12_salur_kazanin_tutsak_olup_oglu_uruzun_kurtardigi_boy.csv,ad_standardizasyonu,karakter_1,Kazan,Salur Kazan,alias/generic bağlama göre düzeltildi,
DKR0681,12_salur_kazanin_tutsak_olup_oglu_uruzun_kurtardigi_boy.csv,ad_standardizasyonu,karakter_2,Kafirler,Kafirler (Uruz Kurtarma Boyu),alias/generic bağlama göre düzeltildi,
DKR0682,12_salur_kazanin_tutsak_olup_oglu_uruzun_kurtardigi_boy.csv,ad_standardizasyonu,karakter_1,Kafirler,Kafirler (Uruz Kurtarma Boyu),alias/generic bağlama göre düzeltildi,
DKR0682,12_salur_kazanin_tutsak_olup_oglu_uruzun_kurtardigi_boy.csv,ad_standardizasyonu,karakter_2,Kazan,Salur Kazan,alias/generic bağlama göre düzeltildi,
DKR0683,12_salur_kazanin_tutsak_olup_oglu_uruzun_kurtardigi_boy.csv,ad_standardizasyonu,karakter_1,Kazan,Salur Kazan,alias/generic bağlama göre düzeltildi,
DKR0683,12_salur_kazanin_tutsak_olup_oglu_uruzun_kurtardigi_boy.csv,ad_standardizasyonu,karakter_2,Kafirler,Kafirler (Uruz Kurtarma Boyu),alias/generic bağlama göre düzeltildi,
DKR0684,12_salur_kazanin_tutsak_olup_oglu_uruzun_kurtardigi_boy.csv,ad_standardizasyonu,karakter_1,Kafirler,Kafirler (Uruz Kurtarma Boyu),alias/generic bağlama göre düzeltildi,
DKR0684,12_salur_kazanin_tutsak_olup_oglu_uruzun_kurtardigi_boy.csv,ad_standardizasyonu,karakter_2,Kazan,Salur Kazan,alias/generic bağlama göre düzeltildi,
DKR0687,12_salur_kazanin_tutsak_olup_oglu_uruzun_kurtardigi_boy.csv,ad_standardizasyonu,karakter_2,Kazan,Salur Kazan,alias/generic bağlama göre düzeltildi,
DKR0688,12_salur_kazanin_tutsak_olup_oglu_uruzun_kurtardigi_boy.csv,ad_standardizasyonu,karakter_1,Kazan,Salur Kazan,alias/generic bağlama göre düzeltildi,
DKR0689,12_salur_kazanin_tutsak_olup_oglu_uruzun_kurtardigi_boy.csv,ad_standardizasyonu,karakter_2,Kazan,Salur Kazan,alias/generic bağlama göre düzeltildi,
DKR0690,12_salur_kazanin_tutsak_olup_oglu_uruzun_kurtardigi_boy.csv,ad_standardizasyonu,karakter_1,Kazan,Salur Kazan,alias/generic bağlama göre düzeltildi,
DKR0691,12_salur_kazanin_tutsak_olup_oglu_uruzun_kurtardigi_boy.csv,ad_standardizasyonu,karakter_2,Tekfur,Tekfur (Uruz Kurtarma Boyu),alias/generic bağlama göre düzeltildi,
DKR0692,12_salur_kazanin_tutsak_olup_oglu_uruzun_kurtardigi_boy.csv,ad_standardizasyonu,karakter_1,Tekfur,Tekfur (Uruz Kurtarma Boyu),alias/generic bağlama göre düzeltildi,
DKR0692,12_salur_kazanin_tutsak_olup_oglu_uruzun_kurtardigi_boy.csv,tip_duzeltme,karakter_2_tipi,grup,kişi,bağlamsal düğüm tipi düzeltildi,
DKR0693,12_salur_kazanin_tutsak_olup_oglu_uruzun_kurtardigi_boy.csv,tip_duzeltme,karakter_1_tipi,grup,kişi,bağlamsal düğüm tipi düzeltildi,
DKR0693,12_salur_kazanin_tutsak_olup_oglu_uruzun_kurtardigi_boy.csv,ad_standardizasyonu,karakter_2,Kazan,Salur Kazan,alias/generic bağlama göre düzeltildi,
DKR0694,12_salur_kazanin_tutsak_olup_oglu_uruzun_kurtardigi_boy.csv,tip_duzeltme,karakter_1_tipi,grup,kişi,bağlamsal düğüm tipi düzeltildi,
DKR0694,12_salur_kazanin_tutsak_olup_oglu_uruzun_kurtardigi_boy.csv,ad_standardizasyonu,karakter_2,Kazan,Salur Kazan,alias/generic bağlama göre düzeltildi,
DKR0695,12_salur_kazanin_tutsak_olup_oglu_uruzun_kurtardigi_boy.csv,tip_duzeltme,karakter_1_tipi,grup,kişi,bağlamsal düğüm tipi düzeltildi,
DKR0695,12_salur_kazanin_tutsak_olup_oglu_uruzun_kurtardigi_boy.csv,ad_standardizasyonu,karakter_2,Kazan,Salur Kazan,alias/generic bağlama göre düzeltildi,
DKR0696,12_salur_kazanin_tutsak_olup_oglu_uruzun_kurtardigi_boy.csv,ad_standardizasyonu,karakter_1,Kazan,Salur Kazan,alias/generic bağlama göre düzeltildi,
DKR0696,12_salur_kazanin_tutsak_olup_oglu_uruzun_kurtardigi_boy.csv,tip_duzeltme,karakter_2_tipi,grup,kişi,bağlamsal düğüm tipi düzeltildi,
DKR0698,12_salur_kazanin_tutsak_olup_oglu_uruzun_kurtardigi_boy.csv,ad_standardizasyonu,karakter_1,Kazan,Salur Kazan,alias/generic bağlama göre düzeltildi,
DKR0699,12_salur_kazanin_tutsak_olup_oglu_uruzun_kurtardigi_boy.csv,ad_standardizasyonu,karakter_1,Kafirler,Kafirler (Uruz Kurtarma Boyu),alias/generic bağlama göre düzeltildi,
DKR0699,12_salur_kazanin_tutsak_olup_oglu_uruzun_kurtardigi_boy.csv,ad_standardizasyonu,karakter_2,Kazan,Salur Kazan,alias/generic bağlama göre düzeltildi,
DKR0700,12_salur_kazanin_tutsak_olup_oglu_uruzun_kurtardigi_boy.csv,ad_standardizasyonu,karakter_1,Kazan,Salur Kazan,alias/generic bağlama göre düzeltildi,
DKR0700,12_salur_kazanin_tutsak_olup_oglu_uruzun_kurtardigi_boy.csv,ad_standardizasyonu,karakter_2,Kafirler,Kafirler (Uruz Kurtarma Boyu),alias/generic bağlama göre düzeltildi,
DKR0701,12_salur_kazanin_tutsak_olup_oglu_uruzun_kurtardigi_boy.csv,ad_standardizasyonu,karakter_1,Kafirler,Kafirler (Uruz Kurtarma Boyu),alias/generic bağlama göre düzeltildi,
DKR0702,12_salur_kazanin_tutsak_olup_oglu_uruzun_kurtardigi_boy.csv,ad_standardizasyonu,karakter_1,Kafirler,Kafirler (Uruz Kurtarma Boyu),alias/generic bağlama göre düzeltildi,
DKR0703,12_salur_kazanin_tutsak_olup_oglu_uruzun_kurtardigi_boy.csv,ad_standardizasyonu,karakter_1,Bir Kişi,Adsız Kişi (Uruz Kurtarma Boyu),alias/generic bağlama göre düzeltildi,
DKR0704,12_salur_kazanin_tutsak_olup_oglu_uruzun_kurtardigi_boy.csv,ad_standardizasyonu,karakter_2,Kişi,Adsız Kişi (Uruz Kurtarma Boyu),alias/generic bağlama göre düzeltildi,
DKR0705,12_salur_kazanin_tutsak_olup_oglu_uruzun_kurtardigi_boy.csv,ad_standardizasyonu,karakter_1,Kişi,Adsız Kişi (Uruz Kurtarma Boyu),alias/generic bağlama göre düzeltildi,
DKR0706,12_salur_kazanin_tutsak_olup_oglu_uruzun_kurtardigi_boy.csv,ad_standardizasyonu,karakter_2,Kişi,Adsız Kişi (Uruz Kurtarma Boyu),alias/generic bağlama göre düzeltildi,
DKR0707,12_salur_kazanin_tutsak_olup_oglu_uruzun_kurtardigi_boy.csv,ad_standardizasyonu,karakter_1,Kişi,Adsız Kişi (Uruz Kurtarma Boyu),alias/generic bağlama göre düzeltildi,
DKR0719,12_salur_kazanin_tutsak_olup_oglu_uruzun_kurtardigi_boy.csv,ad_standardizasyonu,karakter_1,Kafirler,Kafirler (Uruz Kurtarma Boyu),alias/generic bağlama göre düzeltildi,
DKR0720,12_salur_kazanin_tutsak_olup_oglu_uruzun_kurtardigi_boy.csv,ad_standardizasyonu,karakter_1,Kafirler,Kafirler (Uruz Kurtarma Boyu),alias/generic bağlama göre düzeltildi,
DKR0724,12_salur_kazanin_tutsak_olup_oglu_uruzun_kurtardigi_boy.csv,ad_standardizasyonu,karakter_2,Tekfur,Tekfur (Uruz Kurtarma Boyu),alias/generic bağlama göre düzeltildi,
DKR0725,12_salur_kazanin_tutsak_olup_oglu_uruzun_kurtardigi_boy.csv,ad_standardizasyonu,karakter_1,Tekfur,Tekfur (Uruz Kurtarma Boyu),alias/generic bağlama göre düzeltildi,
DKR0726,12_salur_kazanin_tutsak_olup_oglu_uruzun_kurtardigi_boy.csv,ad_standardizasyonu,karakter_1,Beyler,Beyler (Uruz Kurtarma Boyu),alias/generic bağlama göre düzeltildi,
DKR0726,12_salur_kazanin_tutsak_olup_oglu_uruzun_kurtardigi_boy.csv,ad_standardizasyonu,karakter_2,Tekfur,Tekfur (Uruz Kurtarma Boyu),alias/generic bağlama göre düzeltildi,
DKR0727,12_salur_kazanin_tutsak_olup_oglu_uruzun_kurtardigi_boy.csv,ad_standardizasyonu,karakter_1,Tekfur,Tekfur (Uruz Kurtarma Boyu),alias/generic bağlama göre düzeltildi,
DKR0727,12_salur_kazanin_tutsak_olup_oglu_uruzun_kurtardigi_boy.csv,ad_standardizasyonu,karakter_2,Kazan,Salur Kazan,alias/generic bağlama göre düzeltildi,
DKR0728,12_salur_kazanin_tutsak_olup_oglu_uruzun_kurtardigi_boy.csv,ad_standardizasyonu,karakter_1,Kazan,Salur Kazan,alias/generic bağlama göre düzeltildi,
DKR0728,12_salur_kazanin_tutsak_olup_oglu_uruzun_kurtardigi_boy.csv,ad_standardizasyonu,karakter_2,Tekfur,Tekfur (Uruz Kurtarma Boyu),alias/generic bağlama göre düzeltildi,
DKR0729,12_salur_kazanin_tutsak_olup_oglu_uruzun_kurtardigi_boy.csv,ad_standardizasyonu,karakter_1,Kafirler,Kafirler (Uruz Kurtarma Boyu),alias/generic bağlama göre düzeltildi,
DKR0730,12_salur_kazanin_tutsak_olup_oglu_uruzun_kurtardigi_boy.csv,ad_standardizasyonu,karakter_1,Tekfur,Tekfur (Uruz Kurtarma Boyu),alias/generic bağlama göre düzeltildi,
DKR0731,12_salur_kazanin_tutsak_olup_oglu_uruzun_kurtardigi_boy.csv,ad_standardizasyonu,karakter_2,Kazan,Salur Kazan,alias/generic bağlama göre düzeltildi,
DKR0734,12_salur_kazanin_tutsak_olup_oglu_uruzun_kurtardigi_boy.csv,ad_standardizasyonu,karakter_1,Kazan,Salur Kazan,alias/generic bağlama göre düzeltildi,
DKR0735,12_salur_kazanin_tutsak_olup_oglu_uruzun_kurtardigi_boy.csv,ad_standardizasyonu,karakter_1,Kazan,Salur Kazan,alias/generic bağlama göre düzeltildi,
DKR0736,12_salur_kazanin_tutsak_olup_oglu_uruzun_kurtardigi_boy.csv,ad_standardizasyonu,karakter_2,Kazan,Salur Kazan,alias/generic bağlama göre düzeltildi,
DKR0737,12_salur_kazanin_tutsak_olup_oglu_uruzun_kurtardigi_boy.csv,ad_standardizasyonu,karakter_1,Kazan,Salur Kazan,alias/generic bağlama göre düzeltildi,
DKR0738,12_salur_kazanin_tutsak_olup_oglu_uruzun_kurtardigi_boy.csv,ad_standardizasyonu,karakter_2,Kazan,Salur Kazan,alias/generic bağlama göre düzeltildi,
DKR0739,12_salur_kazanin_tutsak_olup_oglu_uruzun_kurtardigi_boy.csv,ad_standardizasyonu,karakter_1,Kazan,Salur Kazan,alias/generic bağlama göre düzeltildi,
DKR0740,12_salur_kazanin_tutsak_olup_oglu_uruzun_kurtardigi_boy.csv,ad_standardizasyonu,karakter_2,Kazan,Salur Kazan,alias/generic bağlama göre düzeltildi,
DKR0741,12_salur_kazanin_tutsak_olup_oglu_uruzun_kurtardigi_boy.csv,ad_standardizasyonu,karakter_1,Kazan,Salur Kazan,alias/generic bağlama göre düzeltildi,
DKR0743,12_salur_kazanin_tutsak_olup_oglu_uruzun_kurtardigi_boy.csv,ad_standardizasyonu,karakter_1,Kazan,Salur Kazan,alias/generic bağlama göre düzeltildi,
DKR0744,12_salur_kazanin_tutsak_olup_oglu_uruzun_kurtardigi_boy.csv,ad_standardizasyonu,karakter_2,Kazan,Salur Kazan,alias/generic bağlama göre düzeltildi,
DKR0745,12_salur_kazanin_tutsak_olup_oglu_uruzun_kurtardigi_boy.csv,ad_standardizasyonu,karakter_2,Kazan,Salur Kazan,alias/generic bağlama göre düzeltildi,
DKR0746,12_salur_kazanin_tutsak_olup_oglu_uruzun_kurtardigi_boy.csv,ad_standardizasyonu,karakter_1,Kazan,Salur Kazan,alias/generic bağlama göre düzeltildi,
DKR0747,12_salur_kazanin_tutsak_olup_oglu_uruzun_kurtardigi_boy.csv,ad_standardizasyonu,karakter_1,Kazan,Salur Kazan,alias/generic bağlama göre düzeltildi,
DKR0749,12_salur_kazanin_tutsak_olup_oglu_uruzun_kurtardigi_boy.csv,ad_standardizasyonu,karakter_1,Kazan,Salur Kazan,alias/generic bağlama göre düzeltildi,
DKR0750,12_salur_kazanin_tutsak_olup_oglu_uruzun_kurtardigi_boy.csv,ad_standardizasyonu,karakter_2,Kazan,Salur Kazan,alias/generic bağlama göre düzeltildi,
DKR0751,12_salur_kazanin_tutsak_olup_oglu_uruzun_kurtardigi_boy.csv,ad_standardizasyonu,karakter_2,Kazan,Salur Kazan,alias/generic bağlama göre düzeltildi,
DKR0752,12_salur_kazanin_tutsak_olup_oglu_uruzun_kurtardigi_boy.csv,ad_standardizasyonu,karakter_1,Kazan,Salur Kazan,alias/generic bağlama göre düzeltildi,
DKR0753,12_salur_kazanin_tutsak_olup_oglu_uruzun_kurtardigi_boy.csv,ad_standardizasyonu,karakter_2,Kazan,Salur Kazan,alias/generic bağlama göre düzeltildi,
DKR0754,12_salur_kazanin_tutsak_olup_oglu_uruzun_kurtardigi_boy.csv,ad_standardizasyonu,karakter_1,Kazan,Salur Kazan,alias/generic bağlama göre düzeltildi,
DKR0755,12_salur_kazanin_tutsak_olup_oglu_uruzun_kurtardigi_boy.csv,ad_standardizasyonu,karakter_2,Kazan,Salur Kazan,alias/generic bağlama göre düzeltildi,
DKR0756,12_salur_kazanin_tutsak_olup_oglu_uruzun_kurtardigi_boy.csv,ad_standardizasyonu,karakter_1,Beyler,Beyler (Uruz Kurtarma Boyu),alias/generic bağlama göre düzeltildi,
DKR0756,12_salur_kazanin_tutsak_olup_oglu_uruzun_kurtardigi_boy.csv,ad_standardizasyonu,karakter_2,Kazan,Salur Kazan,alias/generic bağlama göre düzeltildi,
DKR0757,12_salur_kazanin_tutsak_olup_oglu_uruzun_kurtardigi_boy.csv,ad_standardizasyonu,karakter_2,Kafirler,Kafirler (Uruz Kurtarma Boyu),alias/generic bağlama göre düzeltildi,
DKR0764,13_ic_oguza_dis_oguzun_asi_olup_beyreki_oldurdugu.csv,ad_standardizasyonu,karakter_1,Kazan,Salur Kazan,alias/generic bağlama göre düzeltildi,
DKR0765,13_ic_oguza_dis_oguzun_asi_olup_beyreki_oldurdugu.csv,ad_standardizasyonu,karakter_2,Kazan,Salur Kazan,alias/generic bağlama göre düzeltildi,
DKR0766,13_ic_oguza_dis_oguzun_asi_olup_beyreki_oldurdugu.csv,ad_standardizasyonu,karakter_1,Kazan,Salur Kazan,alias/generic bağlama göre düzeltildi,
DKR0767,13_ic_oguza_dis_oguzun_asi_olup_beyreki_oldurdugu.csv,ad_standardizasyonu,karakter_2,Kazan,Salur Kazan,alias/generic bağlama göre düzeltildi,
DKR0768,13_ic_oguza_dis_oguzun_asi_olup_beyreki_oldurdugu.csv,ad_standardizasyonu,karakter_1,Kazan,Salur Kazan,alias/generic bağlama göre düzeltildi,
DKR0784,13_ic_oguza_dis_oguzun_asi_olup_beyreki_oldurdugu.csv,ad_standardizasyonu,karakter_2,Beyrekin 40 Yiğidi,Beyrek'in 40 Yiğidi,alias/generic bağlama göre düzeltildi,
DKR0793,13_ic_oguza_dis_oguzun_asi_olup_beyreki_oldurdugu.csv,ad_standardizasyonu,karakter_2,Beyrekin Adamları,Beyrek'in Adamları,alias/generic bağlama göre düzeltildi,
DKR0796,13_ic_oguza_dis_oguzun_asi_olup_beyreki_oldurdugu.csv,ad_standardizasyonu,karakter_1,Beyrekin Anne Babası,Beyrek'in Anne Babası,alias/generic bağlama göre düzeltildi,
DKR0796,13_ic_oguza_dis_oguzun_asi_olup_beyreki_oldurdugu.csv,ad_standardizasyonu,karakter_2,Kazan,Salur Kazan,alias/generic bağlama göre düzeltildi,
DKR0801,13_ic_oguza_dis_oguzun_asi_olup_beyreki_oldurdugu.csv,ad_standardizasyonu,karakter_2,Kazan,Salur Kazan,alias/generic bağlama göre düzeltildi,
DKR0802,13_ic_oguza_dis_oguzun_asi_olup_beyreki_oldurdugu.csv,ad_standardizasyonu,karakter_1,Kazan,Salur Kazan,alias/generic bağlama göre düzeltildi,
DKR0803,13_ic_oguza_dis_oguzun_asi_olup_beyreki_oldurdugu.csv,ad_standardizasyonu,karakter_1,Kazan,Salur Kazan,alias/generic bağlama göre düzeltildi,
DKR0806,13_ic_oguza_dis_oguzun_asi_olup_beyreki_oldurdugu.csv,ad_standardizasyonu,karakter_2,Kazan,Salur Kazan,alias/generic bağlama göre düzeltildi,
DKR0809,13_ic_oguza_dis_oguzun_asi_olup_beyreki_oldurdugu.csv,ad_standardizasyonu,karakter_2,Kazan,Salur Kazan,alias/generic bağlama göre düzeltildi,
DKR0811,13_ic_oguza_dis_oguzun_asi_olup_beyreki_oldurdugu.csv,ad_standardizasyonu,karakter_2,Kazan,Salur Kazan,alias/generic bağlama göre düzeltildi,
DKR0812,13_ic_oguza_dis_oguzun_asi_olup_beyreki_oldurdugu.csv,ad_standardizasyonu,karakter_1,Kazan,Salur Kazan,alias/generic bağlama göre düzeltildi,
DKR0192,04_kam_purenin_oglu_bamsi_beyrek_boyu.csv,ad_standardizasyonu,aktor,Beyrek,Bamsı Beyrek,alias/generic bağlama göre düzeltildi,
DKR0192,04_kam_purenin_oglu_bamsi_beyrek_boyu.csv,ad_standardizasyonu,hedef,Beyrek,Bamsı Beyrek,alias/generic bağlama göre düzeltildi,
DKR0204,04_kam_purenin_oglu_bamsi_beyrek_boyu.csv,ad_standardizasyonu,aktor,Beyrek,Bamsı Beyrek,alias/generic bağlama göre düzeltildi,
DKR0253,05_kazan_bey_oglu_uruz_beyin_tutsak_oldugu_boy.csv,ad_standardizasyonu,aktor,Kazan,Salur Kazan,alias/generic bağlama göre düzeltildi,
DKR0541,10_begil_oglu_emrenin_boyu.csv,ad_standardizasyonu,hedef,Beyler,Beyler (Begil Boyu),alias/generic bağlama göre düzeltildi,
DKR0641,11_usun_koca_oglu_seyrek_boyu.csv,ad_standardizasyonu,aktor,Tekfur,Tekfur (Segrek Boyu),alias/generic bağlama göre düzeltildi,
DKR0670,12_salur_kazanin_tutsak_olup_oglu_uruzun_kurtardigi_boy.csv,ad_standardizasyonu,aktor,Kazan,Salur Kazan,alias/generic bağlama göre düzeltildi,
DKR0670,12_salur_kazanin_tutsak_olup_oglu_uruzun_kurtardigi_boy.csv,ad_standardizasyonu,hedef,Kazan,Salur Kazan,alias/generic bağlama göre düzeltildi,
DKR0718,12_salur_kazanin_tutsak_olup_oglu_uruzun_kurtardigi_boy.csv,ad_standardizasyonu,aktor,Kafirler,Kafirler (Uruz Kurtarma Boyu),alias/generic bağlama göre düzeltildi,
DKR0014,02_dirse_han_oglu_bogac_han_boyu.csv,edge_to_event,karakter_2,Kendi Aralarında,[event_listesine_tasindi],öz konuşma / grup içi ifade ağ kenarı yerine olay olarak işlendi,
DKR0029,02_dirse_han_oglu_bogac_han_boyu.csv,edge_to_event,karakter_2,Kendi Aralarında,[event_listesine_tasindi],öz konuşma / grup içi ifade ağ kenarı yerine olay olarak işlendi,
DKR0121,04_kam_purenin_oglu_bamsi_beyrek_boyu.csv,edge_to_event,karakter_2,Kendi Aralarında,[event_listesine_tasindi],öz konuşma / grup içi ifade ağ kenarı yerine olay olarak işlendi,
DKR0152,04_kam_purenin_oglu_bamsi_beyrek_boyu.csv,edge_to_event,karakter_2,Kendi Aralarında,[event_listesine_tasindi],öz konuşma / grup içi ifade ağ kenarı yerine olay olarak işlendi,
DKR0162,04_kam_purenin_oglu_bamsi_beyrek_boyu.csv,edge_to_event,karakter_2,Kendi Aralarında,[event_listesine_tasindi],öz konuşma / grup içi ifade ağ kenarı yerine olay olarak işlendi,
DKR0180,04_kam_purenin_oglu_bamsi_beyrek_boyu.csv,edge_to_event,karakter_2,Kendi Kendine,[event_listesine_tasindi],öz konuşma / grup içi ifade ağ kenarı yerine olay olarak işlendi,
DKR0277,05_kazan_bey_oglu_uruz_beyin_tutsak_oldugu_boy.csv,edge_to_event,karakter_2,Kendi Kendine,[event_listesine_tasindi],öz konuşma / grup içi ifade ağ kenarı yerine olay olarak işlendi,
DKR0281,05_kazan_bey_oglu_uruz_beyin_tutsak_oldugu_boy.csv,edge_to_event,karakter_2,Kendi Kendine,[event_listesine_tasindi],öz konuşma / grup içi ifade ağ kenarı yerine olay olarak işlendi,
DKR0334,07_kanli_koca_oglu_kan_turali_boyu.csv,edge_to_event,karakter_2,Kendi Kendine,[event_listesine_tasindi],öz konuşma / grup içi ifade ağ kenarı yerine olay olarak işlendi,
DKR0351,07_kanli_koca_oglu_kan_turali_boyu.csv,edge_to_event,karakter_2,Kendi Aralarında,[event_listesine_tasindi],öz konuşma / grup içi ifade ağ kenarı yerine olay olarak işlendi,
DKR0357,07_kanli_koca_oglu_kan_turali_boyu.csv,edge_to_event,karakter_2,Kendi Aralarında,[event_listesine_tasindi],öz konuşma / grup içi ifade ağ kenarı yerine olay olarak işlendi,
DKR0369,07_kanli_koca_oglu_kan_turali_boyu.csv,edge_to_event,karakter_2,Kendi Kendine,[event_listesine_tasindi],öz konuşma / grup içi ifade ağ kenarı yerine olay olarak işlendi,
DKR0370,07_kanli_koca_oglu_kan_turali_boyu.csv,edge_to_event,karakter_2,Kendi Kendine,[event_listesine_tasindi],öz konuşma / grup içi ifade ağ kenarı yerine olay olarak işlendi,
DKR0473,09_basatin_tepegozu_oldurdugu_boy.csv,edge_to_event,karakter_2,Kendi Kendine,[event_listesine_tasindi],öz konuşma / grup içi ifade ağ kenarı yerine olay olarak işlendi,
DKR0678,12_salur_kazanin_tutsak_olup_oglu_uruzun_kurtardigi_boy.csv,edge_to_event,karakter_2,Kendi Aralarında,[event_listesine_tasindi],öz konuşma / grup içi ifade ağ kenarı yerine olay olarak işlendi,
DKR0685,12_salur_kazanin_tutsak_olup_oglu_uruzun_kurtardigi_boy.csv,edge_to_event,karakter_2,Kendi Kendine,[event_listesine_tasindi],öz konuşma / grup içi ifade ağ kenarı yerine olay olarak işlendi,
DKR0701,12_salur_kazanin_tutsak_olup_oglu_uruzun_kurtardigi_boy.csv,edge_to_event,karakter_2,Kendi Aralarında,[event_listesine_tasindi],öz konuşma / grup içi ifade ağ kenarı yerine olay olarak işlendi,
DKR0702,12_salur_kazanin_tutsak_olup_oglu_uruzun_kurtardigi_boy.csv,edge_to_event,karakter_2,Kendi Aralarında,[event_listesine_tasindi],öz konuşma / grup içi ifade ağ kenarı yerine olay olarak işlendi,
DKR0729,12_salur_kazanin_tutsak_olup_oglu_uruzun_kurtardigi_boy.csv,edge_to_event,karakter_2,Kendi Aralarında,[event_listesine_tasindi],öz konuşma / grup içi ifade ağ kenarı yerine olay olarak işlendi,
DKR0739,12_salur_kazanin_tutsak_olup_oglu_uruzun_kurtardigi_boy.csv,edge_to_event,karakter_2,Kendi Kendine,[event_listesine_tasindi],öz konuşma / grup içi ifade ağ kenarı yerine olay olarak işlendi,
DKR0762,13_ic_oguza_dis_oguzun_asi_olup_beyreki_oldurdugu.csv,edge_to_event,karakter_2,Kendi Kendine,[event_listesine_tasindi],öz konuşma / grup içi ifade ağ kenarı yerine olay olarak işlendi,
DKR0540,,,karakter_2,Begilin Adamları,Begil'in Adamları,imla ve aidiyet standardizasyonu,ad_standartlastirma
DKR0624,,,karakter_1,Anne Babası,Anne ve Babası,ebeveyn grubu standardizasyonu,ad_standartlastirma
DKR0503,,,karakter_2,Kocaları,Kocalar,kolektif aktör standardizasyonu,ad_standartlastirma
DKR0847,,,karakter_1,Iç Oğuz,İç Oğuz,Türkçe karakter standardizasyonu,ad_standartlastirma
DKR0803,,,karakter_2,Iç Oğuz Beyleri,İç Oğuz Beyleri,Türkçe karakter standardizasyonu,ad_standartlastirma
DKR0160,,,karakter_1,Yalancı Oğlu Yaltaçuk,Yalançı Oğlu Yaltaçuk,aynı anlatı kişisinin ad varyantlarının birleştirilmesi,ad_standartlastirma
DKR0161,,,karakter_1,Yalancı Oğlu Yaltaçuk,Yalançı Oğlu Yaltaçuk,aynı anlatı kişisinin ad varyantlarının birleştirilmesi,ad_standartlastirma
DKR0167,,,karakter_1,Yalancı Oğlu Yaltaçuk,Yalançı Oğlu Yaltaçuk,aynı anlatı kişisinin ad varyantlarının birleştirilmesi,ad_standartlastirma
DKR0191,,,karakter_1,Yaltaçuk,Yalançı Oğlu Yaltaçuk,aynı anlatı kişisinin kısa/ad varyantının birleştirilmesi,ad_standartlastirma
DKR0229,,,karakter_2,Yaltaçuk,Yalançı Oğlu Yaltaçuk,aynı anlatı kişisinin kısa/ad varyantının birleştirilmesi,ad_standartlastirma
DKR0230,,,karakter_2,Yaltaçuk,Yalançı Oğlu Yaltaçuk,aynı anlatı kişisinin kısa/ad varyantının birleştirilmesi,ad_standartlastirma
DKR0228,,,aktor,Yaltaçuk,Yalançı Oğlu Yaltaçuk,aynı anlatı kişisinin kısa/ad varyantının birleştirilmesi,ad_standartlastirma
DKR0376,,,karakter_2,Selcen,Selcen Hatun,aynı anlatı kişisinin kısa/ad varyantının birleştirilmesi,ad_standartlastirma
DKR0278,,,karakter_1,Burla,Burla Hatun,aynı anlatı kişisinin kısa/ad varyantının birleştirilmesi,ad_standartlastirma
DKR0279,,,karakter_1,Burla,Burla Hatun,aynı anlatı kişisinin kısa/ad varyantının birleştirilmesi,ad_standartlastirma
DKR0287,,,karakter_1,Burla,Burla Hatun,aynı anlatı kişisinin kısa/ad varyantının birleştirilmesi,ad_standartlastirma
DKR0288,,,karakter_2,Burla,Burla Hatun,aynı anlatı kişisinin kısa/ad varyantının birleştirilmesi,ad_standartlastirma
DKR0205,,,karakter_1,Uzun Boylu Burla Hatun,Burla Hatun,aynı anlatı kişisinin unvan varyantının birleştirilmesi,ad_standartlastirma
DKR0207,,,karakter_1,Uzun Boylu Burla Hatun,Burla Hatun,aynı anlatı kişisinin unvan varyantının birleştirilmesi,ad_standartlastirma
DKR0206,,,karakter_2,Uzun Boylu Burla Hatun,Burla Hatun,aynı anlatı kişisinin unvan varyantının birleştirilmesi,ad_standartlastirma
DKR0525,,,karakter_1,Begil Bey,Begil,aynı anlatı kişisinin unvan varyantının birleştirilmesi,ad_standartlastirma
DKR0524,,,karakter_2,Begil Bey,Begil,aynı anlatı kişisinin unvan varyantının birleştirilmesi,ad_standartlastirma
DKR0355,,,karakter_2,Çevresine,Çevresindekiler,bağlama göre muhatap topluluk ortaklaştırıldı,baglamsal_grup_standardizasyonu
DKR0360,,,karakter_2,Çevresine,Çevresindekiler,bağlama göre muhatap topluluk ortaklaştırıldı,baglamsal_grup_standardizasyonu
DKR0444,,,karakter_2,Çevresine,Çevresindekiler,bağlama göre muhatap topluluk ortaklaştırıldı,baglamsal_grup_standardizasyonu
DKR0207,,,karakter_2,Çevresindekilere,Çevresindekiler,bağlama göre muhatap topluluk ortaklaştırıldı,baglamsal_grup_standardizasyonu
DKR0191,,,karakter_2,Beylere,Beyler (Bamsı Beyrek Boyu),dolaylı çoğul muhatap boy bağlamına göre standartlaştırıldı,baglamsal_grup_standardizasyonu
DKR0555,,,karakter_2,Askerleri,Tekfurun Askerleri,bağlama göre ait olunan topluluk netleştirildi,baglamsal_grup_standardizasyonu
DKR0725,,,karakter_2,Beyleri,Tekfurun Beyleri,bağlama göre ait olunan topluluk netleştirildi,baglamsal_grup_standardizasyonu
DKR0730,,,karakter_2,Askerleri,Tekfurun Askerleri,bağlama göre ait olunan topluluk netleştirildi,baglamsal_grup_standardizasyonu
DKR0827,,,karakter_2,Beyleri,İç Oğuz Beyleri,bağlama göre ait olunan topluluk netleştirildi,baglamsal_grup_standardizasyonu
DKR0828,,,karakter_2,Askerleri,Kazanın Askerleri,bağlama göre ait olunan topluluk netleştirildi,baglamsal_grup_standardizasyonu
DKR0252,,,kayit_turu,edge,event,düğüm alanına sızmış eylem/öz-durum ifadesi olay listesine taşındı,edge_to_event
DKR0345,,,kayit_turu,edge,event,düğüm alanına sızmış eylem/öz-durum ifadesi olay listesine taşındı,edge_to_event
DKR0708,,,kayit_turu,edge,event,düğüm alanına sızmış eylem/öz-durum ifadesi olay listesine taşındı,edge_to_event
DKR0122,,,kayit_turu,edge,event,düğüm alanına sızmış eylem/öz-durum ifadesi olay listesine taşındı,edge_to_event
DKR0167,,,kayit_turu,edge,event,düğüm alanına sızmış eylem/öz-durum ifadesi olay listesine taşındı,edge_to_event
DKR0277,,,aktor,Han Kızı Boyu Uzun Burla Hatun,Burla Hatun,aynı anlatı kişisinin unvan varyantı olay kaydında birleştirildi,ad_standartlastirma
DKR0372,,,karakter_2,Kan Turalı ve Selcan Hatun,Kan Turalı ve Selcen Hatun,aynı çift düğümünün yazım varyantları birleştirildi,ad_standartlastirma
DKR0680,,,karakter_1_tipi,kişi,grup,kolektif asker topluluğu,tip_duzeltme
DKR0555,,,karakter_2_tipi,grup,grup,kolektif asker topluluğu,tip_duzeltme
DKR0679,,,karakter_2_tipi,kişi,grup,kolektif asker topluluğu,tip_duzeltme
DKR0730,,,karakter_2_tipi,grup,grup,kolektif asker topluluğu,tip_duzeltme
DKR0693,,,karakter_1_tipi,kişi,grup,kolektif beyler topluluğu,tip_duzeltme
DKR0694,,,karakter_1_tipi,kişi,grup,kolektif beyler topluluğu,tip_duzeltme
DKR0695,,,karakter_1_tipi,kişi,grup,kolektif beyler topluluğu,tip_duzeltme
DKR0692,,,karakter_2_tipi,kişi,grup,kolektif beyler topluluğu,tip_duzeltme
DKR0696,,,karakter_2_tipi,kişi,grup,kolektif beyler topluluğu,tip_duzeltme
DKR0725,,,karakter_2_tipi,grup,grup,kolektif beyler topluluğu,tip_duzeltme
DKR0556,,,karakter_1_tipi,grup,kişi,tekil casus figürü,tip_duzeltme
DKR0493,,,karakter_1_tipi,grup,grup,çoğul topluluk,tip_duzeltme
DKR0491,,,karakter_2_tipi,grup,grup,çoğul topluluk,tip_duzeltme
DKR0492,,,karakter_2_tipi,grup,grup,çoğul topluluk,tip_duzeltme
DKR0494,,,karakter_2_tipi,grup,grup,çoğul topluluk,tip_duzeltme
DKR0503,,,karakter_2_tipi,grup,grup,çoğul topluluk,tip_duzeltme
DKR0392,,,karakter_2_tipi,kişi,grup,çoğul topluluk,tip_duzeltme
DKR0207,,,karakter_2_tipi,grup,grup,topluluk,tip_duzeltme
DKR0355,,,karakter_2_tipi,grup,grup,topluluk,tip_duzeltme
DKR0360,,,karakter_2_tipi,grup,grup,topluluk,tip_duzeltme
DKR0444,,,karakter_2_tipi,grup,grup,topluluk,tip_duzeltme
DKR0679,,,karakter_1_tipi,grup,grup,kolektif asker topluluğu,tip_duzeltme
DKR0828,,,karakter_2_tipi,grup,grup,kolektif asker topluluğu,tip_duzeltme
DKR0402,,,karakter_2,Yoldadşları,Yoldaşları,imla standardizasyonu,ad_standartlastirma
DKR0148,,,karakter_2,Beyrek'in 40 Yoldaşı,Beyrek'in 40 Yoldaşları,çoğul topluluk standardizasyonu,ad_standartlastirma
DKR0343,,,karakter_1,"Tekfur, 100 Kafir Çevresinde",Tekfur ve 100 Kafir,sahne ifadesi kolektif aktör adına indirgend i,ad_standartlastirma
DKR0697,,,aktor,Tekfur ve Çevresi,Tekfurun Çevresi,kolektif aktör standardizasyonu,ad_standartlastirma
