orijinal_ad,standart_ad,taraf
100 kafir,100 Kafir,karakter_1
100 kafir,100 Kafir,karakter_2
16 asker ve uruz,16 Asker ve Uruz,event_aktor
16 bin kafir,16 Bin Kafir,karakter_1
24 sancak beyi,24 Sancak Beyi,karakter_2
300 akıncı,300 Akıncı,karakter_2
300 asker,300 Asker,karakter_2
300 kafir,300 Kafir,karakter_1
300 kafir,300 Kafir,karakter_2
40 askeri,40 Askeri,karakter_2
40 ince belli kız,40 Ince Belli Kız,karakter_2
40 yiğit,40 Yiğit,karakter_2
6 kafir,6 Kafir,karakter_2
60 kafir,60 Kafir,karakter_2
600 kafir,600 Kafir,karakter_1
600 kafir,600 Kafir,karakter_2
ak melik,Ak Melik,karakter_1
ak saka kalesi casusları,Ak Saka Kalesi Casusları,karakter_1
ak sakallı aruz koca,Ak Sakallı Aruz Koca,karakter_1
alp eren,Alp Eren,karakter_1
alp eren,Alp Eren,karakter_2
alp rüstem,Alp Rüstem,karakter_1
alp rüstem,Alp Rüstem,karakter_2
alplar başı kazan,Alplar Başı Kazan,karakter_1
altı bey oğlu,Altı Bey Oğlu,karakter_2
anne babası,Anne Babası,karakter_1
"anne, babasının elini öpüp yola çıktı",Anne ve Babası,karakter_2
basatın ana babsı,Anne ve Babası,karakter_2
annesi,Annesi,karakter_2
annesi,Annesi,karakter_1
aruz,Aruz,karakter_1
aruz,Aruz,karakter_2
aruz emen,Aruz Emen,karakter_1
aruz koca,Aruz Koca,karakter_1
aruz koca,Aruz Koca,karakter_2
aruz koca (sütle besleyelim) - 1 kazan süt yetmedi,Aruz Koca,karakter_2
aruz ve dış oğuz beyleri,Aruz ve Dış Oğuz Beyleri,karakter_1
aruz ve dış oğuz beyleri,Aruz ve Dış Oğuz Beyleri,karakter_2
aruzun habercisi,Aruzun Habercisi,karakter_1
arşın oğlu direk tekfur,Arşın Oğlu Direk Tekfur,karakter_2
arşın oğlu direk tekfur,Arşın Oğlu Direk Tekfur,karakter_1
askerler,Askerler,karakter_2
askerleri,Askerleri,karakter_2
aslan,Aslan,karakter_2
aslan,Aslan,karakter_1
aslan yatağı,Aslan Yatağı,karakter_2
at ağızlı aruz,At Ağızlı Aruz,karakter_2
at ağızlı aruz koca,At Ağızlı Aruz Koca,karakter_2
azrail,Azrail,karakter_2
azrail,Azrail,karakter_1
ağaç,Ağaç,karakter_2
bamsı - bezirganlar,Bamsı - Bezirganlar,karakter_2
bamsı,Bamsı Beyrek,karakter_2
bamsı,Bamsı Beyrek,karakter_1
bamsı beyrek,Bamsı Beyrek,karakter_2
bamsı beyrek,Bamsı Beyrek,karakter_1
beyrek,Bamsı Beyrek,karakter_1
beyrek,Bamsı Beyrek,karakter_2
bamsı ve bamsının 40 yiğidi,Bamsı ve Bamsının 40 Yiğidi,karakter_2
bamsı'nın 40 yiğidi,Bamsı'nın 40 Yiğidi,event_aktor
bamsı'nın anne babası,Bamsı'nın Anne Babası,karakter_1
"bamsı'nın anne, babası","Bamsı'nın Anne, Babası",karakter_1
bamsı'nın haberi gelince,Bamsı'nın Haberi Gelince,karakter_2
bamsı'nın haberi gelince siyah giyme yas tutma,Bamsı'nın Haberi Gelince Siyah Giyme Yas Tutma,karakter_2
bamsı'nın kız kardeşleri,Bamsı'nın Kız Kardeşleri,event_aktor
bamsı'nın naibi,Bamsı'nın Naibi,karakter_2
banu çiçek,Banu Çiçek,karakter_1
banu çiçek,Banu Çiçek,event_aktor
banu çiçek,Banu Çiçek,karakter_2
basat,Basat,karakter_1
basat,Basat,karakter_2
basat,Basat,event_aktor
"basat (kurtuldun mu?, basat tanrım kurtardı) çatışma",Basat,karakter_2
basatın dönüşünü muştuladı,Basat,event_hedef
basatın üzerindeki deriyi yakaladı; beni böyle vuracağını nasıl bildin diye sordu,Basat,karakter_2
basatın annesi,Basat'ın Annesi,karakter_2
bayat boyu,Bayat Boyu,karakter_2
bayburd hisarındaki kafirler,Bayburd Hisarındaki Kafirler,karakter_1
bayburt hisarı beyi,Bayburt Hisarı Beyi,karakter_2
bayburt hisrası meliki'nin kızı,Bayburt Hisrası Meliki'nin Kızı,karakter_2
bayındır han,Bayındır Han,karakter_1
bayındır han,Bayındır Han,karakter_2
"bayındır han (bu üçünü birine verelim, oğuza karakol olsun) fikir",Bayındır Han,karakter_2
dokuz tümen gürcistan'ın haracı geldi,Bayındır Han,event_aktor
bayındır han kazan,Bayındır Han Kazan,karakter_2
bayındır han'ın adamları,Bayındır Han'ın Adamları,karakter_2
begil,Begil,karakter_2
begil,Begil,karakter_1
begil,Begil,event_aktor
begil (bana zırhını ver düşmana karşı gideyim) ikna,Begil,karakter_2
begil avda ayağıı kırdı,Begil,event_aktor
begil bey,Begil Bey,karakter_2
begil bey,Begil Bey,karakter_1
begil'in adamları,Begil'in Adamları,karakter_2
begilin adamları,Begilin Adamları,karakter_2
begilin atını gören kafir,Begilin Atını,event_aktor
begilin beyleri,Begilin Beyleri,event_aktor
begilin casusu,Begilin Casusu,karakter_1
begilin hısmı ve kavmi,Begilin Hısmı ve Kavmi,karakter_2
begilin karısı,Begilin Karısı,karakter_1
begilin karısı,Begilin Karısı,karakter_2
beyerek,Beyerek,karakter_2
beyler,Beyler,karakter_2
beyler,Beyler,karakter_1
beyler (diy0 ; kız çocuğum olsun diye dua edin; kızım olursa,Beyler,karakter_2
beyleri,Beyler,karakter_1
kendisi sarıp beyleri yanına geldi,Beyler,event_hedef
beyler ve beyrek,Beyler ve Beyrek,karakter_2
beylere,Beylere,karakter_2
beyleri,Beyleri,karakter_2
beyrek,Beyrek,event_hedef
"beyrek kızların yanına vardı; şurnaçları kovdu, nakaraçıları kovdu, dövdü, başını yardı",Beyrek,event_aktor
beyrek'in yayı geldiğinde,Beyrek,event_aktor
beyrek şölen yemeğini döktü,Beyrek Şölen Yemeğini Döktü,event_aktor
beyrek'in 40 adamı,Beyrek'in 40 Adamı,karakter_2
beyrek'in 40 yiğidi,Beyrek'in 40 Yiğidi,karakter_2
beyrek'in 40 yiğidi'ne kız verdi,Beyrek'in 40 Yiğidi,karakter_2
beyrek'in 40 yoldaşı,Beyrek'in 40 Yoldaşı,karakter_2
beyrek'in ailesi,Beyrek'in Ailesi,event_aktor
beyrek'in anne babası,Beyrek'in Anne Babası,karakter_2
beyrek'in büyük kız kardeşi,Beyrek'in Büyük Kız Kardeşi,karakter_2
"beyrek'in kayın babası, kara göne","Beyrek'in Kayın Babası, Kara Göne",karakter_2
beyrek'in küçük kız kardeşi,Beyrek'in Küçük Kız Kardeşi,karakter_2
beyrek'in yedi kız kardeşi,Beyrek'in Yedi Kız Kardeşi,karakter_1
beyrek'in yoldaşları,Beyrek'in Yoldaşları,karakter_1
"beyrek, yigenek, kazan, kara budak, deli dündar, uruz","Beyrek, Yigenek, Kazan, Kara Budak, Deli Dündar, Uruz",event_aktor
beyrekin 40 yiğidi,Beyrekin 40 Yiğidi,karakter_2
beyrekin adamları,Beyrekin Adamları,karakter_2
beyrekin anne babası,Beyrekin Anne Babası,karakter_1
bezirganlar,Bezirganlar,karakter_2
bezirganlar,Bezirganlar,karakter_1
bezirganların büyüğü pay püre'nin oğlu,Bezirganların Büyüğü Pay Püre'nin Oğlu,event_aktor
değil misin,Bir Kişi,karakter_1
boyu uzun burla hatun ve 40 ince belli kız,Boyu Uzun Burla Hatun ve 40 Ince Belli Kız,karakter_1
boğa,Boğa,karakter_2
boğayı getiren kafirler,Boğayı Getiren Kafirler,karakter_1
boğazça fatma,Boğazça Fatma,karakter_2
boğazça fatma,Boğazça Fatma,karakter_1
boğaç,Boğaç,karakter_2
boğaç,Boğaç,karakter_1
boğaç han,Boğaç Han,karakter_1
boğaç han,Boğaç Han,karakter_2
Boğaç ve boğaç'ın 40 adamı,Boğaç ve Boğaç'ın 40 Adamı,karakter_1
boğaç'ın 40 adamı,Boğaç'ın 40 Adamı,karakter_2
boğaçuk melik,Boğaçuk Melik,karakter_2
burla,Burla,karakter_1
burla,Burla,karakter_2
burla hatun,Burla Hatun,karakter_1
burla hatun,Burla Hatun,karakter_2
buğaçuk melik,Buğaçuk Melik,karakter_2
bıyığı kanlı bügdüz emen,Bıyığı Kanlı Bügdüz Emen,karakter_1
cebrail,Cebrail,karakter_2
cilasun yiğitler ve kara budak,Cilasun Yiğitler ve Kara Budak,karakter_1
cilasun yiğitleri ve deli dündar,Cilasun Yiğitleri ve Deli Dündar,karakter_1
dadı,Dadı,karakter_2
dadı ve diğer kızlar,Dadı ve Diğer Kızlar,karakter_2
dadılar,Dadılar,karakter_1
dayalar (çevresine),Dayalar,karakter_2
Dede korkut,Dede Korkut,karakter_1
dede korkut,Dede Korkut,karakter_1
dede korkut,Dede Korkut,karakter_2
"dede korkut (her yıl altın, akçe gelirdi beylere dağıtırdık, 1 at 1 kılıç 1 çomak bunları kime verelim de hatırı hoş olsun), danışma",Dede Korkut,karakter_2
deli budak,Deli Budak,karakter_1
deli dumrul,Deli Dumrul,karakter_1
deli dumrul,Deli Dumrul,event_aktor
deli dumrul,Deli Dumrul,karakter_2
deli durmrul,Deli Durmrul,karakter_1
deli dündar,Deli Dündar,karakter_1
deli karçar,Deli Karçar,event_aktor
deli karçar,Deli Karçar,karakter_1
deli karçar,Deli Karçar,karakter_2
demir donlu mamak,Demir Donlu Mamak,karakter_1
demir güci,Demir Güci,karakter_2
deve,Deve,karakter_2
deyiş,Deyiş,karakter_2
direk tekfur,Direk Tekfur,karakter_1
direk tekfur,Direk Tekfur,karakter_2
Dirse,Dirse Han,karakter_1
Dirse,Dirse Han,karakter_2
Dirse han,Dirse Han,karakter_2
dirse,Dirse Han,karakter_2
dirse,Dirse Han,karakter_1
Dirse Han'ın 40 adamı,Dirse Han'ın 40 Adamı,karakter_1
Dirse han'ın 40 adamı,Dirse Han'ın 40 Adamı,karakter_1
dirse han'ın 40 adamı,Dirse Han'ın 40 Adamı,karakter_1
Dirse han'ın Karısı,Dirse Han'ın Karısı,karakter_2
Dirse'nin 40 adamı,Dirse'nin 40 Adamı,karakter_1
Dirse'nin 40 adamı,Dirse'nin 40 Adamı,karakter_2
dirse'nin 40 adamı,Dirse'nin 40 Adamı,karakter_1
dirse'nin 40 adamı,Dirse'nin 40 Adamı,karakter_2
Dirse'nin karısı,Dirse'nin Karısı,karakter_1
dirse'nin karısı,Dirse'nin Karısı,karakter_2
doksan tümen oğuz,Doksan Tümen Oğuz,karakter_2
dokuz kafir kızı,Dokuz Kafir Kızı,event_aktor
dokuz tümen oğuz,Dokuz Tümen Oğuz,karakter_2
dua,Dua,event_hedef
duha koca,Duha Koca,karakter_2
duha koca,Duha Koca,karakter_1
dumrul,Dumrul,karakter_2
dumrul,Dumrul,karakter_1
dumrul'un 40 adamı,Dumrul'un 40 Adamı,karakter_2
dumrul'un annesi,Dumrul'un Annesi,karakter_2
dumrul'un annesi,Dumrul'un Annesi,karakter_1
dumrul'un karısı,Dumrul'un Karısı,karakter_2
dumrul'un karısı,Dumrul'un Karısı,karakter_1
dönebilmez dülek evren,Dönebilmez Dülek Evren,karakter_2
dönebilmez dülek evren,Dönebilmez Dülek Evren,karakter_1
dönebilmez dülerk evren,Dönebilmez Dülerk Evren,karakter_2
düzen,Düzen,karakter_2
düzen,Düzen,event_hedef
alp rüstem meydana geldi,Düzen Oğlu Alp Rüstem,event_aktor
düzen oğlu alp rüstem,Düzen Oğlu Alp Rüstem,karakter_1
düzen oğlu alp rüstem,Düzen Oğlu Alp Rüstem,karakter_2
düzmürd kalesi tekfuru arşın,Düzmürd Kalesi Tekfuru Arşın,karakter_2
düğün için hazırlık,Düğün Için Hazırlık,karakter_2
Dış Oğuz ağaları,Dış Oğuz Ağaları,karakter_2
dış oğuz beyleri,Dış Oğuz Beyleri,karakter_2
dış oğuz beyleri,Dış Oğuz Beyleri,karakter_1
dış oğuz beyleri,Dış Oğuz Beyleri,event_aktor
dış oğuz beyleri ve deli dündar,Dış Oğuz Beyleri ve Deli Dündar,karakter_1
egrek,Egrek,karakter_1
egrek,Egrek,event_aktor
egrek,Egrek,karakter_2
egrek ve 300 akıncı,Egrek ve 300 Akıncı,event_aktor
egrek ve 300 akıncı,Egrek ve 300 Akıncı,karakter_2
egrek ve segrek,Egrek ve Segrek,karakter_1
egreke yol gösterdi,Egreke Yol Gösterdi,karakter_2
emen,Emen,event_aktor
emen,Emen,karakter_2
emen,Emen,karakter_1
emren,Emren,karakter_1
emren,Emren,karakter_2
ense koca oğlu okçu,Ense Koca Oğlu Okçu,karakter_2
evnük kalesi kafirleri,Evnük Kalesi Kafirleri,karakter_1
evnük kalesi kafirleri,Evnük Kalesi Kafirleri,karakter_2
eylik koca,Eylik Koca,karakter_2
eylik koca dönebilmez dülek evren,Eylik Koca Dönebilmez Dülek Evren,karakter_2
eylik koca oğlu saru kulmaş,Eylik Koca Oğlu Saru Kulmaş,karakter_1
gelen diğer dadılar,Gelen Diğer Dadılar,karakter_2
haberci,Haberci,karakter_2
haberci,Haberci,karakter_1
han kızı boyu uzun burla hatun,Han Kızı Boyu Uzun Burla Hatun,karakter_1
hekimler,Hekimler,karakter_2
imrahor,Imrahor,karakter_2
iç oğuz beyleri,Iç Oğuz Beyleri,karakter_2
"iç oğuz beyleri, dış oğuz beyleri, pay püre bey, kara budak, uruz, bey yigenek, salur kazan, pay biçen","Iç Oğuz Beyleri, Dış Oğuz Beyleri, Pay Püre Bey, Kara Budak, Uruz, Bey Yigenek, Salur Kazan, Pay Biçen",karakter_2
iç oğuz ve kazan,Iç Oğuz ve Kazan,karakter_1
kadınlar,Kadınlar,karakter_1
kafir,Kafir,karakter_1
kafir,Kafir,karakter_2
kafir askeri,Kafir Askeri,karakter_1
kafir beyi'nin kızı,Kafir Beyi'nin Kızı,karakter_1
kafir beyinin kızı,Kafir Beyinin Kızı,karakter_1
kafir eri,Kafir Eri,karakter_2
kafir gözcüsü,Kafir Gözcüsü,karakter_1
kafir ordusu,Kafir Ordusu,karakter_2
kafirin 40 atlısı,Kafirin 40 Atlısı,karakter_1
kafirin casusu,Kafirin Casusu,karakter_1
kafirin causu,Kafirin Causu,karakter_1
kafirin sancağını kılıçladı,Kafirin Sancağını Kılıçladı,karakter_2
kafirin sağına saldırdılar,Kafirin Sağına Saldırdılar,karakter_2
kafirin soluna saldırdılar,Kafirin Soluna Saldırdılar,karakter_2
kafirler,Kafirler,karakter_2
kafirler,Kafirler,karakter_1
kafirler,Kafirler,event_aktor
kafirlere,Kafirlere,karakter_2
kafirlerin sağ cenahı,Kafirlerin Sağ Cenahı,karakter_2
kalenin sığır çobanı,Kalenin Sığır Çobanı,karakter_1
kaleye hucüm edenler,Kaleye Hücum Edenler,karakter_1
kam gan,Kam Gan,karakter_2
kan turalı,Kan Turalı,karakter_1
kan turalı,Kan Turalı,karakter_2
kan turalı ve 40 adamı,Kan Turalı ve 40 Adamı,event_aktor
kan turalı ve 40 adamına hürmet gösteriyor,Kan Turalı ve 40 Adamına Hürmet Gösteriyor,karakter_2
kan turalı ve adamları,Kan Turalı ve Adamları,karakter_2
kan turalı ve selcan hatun,Kan Turalı ve Selcan Hatun,karakter_2
kan turalı ve selcen hatun,Kan Turalı ve Selcen Hatun,karakter_1
kan turalı'nın adamları,Kan Turalı'nın Adamları,karakter_1
kan turalı'nın adamları,Kan Turalı'nın Adamları,karakter_2
kan turalı'nın40 adamı,Kan Turalı'nın40 Adamı,karakter_1
kan turalının 40 adamı,Kan Turalının 40 Adamı,karakter_2
kan turalının adamları,Kan Turalının Adamları,karakter_1
kan turalının anne babası,Kan Turalının Anne Babası,karakter_2
kan turalının anne babası,Kan Turalının Anne Babası,karakter_1
kan turalıyı görünce ona tutuluyor keşke babam beni buna verse,Kan Turalıyı Görünce Ona Tutuluyor Keşke Babam Beni Buna Verse,karakter_1
kanlı koca,Kanlı Koca,karakter_2
kanlı koca,Kanlı Koca,karakter_1
kanlı koca,Kanlı Koca,event_aktor
kapçak melik,Kapçak Melik,karakter_1
kapıcı,Kapıcı,karakter_2
kara arslan melik,Kara Arslan Melik,karakter_2
kara budak,Kara Budak,karakter_2
kara budak,Kara Budak,karakter_1
"kara budak, kazan oğlu uruz, beyler başı yigenek, gaflet koca oğlu şir şemseddin, deli karçar, düğünde ok atarlar","Kara Budak, Kazan Oğlu Uruz, Beyler Başı Yigenek, Gaflet Koca Oğlu Şir Şemseddin, Deli Karçar, Düğünde Ok Atarlar",karakter_1
kara göne,Kara Göne,karakter_2
kara göne,Kara Göne,karakter_1
kara göne oğlu kara budak,Kara Göne Oğlu Kara Budak,karakter_1
kara göne ve askerler,Kara Göne ve Askerler,event_aktor
kara göne ve askerleri,Kara Göne ve Askerleri,karakter_2
"kara göne, deli dündar, kara budak","Kara Göne, Deli Dündar, Kara Budak",karakter_1
kara tekfur,Kara Tekfur,karakter_2
kara tekfurun casusu,Kara Tekfurun Casusu,karakter_1
kara tüken melik,Kara Tüken Melik,karakter_2
kara çekür,Kara Çekür,karakter_2
karavaş,Karavaş,karakter_2
karavaş,Karavaş,karakter_1
karaçuk çoban,Karaçuk Çoban,karakter_2
karaçuk çoban,Karaçuk Çoban,karakter_1
karaçuk çoban'ın kara köpeği,Karaçuk Çoban'ın Kara Köpeği,karakter_2
karısı,Karısı,karakter_2
karısı,Karısı,karakter_1
karısına,Karısına,karakter_2
kayın ata - kayın anası,Kayın Ata - Kayın Anası,karakter_2
kazan,Kazan,karakter_2
kazan,Kazan,karakter_1
"kazan (and iç bize düşmanlık yapmayacağına, oğuzu kötüle bizi öv, seni bırakalım); ikna; tamam gelmem",Kazan,karakter_2
"kazan (düşmanı kovarsan, bir daha üzerimize gelmemek şartıyla seni bırakırız) ikna",Kazan,karakter_2
kazan (kazana hucüm etti); çatışma,Kazan,karakter_2
kazan üzüldü,Kazan,event_hedef
"uruz, sağında kardeşi kara göne, sol tarafında dayısı at ağızlı aruz",Kazan,event_aktor
şahin tomanın kalesine gitti,Kazan,event_aktor
kazan bey,Kazan Bey,karakter_1
"kazan kardeşi kara göne, kıyan selçuk oğlu deli dündar, gaflet koca oğlu şir şemseddin, beyrek, kazılık koca oğlu bey yigenek, dör boyun okşayan deli dündar, bin kavim başları düger, bin bügdüz başları emen, dokuz koca başları aruz, kazan'ın beyleri","Kazan Kardeşi Kara Göne, Kıyan Selçuk Oğlu Deli Dündar, Gaflet Koca Oğlu Şir Şemseddin, Beyrek, Kazılık Koca Oğlu Bey Yigenek, Dör Boyun Okşayan Deli Dündar, Bin Kavim Başları Düger, Bin Bügdüz Başları Emen, Dokuz Koca Başları Aruz, Kazan'ın Beyleri",karakter_1
kazan ve askerleri,Kazan ve Askerleri,karakter_1
kazan ve bayındır han,Kazan ve Bayındır Han,karakter_1
kazan ve beyler,Kazan ve Beyler,karakter_1
kazan ve karaçuk çoban,Kazan ve Karaçuk Çoban,karakter_1
kazan'ın adamları,Kazan'ın Adamları,karakter_1
kazan'ın adamları,Kazan'ın Adamları,karakter_2
kazan'ın adamı,Kazan'ın Adamı,karakter_2
kazan'ın evi,Kazan'ın Evi,karakter_2
kazan'ın kardeşi kara göne,Kazan'ın Kardeşi Kara Göne,karakter_1
kazan'ın karıçuk anası,Kazan'ın Karıçuk Anası,karakter_1
"kazan, uruz ve askerler","Kazan, Uruz ve Askerler",event_aktor
"kazan, uruz ve askerleri","Kazan, Uruz ve Askerleri",karakter_2
kazanın askerleri,Kazanın Askerleri,karakter_1
kazanın kardeşi kara göne,Kazanın Kardeşi Kara Göne,karakter_1
kazılık koca,Kazılık Koca,event_aktor
kazılık koca,Kazılık Koca,karakter_2
kazılık koca,Kazılık Koca,karakter_1
kazılık koca oğlu bey yigenek,Kazılık Koca Oğlu Bey Yigenek,karakter_1
kendi aralarında,Kendi Aralarında,karakter_2
kendi kendine,Kendi Kendine,karakter_2
kendisi,Kendisi,karakter_2
keşişler,Keşişler,karakter_2
kişi,Kişi,karakter_2
kişi,Kişi,karakter_1
kocalar,Kocalar,karakter_2
kocalar,Kocalar,karakter_1
kocaları,Kocaları,karakter_2
konur koca sarı çoban,Konur Koca Sarı Çoban,event_aktor
kurt,Kurt,karakter_2
köprünün yanına konan oba,Köprünün Yanına Konan Oba,event_aktor
kılbaş,Kılbaş,karakter_2
kılbaş,Kılbaş,karakter_1
kılbaş ve kara göne,Kılbaş ve Kara Göne,karakter_1
kılbaş ve kara göne,Kılbaş ve Kara Göne,karakter_2
kırk kınuk,Kırk Kınuk,karakter_1
kısırca yenge,Kısırca Yenge,karakter_1
kısırca yenge,Kısırca Yenge,karakter_2
kıyan güci,Kıyan Güci,karakter_2
kıyan selçuk,Kıyan Selçuk,karakter_2
kıyan selçuk,Kıyan Selçuk,event_aktor
kıyan selçuk oğlu deli dündar,Kıyan Selçuk Oğlu Deli Dündar,karakter_1
kıyan selçuk oğlu deli dündar,Kıyan Selçuk Oğlu Deli Dündar,karakter_2
kıyan selçık,Kıyan Selçık,karakter_1
meclise (bunları kime verelim) kimse razı olmadı,Meclis,karakter_2
nesne,Nesne,karakter_2
oba,Oba,karakter_2
oynadığı oğlanlar,Oynadığı Oğlanlar,karakter_2
ozan,Ozan,karakter_2
oğlu ve 40 adamı,Oğlu ve 40 Adamı,karakter_2
oğlunu veren kadın,Oğlunu Veren Kadın,karakter_1
oğuz,Oğuz,karakter_2
oğuz,Oğuz,karakter_1
oğuz (diy0; yapılan anlaşmayı anlatıyor) oğuz ikna,Oğuz,karakter_2
oğuz askerleri,Oğuz Askerleri,karakter_1
oğuz askerleri,Oğuz Askerleri,karakter_2
oğuz beyleri,Oğuz Beyleri,karakter_2
oğuz beyleri,Oğuz Beyleri,event_aktor
oğuz beyleri,Oğuz Beyleri,karakter_1
oğuz han,Oğuz Han,karakter_2
oğuz han'ın lıkçısı,Oğuz Han'ın Lıkçısı,karakter_1
pay piçen bey,Pay Piçen Bey,karakter_1
pay püre,Pay Püre,karakter_2
pay püre,Pay Püre,karakter_1
pay püre,Pay Püre,event_aktor
pay püre bey,Pay Püre Bey,karakter_1
pay püre bey,Pay Püre Bey,karakter_2
pay püre bey'in ordusu,Pay Püre Bey'in Ordusu,karakter_1
pay püre'nin oğlu,Pay Püre'nin Oğlu,karakter_1
paypüre,Paypüre,karakter_2
peri,Peri,karakter_2
peri kızı,Peri Kızı,karakter_1
peygamber sahabesi kanlı bügdüz emen,Peygamber Sahabesi Kanlı Bügdüz Emen,karakter_1
saht oldu,Saht Oldu,karakter_2
salur kazan,Salur Kazan,karakter_1
sarı çoban,Sarı Çoban,karakter_1
sarı çoban,Sarı Çoban,karakter_2
segerk,Segerk,karakter_2
segrek,Segrek,karakter_1
segrek,Segrek,karakter_2
segrek,Segrek,event_aktor
segrekin karısı,Segrekin Karısı,event_aktor
segrekin karısı,Segrekin Karısı,karakter_1
selcen,Selcen,karakter_2
selcen hatun,Selcen Hatun,karakter_1
selcen hatun,Selcen Hatun,karakter_2
selcen hatun,Selcen Hatun,event_aktor
su,Su,karakter_2
Allah Tanrı,Tanrı,karakter_2
Allah Tanrı,Tanrı,karakter_1
tanrı,Tanrı,karakter_1
tanrı,Tanrı,karakter_2
tatyan kalesi casusları,Tatyan Kalesi Casusları,karakter_1
tekfur,Tekfur,karakter_2
tekfur,Tekfur,karakter_1
tekfur,Tekfur,event_aktor
tekfur (kazanı düşmanın üstüne gönderelim kazanı) ikna,Tekfur,karakter_2
tekfur ve çevresi,Tekfur ve Çevresi,event_aktor
tekfur ve şökli melik,Tekfur ve Şökli Melik,karakter_2
"tekfur, 100 kafir çevresinde","Tekfur, 100 Kafir Çevresinde",karakter_1
tekfurun,Tekfurun,karakter_2
tekfurun adamları,Tekfurun Adamları,karakter_1
tekfurun adamları,Tekfurun Adamları,karakter_2
tekfurun askerleri,Tekfurun Askerleri,karakter_2
tekfurun askerleri,Tekfurun Askerleri,karakter_1
tekfurun beyleri,Tekfurun Beyleri,karakter_1
tekfurun beyleri (ben yer üstünde adam övmem bir adam getirin onun üstüne binip sizi öveyim) ikna,Tekfurun Beyleri,karakter_2
"tekfurun beyleri (kazanı kuyudan çıkaralım, oğuzu kötülesin, bir daha bize düşmanlık etmesin salalım) ikna",Tekfurun Beyleri,karakter_2
tekfurun casusu,Tekfurun Casusu,karakter_1
tekfurun kardeşinin oğlu,Tekfurun Kardeşinin Oğlu,karakter_1
tekfurun karısı,Tekfurun Karısı,karakter_1
tekfurun karısı,Tekfurun Karısı,karakter_2
tepegöz,Tepegöz,karakter_2
tepegöz,Tepegöz,karakter_1
tepegöz,Tepegöz,event_aktor
tepegöz (tepegözün gözüne mil çekti) çatışma,Tepegöz,karakter_2
tepegözden şikayetçi olan ana babalar,Tepegözden Şikayetçi Olan Ana Babalar,karakter_1
tepegözün peri annesi,Tepegözün Peri Annesi,karakter_1
ters uzamış,Ters Uzamış,karakter_1
ters uzamış,Ters Uzamış,karakter_2
trabzon tekfuru,Trabzon Tekfuru,event_aktor
trabzon tekfuru,Trabzon Tekfuru,karakter_1
trabzon tekfurunun,Trabzon Tekfuru,karakter_2
ulaş,Ulaş,karakter_2
bir kişi - uruz (sen kazanın,Uruz,karakter_2
uruz,Uruz,karakter_2
uruz,Uruz,karakter_1
uruz ve 300 asker,Uruz ve 300 Asker,karakter_2
uruz ve uruzun 40 askeri,Uruz ve Uruzun 40 Askeri,karakter_1
uruz'un 40 askeri,Uruz'un 40 Askeri,karakter_2
"uruz'un sağ yanında yer gösterdi, cübbe giydirdi","Uruz'un Sağ Yanında Yer Gösterdi, Cübbe Giydirdi",karakter_1
kazan'ın çevresi; karşısında,"Uruz, Kara Göne ve At Ağızlı Aruz",event_hedef
uruzun 40 adamını şehit ettiler,Uruzun 40 Adamını Şehit Ettiler,karakter_2
uruzun annesi,Uruzun Annesi,karakter_1
uzun boylu burla hatun,Uzun Boylu Burla Hatun,karakter_1
uzun boylu burla hatun,Uzun Boylu Burla Hatun,karakter_2
uşun koca,Uşun Koca,karakter_1
uşun koca,Uşun Koca,karakter_2
uşun koca oğlu,Uşun Koca Oğlu,karakter_1
uşun koca oğlu'nun 2 kardeşi,Uşun Koca Oğlu'nun 2 Kardeşi,karakter_1
uşun koca ve karısı,Uşun Koca ve Karısı,karakter_1
uşun koca ve karısı,Uşun Koca ve Karısı,karakter_2
uşun koca ve karısı,Uşun Koca ve Karısı,event_aktor
uşun kocanın büyük,Uşun Kocanın Büyük,karakter_2
uşun kocanın küçük,Uşun Kocanın Küçük,karakter_2
yalancı oğlu yaltaçuk,Yalancı Oğlu Yaltaçuk,karakter_1
yalançı oğlu yaltaçuk,Yalançı Oğlu Yaltaçuk,karakter_1
yalançı oğlu yaltaçuk,Yalançı Oğlu Yaltaçuk,karakter_2
yaltaçuk,Yaltaçuk,karakter_1
yaltaçuk,Yaltaçuk,event_aktor
yaltaçuk,Yaltaçuk,karakter_2
yarar kocalar,Yarar Kocalar,karakter_2
yaşlı kadın,Yaşlı Kadın,karakter_2
yaşlı kadın,Yaşlı Kadın,event_aktor
yedi kafir beyi,Yedi Kafir Beyi,karakter_2
yedi yiğit,Yedi Yiğit,karakter_2
yigenek,Yigenek,karakter_2
yigenek,Yigenek,karakter_1
yigenek ve sancak beyleri,Yigenek ve Sancak Beyleri,karakter_2
yiğit,Yiğit,karakter_1
yoldadşları,Yoldadşları,karakter_2
yurt,Yurt,karakter_2
Yüz bin kâfir,Yüz Bin Kâfir,karakter_2
zindancı,Zindancı,karakter_2
çekişen öksüzle diğer çocuğu ayırığ tokat attı,Çekişen Öksüzle Diğer Çocuğu Ayırığ Tokat Attı,karakter_2
çevresindekilere,Çevresindekilere,karakter_2
çevresine,Çevresine,karakter_2
çevresine hediyeler dağıtıyor,Çevresine Hediyeler Dağıtıyor,karakter_2
çoban,Çoban,karakter_2
çoban,Çoban,event_aktor
çobanlar,Çobanlar,karakter_2
öksüz çocuk,Öksüz Çocuk,karakter_1
öksüz çocuk,Öksüz Çocuk,karakter_2
İç Oğuz beyleri,İç Oğuz Beyleri,karakter_2
şir şemseddin,Şir Şemseddin,karakter_2
şökli melik,Şökli Melik,karakter_2
şökli melik,Şökli Melik,karakter_1
şökli melik ve adamları,Şökli Melik ve Adamları,karakter_1
Kazan,Salur Kazan,v2_standardizasyon
Kazan Bey,Salur Kazan,v2_standardizasyon
Beyrek,Bamsı Beyrek,v2_standardizasyon
Dirse'nin 40 Adamı,Dirse Han'ın 40 Adamı,v2_standardizasyon
Dirse'nin Karısı,Dirse Han'ın Karısı,v2_standardizasyon
"Bamsı'nın Anne, Babası",Bamsı'nın Anne Babası,v2_standardizasyon
Beyrekin 40 Yiğidi,Beyrek'in 40 Yiğidi,v2_standardizasyon
Beyrekin Adamları,Beyrek'in Adamları,v2_standardizasyon
Beyrekin Anne Babası,Beyrek'in Anne Babası,v2_standardizasyon
begilin adamları,Begil'in Adamları,v3_normalizasyon
anne babası,Anne ve Babası,v3_normalizasyon
kocaları,Kocalar,v3_normalizasyon
iç oğuz,İç Oğuz,v3_normalizasyon
iç oğuz beyleri,İç Oğuz Beyleri,v3_normalizasyon
yalancı oğlu yaltaçuk,Yalançı Oğlu Yaltaçuk,v3_normalizasyon
yaltaçuk,Yalançı Oğlu Yaltaçuk,v3_normalizasyon
selcen,Selcen Hatun,v3_normalizasyon
burla,Burla Hatun,v3_normalizasyon
uzun boylu burla hatun,Burla Hatun,v3_normalizasyon
begil bey,Begil,v3_normalizasyon
kan turalı ve selcan hatun,Kan Turalı ve Selcen Hatun,v3_normalizasyon
yoldadşları,Yoldaşları,v3_normalizasyon
beyrek'in 40 yoldaşı,Beyrek'in 40 Yoldaşları,v3_normalizasyon
"tekfur, 100 kafir çevresinde",Tekfur ve 100 Kafir,v3_normalizasyon
tekfur ve çevresi,Tekfurun Çevresi,v3_normalizasyon
