kayit_id,boy,source_file,aktor,aktor_id,aktor_tipi,hedef,hedef_id,hedef_tipi,event_turu,not,ham_satir,kaynak_notu
DKR0009,Dirse Han Oglu boğaç Han Boyu,02_dirse_han_oglu_bogac_han_boyu.csv,Dirse Han,dirse_han,kişi,,,,otorite/emir,Emir - yemek,Dirse Han (Emir - yemek),ham_okuma_notu; araştırmacı tarafından standartlaştırıldı
DKR0117,Kam Püre'nin Oğlu Bamsı Beyrek Boyu,04_kam_purenin_oglu_bamsi_beyrek_boyu.csv,Bezirganların Büyüğü Pay Püre'nin Oğlu,bezirganlarin_buyugu_pay_purenin_oglu,grup,,,,destek/yardım,yardım isteme,bezirganların büyüğü pay püre'nin oğlu (yardım isteme),ham_okuma_notu; araştırmacı tarafından standartlaştırıldı
DKR0133,Kam Püre'nin Oğlu Bamsı Beyrek Boyu,04_kam_purenin_oglu_bamsi_beyrek_boyu.csv,Deli Karçar,deli_karcar,kişi,,,,akrabalık,banu çiçek'in abisi,deli karçar (banu çiçek'in abisi),ham_okuma_notu; araştırmacı tarafından standartlaştırıldı
DKR0153,Kam Püre'nin Oğlu Bamsı Beyrek Boyu,04_kam_purenin_oglu_bamsi_beyrek_boyu.csv,Bamsı'nın Kız Kardeşleri,bamsinin_kiz_kardesleri,grup,,,,duygusal_tepki,yas tutma,bamsı'nın kız kardeşleri (yas tutma),ham_okuma_notu; araştırmacı tarafından standartlaştırıldı
DKR0154,Kam Püre'nin Oğlu Bamsı Beyrek Boyu,04_kam_purenin_oglu_bamsi_beyrek_boyu.csv,Banu Çiçek,banu_cicek,kişi,,,,duygusal_tepki,yas tutma,banu çiçek (yas tutma),ham_okuma_notu; araştırmacı tarafından standartlaştırıldı
DKR0157,Kam Püre'nin Oğlu Bamsı Beyrek Boyu,04_kam_purenin_oglu_bamsi_beyrek_boyu.csv,Bamsı'nın 40 Yiğidi,bamsinin_40_yigidi,grup,,,,duygusal_tepki,yas tutma,bamsı'nın 40 yiğidi (yas tutma),ham_okuma_notu; araştırmacı tarafından standartlaştırıldı
DKR0158,Kam Püre'nin Oğlu Bamsı Beyrek Boyu,04_kam_purenin_oglu_bamsi_beyrek_boyu.csv,Oğuz Beyleri,oguz_beyleri,grup,,,,duygusal_tepki,yas tutma,oğuz beyleri (yas tutma),ham_okuma_notu; araştırmacı tarafından standartlaştırıldı
DKR0164,Kam Püre'nin Oğlu Bamsı Beyrek Boyu,04_kam_purenin_oglu_bamsi_beyrek_boyu.csv,Banu Çiçek,banu_cicek,kişi,,,,duygusal_tepki,gömleği görünce ağlama yas tutma,banu çiçek (gömleği görünce ağlama yas tutma),ham_okuma_notu; araştırmacı tarafından standartlaştırıldı
DKR0192,Kam Püre'nin Oğlu Bamsı Beyrek Boyu,04_kam_purenin_oglu_bamsi_beyrek_boyu.csv,Bamsı Beyrek,bamsi_beyrek,kişi,Bamsı Beyrek,bamsi_beyrek,kişi,duygusal_tepki,Beyrek yayı gelince yoldaşlarını anıp hüzünlenir.,beyrek'in yayı geldiğinde - beyrek (yoldaşlarını anıp - hüzünlendi),ham_okuma_notu; araştırmacı tarafından standartlaştırıldı
DKR0201,Kam Püre'nin Oğlu Bamsı Beyrek Boyu,04_kam_purenin_oglu_bamsi_beyrek_boyu.csv,Beyrek Şölen Yemeğini Döktü,beyrek_solen_yemegini_doktu,kişi,,,,tanımlama,aksiyon,beyrek şölen yemeğini döktü (aksiyon),ham_okuma_notu; araştırmacı tarafından standartlaştırıldı
DKR0204,Kam Püre'nin Oğlu Bamsı Beyrek Boyu,04_kam_purenin_oglu_bamsi_beyrek_boyu.csv,Bamsı Beyrek,bamsi_beyrek,kişi,,,,hareket/eylem,"Beyrek kızların yanına varır; şurnaçıları ve nakaraçıları kovar, döver.","beyrek kızların yanına vardı; şurnaçları kovdu, nakaraçıları kovdu, dövdü, başını yardı (aksiyon)",ham_okuma_notu; araştırmacı tarafından standartlaştırıldı
DKR0217,Kam Püre'nin Oğlu Bamsı Beyrek Boyu,04_kam_purenin_oglu_bamsi_beyrek_boyu.csv,Banu Çiçek,banu_cicek,kişi,,,,tanımlama,ere varan kız benim diyip oynamaya başladı,banu çiçek (ere varan kız benim diyip oynamaya başladı),ham_okuma_notu; araştırmacı tarafından standartlaştırıldı
DKR0226,Kam Püre'nin Oğlu Bamsı Beyrek Boyu,04_kam_purenin_oglu_bamsi_beyrek_boyu.csv,Pay Püre,pay_pure,kişi,,,,tanımlama,bezi gözüne sürünce gözü açıldı,pay püre (bezi gözüne sürünce gözü açıldı),ham_okuma_notu; araştırmacı tarafından standartlaştırıldı
DKR0227,Kam Püre'nin Oğlu Bamsı Beyrek Boyu,04_kam_purenin_oglu_bamsi_beyrek_boyu.csv,Beyrek'in Ailesi,beyrekin_ailesi,kişi,,,,hareket/eylem,beyrek'e kavuşma şükür,beyrek'in ailesi (beyrek'e kavuşma şükür),ham_okuma_notu; araştırmacı tarafından standartlaştırıldı
DKR0228,Kam Püre'nin Oğlu Bamsı Beyrek Boyu,04_kam_purenin_oglu_bamsi_beyrek_boyu.csv,Yalançı Oğlu Yaltaçuk,yalanci_oglu_yaltacuk,kişi,,,,tören/ritüel,beyrek'in döndüğünü duyunca kaçıp saklandı,yaltaçuk (beyrek'in döndüğünü duyunca kaçıp saklandı),ham_okuma_notu; araştırmacı tarafından standartlaştırıldı; v3 bağlamsal standardizasyon; v3 bağlamsal standardizasyon
DKR0240,Kam Püre'nin Oğlu Bamsı Beyrek Boyu,04_kam_purenin_oglu_bamsi_beyrek_boyu.csv,"Beyrek, Yigenek, Kazan, Kara Budak, Deli Dündar, Uruz",beyrek_yigenek_kazan_kara_budak_deli_dundar_uruz,kişi,,,,çatışma,hisara hucüm,"beyrek, yigenek, kazan, kara budak, deli dündar, uruz (hisara hucüm)",ham_okuma_notu; araştırmacı tarafından standartlaştırıldı
DKR0251,Kazan Bey Oğlu Uruz Bey'in Tutsak Olduğu Boy,05_kazan_bey_oglu_uruz_beyin_tutsak_oldugu_boy.csv,Dokuz Kafir Kızı,dokuz_kafir_kizi,kişi,,,,tören/ritüel,toyda sakilik yapıyorlar,dokuz kafir kızı (toyda sakilik yapıyorlar),ham_okuma_notu; araştırmacı tarafından standartlaştırıldı
DKR0253,Kazan Bey Oğlu Uruz Bey'in Tutsak Olduğu Boy,05_kazan_bey_oglu_uruz_beyin_tutsak_oldugu_boy.csv,Salur Kazan,salur_kazan,kişi,"Uruz, Kara Göne ve At Ağızlı Aruz",uruz_kara_gone_ve_at_agizli_aruz,grup,tanımlama,Kazan çevresindeki yakınlarını tanımlar/konumlandırır.,"kazan'ın çevresi; karşısında oğlu uruz, sağında kardeşi kara göne, sol tarafında dayısı at ağızlı aruz",ham_okuma_notu; araştırmacı tarafından standartlaştırıldı
DKR0264,Kazan Bey Oğlu Uruz Bey'in Tutsak Olduğu Boy,05_kazan_bey_oglu_uruz_beyin_tutsak_oldugu_boy.csv,"Kazan, Uruz ve Askerler",kazan_uruz_ve_askerler,grup,,,,hareket/eylem,av,"kazan, uruz ve askerler (av)",ham_okuma_notu; araştırmacı tarafından standartlaştırıldı
DKR0299,Duha Koca Oğlu Deli Dumrul,06_duha_koca_oglu_deli_dumrul.csv,Köprünün Yanına Konan Oba,koprunun_yanina_konan_oba,grup,,,,duygusal_tepki,ölen yiğit için ağlıyor yas tutuyorlar,köprünün yanına konan oba (ölen yiğit için ağlıyor yas tutuyorlar),ham_okuma_notu; araştırmacı tarafından standartlaştırıldı
DKR0301,Duha Koca Oğlu Deli Dumrul,06_duha_koca_oglu_deli_dumrul.csv,Deli Dumrul,deli_dumrul,kişi,Dua,dua,nesne/doğa,dua,Azrail ile savaşmak için dua/yalvarış niteliğinde söz söyler.,"deli dumrul - dua (azraili göreyim, yiğit canı için dövüşeyim)",ham_okuma_notu; araştırmacı tarafından standartlaştırıldı
DKR0329,Kanlı Koca Oğlu Kan Turalı Boyu,07_kanli_koca_oglu_kan_turali_boyu.csv,Kanlı Koca,kanli_koca,kişi,,,,tanımlama,"iç oğuzu dolaştı, dış oğuzu dolaştı kız bulamadı","kanlı koca (iç oğuzu dolaştı, dış oğuzu dolaştı kız bulamadı)",ham_okuma_notu; araştırmacı tarafından standartlaştırıldı
DKR0330,Kanlı Koca Oğlu Kan Turalı Boyu,07_kanli_koca_oglu_kan_turali_boyu.csv,Kanlı Koca,kanli_koca,kişi,,,,tanımlama,trabzona geldi,kanlı koca (trabzona geldi),ham_okuma_notu; araştırmacı tarafından standartlaştırıldı
DKR0333,Kanlı Koca Oğlu Kan Turalı Boyu,07_kanli_koca_oglu_kan_turali_boyu.csv,Trabzon Tekfuru,trabzon_tekfuru,kişi,,,,akrabalık,vaad; 3 canavarı kim öldürürse kızımı ona vereceğim; başaramayanın başını keserim; 32 kafir beyinin kellesini almış bu şekilde kale burcuna asmış,trabzon tekfuru (vaad; 3 canavarı kim öldürürse kızımı ona vereceğim; başaramayanın başını keserim; 32 kafir beyinin kellesini almış bu şekilde kale burcuna asmış),ham_okuma_notu; araştırmacı tarafından standartlaştırıldı
DKR0335,Kanlı Koca Oğlu Kan Turalı Boyu,07_kanli_koca_oglu_kan_turali_boyu.csv,Kanlı Koca,kanli_koca,kişi,,,,tanımlama,oğuza geldi,kanlı koca (oğuza geldi),ham_okuma_notu; araştırmacı tarafından standartlaştırıldı
DKR0336,Kanlı Koca Oğlu Kan Turalı Boyu,07_kanli_koca_oglu_kan_turali_boyu.csv,Kan Turalı ve 40 Adamı,kan_turali_ve_40_adami,grup,,,,destek/yardım,kanlı kocayı karşıladılar,kan turalı ve 40 adamı (kanlı kocayı karşıladılar),ham_okuma_notu; araştırmacı tarafından standartlaştırıldı
DKR0374,Kanlı Koca Oğlu Kan Turalı Boyu,07_kanli_koca_oglu_kan_turali_boyu.csv,Selcen Hatun,selcen_hatun,kişi,,,,tanımlama,kan turalıyı aradı,selcen hatun (kan turalıyı aradı),ham_okuma_notu; araştırmacı tarafından standartlaştırıldı
DKR0388,Kazılık koca oğlu yigenek boyu,08_kazilik_koca_oglu_yigenek_boyu.csv,Kazılık Koca,kazilik_koca,kişi,,,,tanımlama,bayındır han'ın veziri,kazılık koca (bayındır han'ın veziri),ham_okuma_notu; araştırmacı tarafından standartlaştırıldı
DKR0396,Kazılık koca oğlu yigenek boyu,08_kazilik_koca_oglu_yigenek_boyu.csv,Emen,emen,kişi,,,,tanımlama,kaleyi 6 kere kuşatıp alamadı,emen (kaleyi 6 kere kuşatıp alamadı),ham_okuma_notu; araştırmacı tarafından standartlaştırıldı
DKR0403,Kazılık koca oğlu yigenek boyu,08_kazilik_koca_oglu_yigenek_boyu.csv,Emen,emen,kişi,,,,akrabalık,yigenek'in dayısı,emen (yigenek'in dayısı),ham_okuma_notu; araştırmacı tarafından standartlaştırıldı
DKR0413,Kazılık koca oğlu yigenek boyu,08_kazilik_koca_oglu_yigenek_boyu.csv,Kazılık Koca,kazilik_koca,kişi,,,,tanımlama,tutsaklıktan kurtulma,kazılık koca (tutsaklıktan kurtulma),ham_okuma_notu; araştırmacı tarafından standartlaştırıldı
DKR0425,Basat'ın Tepegözü Öldürdüğü Boy,09_basatin_tepegozu_oldurdugu_boy.csv,Basat,basat,kişi,,,,tanımlama,"evden kaçıp aslan yatağına geri gidiyor, beyler geri alıyor","basat (evden kaçıp aslan yatağına geri gidiyor, beyler geri alıyor)",ham_okuma_notu; araştırmacı tarafından standartlaştırıldı
DKR0427,Basat'ın Tepegözü Öldürdüğü Boy,09_basatin_tepegozu_oldurdugu_boy.csv,Kıyan Selçuk,kiyan_selcuk,kişi,,,,akrabalık,basat'ın abisi,kıyan selçuk (basat'ın abisi),ham_okuma_notu; araştırmacı tarafından standartlaştırıldı
DKR0428,Basat'ın Tepegözü Öldürdüğü Boy,09_basatin_tepegozu_oldurdugu_boy.csv,Kıyan Selçuk,kiyan_selcuk,kişi,,,,akrabalık,aruz'un büyük oğlu,kıyan selçuk (aruz'un büyük oğlu),ham_okuma_notu; araştırmacı tarafından standartlaştırıldı
DKR0429,Basat'ın Tepegözü Öldürdüğü Boy,09_basatin_tepegozu_oldurdugu_boy.csv,Konur Koca Sarı Çoban,konur_koca_sari_coban,kişi,,,,tanımlama,aruz'un çobanı,konur koca sarı çoban (aruz'un çobanı),ham_okuma_notu; araştırmacı tarafından standartlaştırıldı
DKR0435,Basat'ın Tepegözü Öldürdüğü Boy,09_basatin_tepegozu_oldurdugu_boy.csv,Çoban,coban,kişi,,,,tanımlama,"taş yığınağını gördü, onu taşa tuttu, her taş attığında yığın büyüdü","çoban (taş yığınağını gördü, onu taşa tuttu, her taş attığında yığın büyüdü)",ham_okuma_notu; araştırmacı tarafından standartlaştırıldı
DKR0452,Basat'ın Tepegözü Öldürdüğü Boy,09_basatin_tepegozu_oldurdugu_boy.csv,Tepegöz,tepegoz,mitolojik/ilahi,,,,tanımlama,"oğuzdan çıktı, yol kesti, büyük harami oldu","tepegöz (oğuzdan çıktı, yol kesti, büyük harami oldu)",ham_okuma_notu; araştırmacı tarafından standartlaştırıldı
DKR0476,Basat'ın Tepegözü Öldürdüğü Boy,09_basatin_tepegozu_oldurdugu_boy.csv,Yaşlı Kadın,yasli_kadin,kişi,Basat,basat,kişi,haber/verme,Yaşlı kadın Basatın dönüşünü haber verir.,yaşlı kadın - basatın dönüşünü muştuladı,ham_okuma_notu; araştırmacı tarafından standartlaştırıldı
DKR0487,Basat'ın Tepegözü Öldürdüğü Boy,09_basatin_tepegozu_oldurdugu_boy.csv,Basat,basat,kişi,,,,hareket/eylem,hazırlık yaptı okunu kılıcını yerledi,basat (hazırlık yaptı okunu kılıcını yerledi),ham_okuma_notu; araştırmacı tarafından standartlaştırıldı
DKR0513,Begil Oğlu Emrenin boyu,10_begil_oglu_emrenin_boyu.csv,Bayındır Han,bayindir_han,kişi,,,,duygusal_tepki,Dokuz tümen Gürcistan'ın haracı azalınca Bayındır Han üzülür.,"dokuz tümen gürcistan'ın haracı geldi (bayındır han üzüldü, haraç az)",ham_okuma_notu; araştırmacı tarafından standartlaştırıldı
DKR0541,Begil Oğlu Emrenin boyu,10_begil_oglu_emrenin_boyu.csv,Begil,begil,kişi,Beyler (Begil Boyu),beyler_begil_boyu,grup,hareket/eylem,Begil avda ayağını kırar; kendini sarıp beylerin yanına gelir.,begil avda ayağıı kırdı - kendisi sarıp beyleri yanına geldi,ham_okuma_notu; araştırmacı tarafından standartlaştırıldı
DKR0545,Begil Oğlu Emrenin boyu,10_begil_oglu_emrenin_boyu.csv,Begilin Beyleri,begilin_beyleri,grup,,,,hareket/eylem,avın bozulduğunu görüp evlerine gittiler,begilin beyleri (avın bozulduğunu görüp evlerine gittiler),ham_okuma_notu; araştırmacı tarafından standartlaştırıldı
DKR0546,Begil Oğlu Emrenin boyu,10_begil_oglu_emrenin_boyu.csv,Begil,begil,kişi,,,,tanımlama,5 gün boyunca divana çıkamdı; ayağının kırıldığını kimseye söylemedi,begil (5 gün boyunca divana çıkamdı; ayağının kırıldığını kimseye söylemedi),ham_okuma_notu; araştırmacı tarafından standartlaştırıldı
DKR0561,Begil Oğlu Emrenin boyu,10_begil_oglu_emrenin_boyu.csv,Begil,begil,kişi,,,,otorite/emir,"emir; zırhımı, silahımı, atımı emrene verin","begil (emir; zırhımı, silahımı, atımı emrene verin)",ham_okuma_notu; araştırmacı tarafından standartlaştırıldı
DKR0565,Begil Oğlu Emrenin boyu,10_begil_oglu_emrenin_boyu.csv,Begilin Atını,begilin_atini,hayvan,,,,tanımlama,bu gelen begildir biz kaçalım dediler,begilin atını gören kafir (bu gelen begildir biz kaçalım dediler),ham_okuma_notu; araştırmacı tarafından standartlaştırıldı
DKR0599,uşun koca oğlu seyrek boyu,11_usun_koca_oglu_seyrek_boyu.csv,Egrek,egrek,kişi,,,,tanımlama,"bayındır hanın divanına gider, beyler beyi kazanın önüne oturur, kimseye iltifat eylemezdi","egrek (bayındır hanın divanına gider, beyler beyi kazanın önüne oturur, kimseye iltifat eylemezdi)",ham_okuma_notu; araştırmacı tarafından standartlaştırıldı
DKR0607,uşun koca oğlu seyrek boyu,11_usun_koca_oglu_seyrek_boyu.csv,Egrek ve 300 Akıncı,egrek_ve_300_akinci,grup,,,,hareket/eylem,"kara tekfurun yaptırdığı koruda avlandılan, konakladılar","egrek ve 300 akıncı (kara tekfurun yaptırdığı koruda avlandılan, konakladılar)",ham_okuma_notu; araştırmacı tarafından standartlaştırıldı
DKR0617,uşun koca oğlu seyrek boyu,11_usun_koca_oglu_seyrek_boyu.csv,Segrek,segrek,kişi,,,,tanımlama,"egreke segrek yaraşır, kardeşsiz oğuzda duramam diye ağladı","segrek (egreke segrek yaraşır, kardeşsiz oğuzda duramam diye ağladı)",ham_okuma_notu; araştırmacı tarafından standartlaştırıldı
DKR0627,uşun koca oğlu seyrek boyu,11_usun_koca_oglu_seyrek_boyu.csv,Uşun Koca ve Karısı,usun_koca_ve_karisi,grup,,,,tören/ritüel,segreke düğün yaptılar,uşun koca ve karısı (segreke düğün yaptılar),ham_okuma_notu; araştırmacı tarafından standartlaştırıldı
DKR0631,uşun koca oğlu seyrek boyu,11_usun_koca_oglu_seyrek_boyu.csv,Segrek,segrek,kişi,,,,tanımlama,at alıp hazırlandı,segrek (at alıp hazırlandı),ham_okuma_notu; araştırmacı tarafından standartlaştırıldı
DKR0635,uşun koca oğlu seyrek boyu,11_usun_koca_oglu_seyrek_boyu.csv,Segrekin Karısı,segrekin_karisi,kişi,,,,tanımlama,gideyim kayın atama kayın anneme durumu söyleyeyim,segrekin karısı (gideyim kayın atama kayın anneme durumu söyleyeyim),ham_okuma_notu; araştırmacı tarafından standartlaştırıldı
DKR0641,uşun koca oğlu seyrek boyu,11_usun_koca_oglu_seyrek_boyu.csv,Tekfur (Segrek Boyu),tekfur_segrek_boyu,kişi,,,,otorite/emir,"emir, 60 adam seçin yakalasın gelsinler","tekfur (emir, 60 adam seçin yakalasın gelsinler)",ham_okuma_notu; araştırmacı tarafından standartlaştırıldı
DKR0670,Salur Kazan'ın tutsak olup oğlu uruz'un kurtardığı boy,12_salur_kazanin_tutsak_olup_oglu_uruzun_kurtardigi_boy.csv,Salur Kazan,salur_kazan,kişi,Salur Kazan,salur_kazan,kişi,duygusal_tepki,Şahin Tomanın kalesine gidince Kazan üzülür.,şahin tomanın kalesine gitti - kazan üzüldü,ham_okuma_notu; araştırmacı tarafından standartlaştırıldı
DKR0697,Salur Kazan'ın tutsak olup oğlu uruz'un kurtardığı boy,12_salur_kazanin_tutsak_olup_oglu_uruzun_kurtardigi_boy.csv,Tekfurun Çevresi,tekfurun_cevresi,grup,,,,otorite/emir,emir; bir er getirin,tekfur ve çevresi (emir; bir er getirin),ham_okuma_notu; araştırmacı tarafından standartlaştırıldı; v3 bağlamsal standardizasyon
DKR0717,Salur Kazan'ın tutsak olup oğlu uruz'un kurtardığı boy,12_salur_kazanin_tutsak_olup_oglu_uruzun_kurtardigi_boy.csv,Kara Göne ve Askerler,kara_gone_ve_askerler,grup,,,,destek/yardım,bezirgan kıyafetleri giydiler,kara göne ve askerler (bezirgan kıyafetleri giydiler),ham_okuma_notu; araştırmacı tarafından standartlaştırıldı
DKR0718,Salur Kazan'ın tutsak olup oğlu uruz'un kurtardığı boy,12_salur_kazanin_tutsak_olup_oglu_uruzun_kurtardigi_boy.csv,Kafirler (Uruz Kurtarma Boyu),kafirler_uruz_kurtarma_boyu,grup,,,,tanımlama,gelenlerin tacir olmadığını anlayıp kaleye kaçtılar,kafirler (gelenlerin tacir olmadığını anlayıp kaleye kaçtılar),ham_okuma_notu; araştırmacı tarafından standartlaştırıldı
DKR0722,Salur Kazan'ın tutsak olup oğlu uruz'un kurtardığı boy,12_salur_kazanin_tutsak_olup_oglu_uruzun_kurtardigi_boy.csv,16 Asker ve Uruz,16_asker_ve_uruz,grup,,,,tanımlama,kale kapısını kırdılar,16 asker ve uruz (kale kapısını kırdılar),ham_okuma_notu; araştırmacı tarafından standartlaştırıldı
DKR0748,Salur Kazan'ın tutsak olup oğlu uruz'un kurtardığı boy,12_salur_kazanin_tutsak_olup_oglu_uruzun_kurtardigi_boy.csv,Düzen Oğlu Alp Rüstem,duzen_oglu_alp_rustem,kişi,Düzen,duzen,kişi,tanımlama,Düzen oğlu Alp Rüstem meydana gelir.,düzen oğlu alp rüstem meydana geldi,ham_okuma_notu; araştırmacı tarafından standartlaştırıldı
DKR0791,İç Oğuz'a Dış Oğuz'un Asi Olup Beyrek'i Öldürdüğü,13_ic_oguza_dis_oguzun_asi_olup_beyreki_oldurdugu.csv,Dış Oğuz Beyleri,dis_oguz_beyleri,grup,,,,tanımlama,"beyreki ata bindirdiler, kendileri de kaçtılar","dış oğuz beyleri (beyreki ata bindirdiler, kendileri de kaçtılar)",ham_okuma_notu; araştırmacı tarafından standartlaştırıldı
DKR0014,Dirse Han Oglu boğaç Han Boyu,02_dirse_han_oglu_bogac_han_boyu.csv,Dirse Han'ın 40 Adamı,dirse_hanin_40_adami,grup,,,,gerilim,grup içi/kollektif iç etkileşim; gerilim - boğaç'a karşı husumet,dirse han'ın 40 adamı - kendi aralarında (gerilim - boğaç'a karşı husumet),ham_okuma_notu; araştırmacı tarafından standartlaştırıldı; edge_listeden event_listesine taşındı
DKR0029,Dirse Han Oglu boğaç Han Boyu,02_dirse_han_oglu_bogac_han_boyu.csv,Dirse Han'ın 40 Adamı,dirse_hanin_40_adami,grup,,,,çatışma,grup içi/kollektif iç etkileşim; gerilim - dirseyi kafire esir verelim,Dirse'nin 40 adamı - kendi aralarında (gerilim - dirseyi kafire esir verelim),ham_okuma_notu; araştırmacı tarafından standartlaştırıldı; edge_listeden event_listesine taşındı
DKR0121,Kam Püre'nin Oğlu Bamsı Beyrek Boyu,04_kam_purenin_oglu_bamsi_beyrek_boyu.csv,Bezirganlar,bezirganlar,grup,,,,diyalog_olumlu,grup içi/kollektif iç etkileşim; diy+ bamsıya hayranlık,bezirganlar - kendi aralarında (diy+ bamsıya hayranlık),ham_okuma_notu; araştırmacı tarafından standartlaştırıldı; edge_listeden event_listesine taşındı
DKR0152,Kam Püre'nin Oğlu Bamsı Beyrek Boyu,04_kam_purenin_oglu_bamsi_beyrek_boyu.csv,Bamsı'nın Anne Babası,bamsinin_anne_babasi,grup,,,,duygusal_tepki,grup içi/kollektif iç etkileşim; üzülme,"bamsı'nın anne, babası - kendi aralarında (üzülme)",ham_okuma_notu; araştırmacı tarafından standartlaştırıldı; edge_listeden event_listesine taşındı
DKR0162,Kam Püre'nin Oğlu Bamsı Beyrek Boyu,04_kam_purenin_oglu_bamsi_beyrek_boyu.csv,Beyler (Bamsı Beyrek Boyu),beyler_bamsi_beyrek_boyu,grup,,,,duygusal_tepki,grup içi/kollektif iç etkileşim; ağlaşma,beyler - kendi aralarında (ağlaşma),ham_okuma_notu; araştırmacı tarafından standartlaştırıldı; edge_listeden event_listesine taşındı
DKR0180,Kam Püre'nin Oğlu Bamsı Beyrek Boyu,04_kam_purenin_oglu_bamsi_beyrek_boyu.csv,Bamsı Beyrek,bamsi_beyrek,kişi,,,,evlilik/bağlaşıklık,öz konuşma/içsel eylem; bu kaftanla beni tanırlar; başka bir şey giyeyim dostu düşmanı göreyim,beyrek - kendi kendine (bu kaftanla beni tanırlar; başka bir şey giyeyim dostu düşmanı göreyim),ham_okuma_notu; araştırmacı tarafından standartlaştırıldı; edge_listeden event_listesine taşındı
DKR0277,Kazan Bey Oğlu Uruz Bey'in Tutsak Olduğu Boy,05_kazan_bey_oglu_uruz_beyin_tutsak_oldugu_boy.csv,Burla Hatun,burla_hatun,kişi,,,,hareket/eylem,öz konuşma/içsel eylem; uruz avdan döndüğü için kurban kesiyor,han kızı boyu uzun burla hatun - kendi kendine (uruz avdan döndüğü için kurban kesiyor),ham_okuma_notu; araştırmacı tarafından standartlaştırıldı; edge_listeden event_listesine taşındı; v3 bağlamsal standardizasyon; v3 bağlamsal standardizasyon
DKR0281,Kazan Bey Oğlu Uruz Bey'in Tutsak Olduğu Boy,05_kazan_bey_oglu_uruz_beyin_tutsak_oldugu_boy.csv,Salur Kazan,salur_kazan,kişi,,,,duygusal_tepki,öz konuşma/içsel eylem; uruz tutsak diye üzülüyor,kazan - kendi kendine (uruz tutsak diye üzülüyor),ham_okuma_notu; araştırmacı tarafından standartlaştırıldı; edge_listeden event_listesine taşındı
DKR0334,Kanlı Koca Oğlu Kan Turalı Boyu,07_kanli_koca_oglu_kan_turali_boyu.csv,Kanlı Koca,kanli_koca,kişi,,,,akrabalık,öz konuşma/içsel eylem; durumu anlatayım; hüneri varsa gelsin kızı alsın,kanlı koca - kendi kendine (durumu anlatayım; hüneri varsa gelsin kızı alsın),ham_okuma_notu; araştırmacı tarafından standartlaştırıldı; edge_listeden event_listesine taşındı
DKR0351,Kanlı Koca Oğlu Kan Turalı Boyu,07_kanli_koca_oglu_kan_turali_boyu.csv,Boğayı Getiren Kafirler,bogayi_getiren_kafirler,grup,,,,belirsiz,grup içi/kollektif iç etkileşim; şimdi boğa bu oğlanı öldürür yazık olur oğlana,boğayı getiren kafirler - kendi aralarında (şimdi boğa bu oğlanı öldürür yazık olur oğlana),ham_okuma_notu; araştırmacı tarafından standartlaştırıldı; edge_listeden event_listesine taşındı
DKR0357,Kanlı Koca Oğlu Kan Turalı Boyu,07_kanli_koca_oglu_kan_turali_boyu.csv,Kan Turalı'nın40 Adamı,kan_turalinin40_adami,grup,,,,duygusal_tepki,grup içi/kollektif iç etkileşim; yazık aslandan kurtulması mümkün değil diye üzülürler,kan turalı'nın40 adamı - kendi aralarında (yazık aslandan kurtulması mümkün değil diye üzülürler),ham_okuma_notu; araştırmacı tarafından standartlaştırıldı; edge_listeden event_listesine taşındı
DKR0369,Kanlı Koca Oğlu Kan Turalı Boyu,07_kanli_koca_oglu_kan_turali_boyu.csv,Selcen Hatun,selcen_hatun,kişi,,,,belirsiz,"öz konuşma/içsel eylem; kan turalı uydu, ben nöbet tutayım","selcen hatun - kendi kendine (kan turalı uydu, ben nöbet tutayım)",ham_okuma_notu; araştırmacı tarafından standartlaştırıldı; edge_listeden event_listesine taşındı
DKR0370,Kanlı Koca Oğlu Kan Turalı Boyu,07_kanli_koca_oglu_kan_turali_boyu.csv,Tekfur (Kan Turalı Boyu),tekfur_kan_turali_boyu,kişi,,,,akrabalık,öz konuşma/içsel eylem; kızımı aldı gitti; kan turalıya karşı husumet,tekfur - kendi kendine (kızımı aldı gitti; kan turalıya karşı husumet),ham_okuma_notu; araştırmacı tarafından standartlaştırıldı; edge_listeden event_listesine taşındı
DKR0473,Basat'ın Tepegözü Öldürdüğü Boy,09_basatin_tepegozu_oldurdugu_boy.csv,Oğlunu Veren Kadın,oglunu_veren_kadin,kişi,,,,belirsiz,öz konuşma/içsel eylem; basat'a gideyim anlatayım durumu,oğlunu veren kadın - kendi kendine (basat'a gideyim anlatayım durumu),ham_okuma_notu; araştırmacı tarafından standartlaştırıldı; edge_listeden event_listesine taşındı
DKR0678,Salur Kazan'ın tutsak olup oğlu uruz'un kurtardığı boy,12_salur_kazanin_tutsak_olup_oglu_uruzun_kurtardigi_boy.csv,Kazanın Askerleri,kazanin_askerleri,grup,,,,hareket/eylem,grup içi/kollektif iç etkileşim; savaşalım - kazanı bırakmayalım,kazanın askerleri - kendi aralarında (savaşalım - kazanı bırakmayalım),ham_okuma_notu; araştırmacı tarafından standartlaştırıldı; edge_listeden event_listesine taşındı
DKR0685,Salur Kazan'ın tutsak olup oğlu uruz'un kurtardığı boy,12_salur_kazanin_tutsak_olup_oglu_uruzun_kurtardigi_boy.csv,Tekfurun Karısı,tekfurun_karisi,kişi,,,,belirsiz,öz konuşma/içsel eylem; gidip kazanı göreyim,tekfurun karısı - kendi kendine (gidip kazanı göreyim),ham_okuma_notu; araştırmacı tarafından standartlaştırıldı; edge_listeden event_listesine taşındı
DKR0701,Salur Kazan'ın tutsak olup oğlu uruz'un kurtardığı boy,12_salur_kazanin_tutsak_olup_oglu_uruzun_kurtardigi_boy.csv,Kafirler (Uruz Kurtarma Boyu),kafirler_uruz_kurtarma_boyu,grup,,,,evlilik/bağlaşıklık,grup içi/kollektif iç etkileşim; bu adam bizi övmedi gelin öldürelim,kafirler - kendi aralarında (bu adam bizi övmedi gelin öldürelim),ham_okuma_notu; araştırmacı tarafından standartlaştırıldı; edge_listeden event_listesine taşındı
DKR0702,Salur Kazan'ın tutsak olup oğlu uruz'un kurtardığı boy,12_salur_kazanin_tutsak_olup_oglu_uruzun_kurtardigi_boy.csv,Kafirler (Uruz Kurtarma Boyu),kafirler_uruz_kurtarma_boyu,grup,,,,akrabalık,"grup içi/kollektif iç etkileşim; bunun oğlu var, kardeşleri var öldürmek olmaz","kafirler - kendi aralarında (bunun oğlu var, kardeşleri var öldürmek olmaz)",ham_okuma_notu; araştırmacı tarafından standartlaştırıldı; edge_listeden event_listesine taşındı
DKR0729,Salur Kazan'ın tutsak olup oğlu uruz'un kurtardığı boy,12_salur_kazanin_tutsak_olup_oglu_uruzun_kurtardigi_boy.csv,Kafirler (Uruz Kurtarma Boyu),kafirler_uruz_kurtarma_boyu,grup,,,,belirsiz,grup içi/kollektif iç etkileşim; kazan and içti sevindiler,kafirler - kendi aralarında (kazan and içti sevindiler),ham_okuma_notu; araştırmacı tarafından standartlaştırıldı; edge_listeden event_listesine taşındı
DKR0739,Salur Kazan'ın tutsak olup oğlu uruz'un kurtardığı boy,12_salur_kazanin_tutsak_olup_oglu_uruzun_kurtardigi_boy.csv,Salur Kazan,salur_kazan,kişi,,,,akrabalık,öz konuşma/içsel eylem; oğlum büyük er olmuş elhamdülillah,kazan - kendi kendine (oğlum büyük er olmuş elhamdülillah),ham_okuma_notu; araştırmacı tarafından standartlaştırıldı; edge_listeden event_listesine taşındı
DKR0762,İç Oğuz'a Dış Oğuz'un Asi Olup Beyrek'i Öldürdüğü,13_ic_oguza_dis_oguzun_asi_olup_beyreki_oldurdugu.csv,Aruz Emen,aruz_emen,kişi,,,,diyalog_olumsuz,öz konuşma/içsel eylem; diy - ; kazana asi oldu,aruz emen - kendi kendine (diy - ; kazana asi oldu),ham_okuma_notu; araştırmacı tarafından standartlaştırıldı; edge_listeden event_listesine taşındı
DKR0252,Kazan Bey Oğlu Uruz Bey'in Tutsak Olduğu Boy,05_kazan_bey_oglu_uruz_beyin_tutsak_oldugu_boy.csv,Salur Kazan,salur_kazan,kişi,Çevresindekiler,cevresindekiler,grup,hareket/eylem,çadırlar ve develer,salur kazan - çevresine hediyeler dağıtıyor (çadırlar ve develer),ham_okuma_notu; v3 aşamasında olay kaydına ayrıştırıldı; v3 bağlamsal standardizasyon; v3 bağlamsal standardizasyon
DKR0345,Kanlı Koca Oğlu Kan Turalı Boyu,07_kanli_koca_oglu_kan_turali_boyu.csv,Tekfur (Kan Turalı Boyu),tekfur_kan_turali_boyu,kişi,Kan Turalı ve 40 Adamı,kan_turali_ve_40_adami,grup,tören/ritüel,,tekfur - kan turalı ve 40 adamına hürmet gösteriyor,ham_okuma_notu; v3 aşamasında olay kaydına ayrıştırıldı; v3 bağlamsal standardizasyon; v3 bağlamsal standardizasyon
DKR0708,Salur Kazan'ın tutsak olup oğlu uruz'un kurtardığı boy,12_salur_kazanin_tutsak_olup_oglu_uruzun_kurtardigi_boy.csv,Uruz,uruz,kişi,,,,duygusal_tepki,"üzüldü, anneme danışayım dedi","uruz - kendisi (üzüldü, anneme danışayım dedi)",ham_okuma_notu; v3 aşamasında olay kaydına ayrıştırıldı; v3 bağlamsal standardizasyon; v3 bağlamsal standardizasyon
DKR0122,Kam Püre'nin Oğlu Bamsı Beyrek Boyu,04_kam_purenin_oglu_bamsi_beyrek_boyu.csv,Pay Püre,pay_pure,kişi,Bezirganlar,bezirganlar,grup,aynı_ortamda_bulunma,aynı ortamda bulunma,pay püre - bamsı - bezirganlar (aynı ortamda bulunma),ham_okuma_notu; v3 aşamasında olay kaydına ayrıştırıldı; v3 bağlamsal standardizasyon; v3 bağlamsal standardizasyon
DKR0167,Kam Püre'nin Oğlu Bamsı Beyrek Boyu,04_kam_purenin_oglu_bamsi_beyrek_boyu.csv,Yalançı Oğlu Yaltaçuk,yalanci_oglu_yaltacuk,kişi,,,,hazırlık,,yalancı oğlu yaltaçuk - düğün için hazırlık,ham_okuma_notu; v3 aşamasında olay kaydına ayrıştırıldı; v3 bağlamsal standardizasyon; v3 bağlamsal standardizasyon
