source,target,weight,interaction_count
adsiz_kisi_uruz_kurtarma_boyu,uruz,2.0,1
anne_ve_babasi,basat,2.0,1
at_agizli_aruz,salur_kazan,3.0,1
azrail,dumrul,2.0,1
agac,uruz,2.0,1
bamsi_beyrek,bamsi_beyrek,2.0,1
bamsi_beyrek,banu_cicek,3.0,1
bamsi_beyrek,beyler_bamsi_beyrek_boyu,2.0,1
bamsi_beyrek,beyrekin_buyuk_kiz_kardesi,2.0,1
bamsi_beyrek,beyrekin_kucuk_kiz_kardesi,2.0,1
bamsi_beyrek,beyrekin_yoldaslari,3.0,1
bamsi_beyrek,bezirganlar,5.0,2
bamsi_beyrek,burla_hatun,2.0,1
bamsi_beyrek,cobanlar,2.0,1
bamsi_beyrek,kafir_beyinin_kizi,2.0,1
bamsi_beyrek,kara_budak,2.0,1
bamsi_beyrek,kisirca_yenge,2.0,1
bamsi_beyrek,pay_pure,3.0,1
bamsi_beyrek,pay_pure_bey,3.0,1
bamsi_beyrek,salur_kazan,6.0,2
bamsi_beyrek,sir_semseddin,2.0,1
bamsi_beyrek,uruz,2.0,1
bamsi_beyrek,yigenek,2.0,1
banu_cicek,dadi_ve_diger_kizlar,2.0,1
bayindir_han,kara_budak,2.0,1
bayindir_han,salur_kazan,3.0,1
bayindir_han,yalanci_oglu_yaltacuk,3.0,1
bayindir_hanin_adamlari,dirse_han,2.0,1
begil,begilin_karisi,4.0,2
begil,emren,4.0,2
beyler_uruz_tutsak_boyu,salur_kazan,2.0,1
bezirganlar,pay_pure,3.0,1
bogac,dirse_han,3.0,1
bogac,dirse_hanin_karisi,2.0,1
bogac,hizir,3.0,1
burla_hatun,salur_kazan,4.0,2
burla_hatun,uruz,2.0,1
dede_korkut,deli_karcar,16.0,6
dede_korkut,pay_pure,6.0,2
dede_korkut,salur_kazan,3.0,1
deli_dumrul,oba,2.0,1
deli_dumrul,tanri,3.0,1
deli_durmrul,dumrulun_40_adami,3.0,1
dirse_han,dirse_hanin_40_adami,3.0,1
dirse_han,dirse_hanin_karisi,6.0,3
duha_koca,dumrul,5.0,2
dumrul,dumrulun_annesi,5.0,2
dumrul,dumrulun_karisi,5.0,2
duzen_oglu_alp_rustem,salur_kazan,2.0,1
dis_oguz,salur_kazan,3.0,1
emen,yigenek,2.0,1
eylik_koca_donebilmez_dulek_evren,salur_kazan,2.0,1
kafirler_uruz_kurtarma_boyu,kara_gone_ve_askerleri,3.0,1
kan_turali,kanli_koca,6.0,2
kan_turali,selcen_hatun,2.0,1
kan_turali,tekfur_kan_turali_boyu,2.0,1
kara_gone,salur_kazan,5.0,2
kara_gone_oglu_kara_budak,salur_kazan,3.0,1
karacuk_coban,salur_kazan,2.0,1
karacuk_coban,sokli_melik,3.0,1
karacuk_cobanin_kara_kopegi,salur_kazan,2.0,1
kurt,salur_kazan,2.0,1
kiyan_selcuk_oglu_deli_dundar,salur_kazan,3.0,1
lala_kilbas,salur_kazan,8.0,3
oguz_han,oguz_hanin_likcisi,2.0,1
pay_pure,salur_kazan,2.0,1
peri_kizi,sari_coban,2.0,1
salur_kazan,ic_oguz,3.0,1
salur_kazan,serhat_beylerinden_ulak,2.0,1
salur_kazan,sokli_melik,3.0,1
salur_kazan,su,2.0,1
salur_kazan,uruz,7.0,3
salur_kazan,yurt,2.0,1
