node_id,canonical_name,node_type,story_count
100_kafir,100 Kafir,kişi,2
16_bin_kafir,16 Bin Kafir,kişi,1
24_sancak_beyi,24 Sancak Beyi,grup,1
300_kafir,300 Kafir,kişi,2
6_kafir,6 Kafir,kişi,1
60_kafir,60 Kafir,kişi,1
600_kafir,600 Kafir,kişi,3
ak_sakalli_aruz_koca,Ak Sakallı Aruz Koca,kişi,1
alp_eren,Alp Eren,kişi,1
alp_rustem,Alp Rüstem,kişi,3
alplar_basi_kazan,Alplar Başı Kazan,kişi,1
aruz,Aruz,kişi,2
aruz_koca,Aruz Koca,kişi,2
arsin_oglu_direk_tekfur,Arşın Oğlu Direk Tekfur,kişi,1
aslan,Aslan,hayvan,2
azrail,Azrail,mitolojik/ilahi,1
bamsi_beyrek,Bamsı Beyrek,kişi,4
bamsi_ve_bamsinin_40_yigidi,Bamsı ve Bamsının 40 Yiğidi,grup,1
bamsinin_anne_babasi,Bamsı'nın Anne Babası,grup,1
bamsinin_haberi_gelince,Bamsı'nın Haberi Gelince,kişi,1
bamsinin_naibi,Bamsı'nın Naibi,kişi,1
basat,Basat,kişi,2
bayburt_hisari_beyi,Bayburt Hisarı Beyi,kişi,1
bayindir_han,Bayındır Han,kişi,7
bas_acik,Baş Açık,kişi,1
beyrekin_yoldaslari,Beyrek'in Yoldaşları,grup,1
bezirganlar,Bezirganlar,grup,1
boyu_uzun_burla_hatun_ve_40_ince_belli_kiz,Boyu Uzun Burla Hatun ve 40 Ince Belli Kız,grup,1
boga,Boğa,hayvan,1
bogac_han,Boğaç Han,kişi,1
bogac_ve_bogacin_40_adami,Boğaç ve Boğaç'ın 40 Adamı,grup,1
bogacuk_melik,Boğaçuk Melik,kişi,1
burla_hatun,Burla Hatun,kişi,3
bugacuk_melik,Buğaçuk Melik,kişi,1
biyigi_kanli_bugduz_emen,Bıyığı Kanlı Bügdüz Emen,kişi,1
cilasun_yigitler_ve_kara_budak,Cilasun Yiğitler ve Kara Budak,grup,1
cilasun_yigitleri_ve_deli_dundar,Cilasun Yiğitleri ve Deli Dündar,grup,1
dede_korkut,Dede Korkut,kişi,5
deli_budak,Deli Budak,kişi,1
deli_dumrul,Deli Dumrul,kişi,1
deli_dundar,Deli Dündar,kişi,3
deli_karcar,Deli Karçar,kişi,1
demir_donlu_mamak,Demir Donlu Mamak,kişi,1
demir_guci,Demir Güci,kişi,1
deve,Deve,hayvan,1
direk_tekfur,Direk Tekfur,kişi,1
dirse_han,Dirse Han,kişi,1
dirse_hanin_40_adami,Dirse Han'ın 40 Adamı,grup,1
duha_koca,Duha Koca,kişi,1
dumrul,Dumrul,kişi,1
dumrulun_annesi,Dumrul'un Annesi,kişi,1
donebilmez_dulek_evren,Dönebilmez Dülek Evren,kişi,2
duzen_oglu_alp_rustem,Düzen Oğlu Alp Rüstem,kişi,2
dis_oguz_beyleri_ve_deli_dundar,Dış Oğuz Beyleri ve Deli Dündar,grup,2
egrek_ve_300_akinci,Egrek ve 300 Akıncı,grup,1
egrek_ve_segrek,Egrek ve Segrek,grup,1
emren,Emren,kişi,1
evnuk_kalesi_kafirleri,Evnük Kalesi Kafirleri,grup,1
eylik_koca_oglu_saru_kulmas,Eylik Koca Oğlu Saru Kulmaş,kişi,1
ic_oguz_ve_kazan,Iç Oğuz ve Kazan,grup,1
kafir,Kafir,kişi,5
kafirin_40_atlisi,Kafirin 40 Atlısı,kişi,1
kafirin_casusu,Kafirin Casusu,kişi,1
kafirin_sancagini_kilicladi,Kafirin Sancağını Kılıçladı,kişi,1
kafirin_sagina_saldirdilar,Kafirin Sağına Saldırdılar,kişi,1
kafirin_soluna_saldirdilar,Kafirin Soluna Saldırdılar,kişi,1
kafirler_bamsi_beyrek_boyu,Kafirler (Bamsı Beyrek Boyu),grup,1
kafirler_ev_yagmasi_boyu,Kafirler (Ev Yağması Boyu),grup,1
kafirler_kan_turali_boyu,Kafirler (Kan Turalı Boyu),grup,1
kafirler_uruz_kurtarma_boyu,Kafirler (Uruz Kurtarma Boyu),grup,1
kafirler_uruz_tutsak_boyu,Kafirler (Uruz Tutsak Boyu),grup,1
kafirlerin_sag_cenahi,Kafirlerin Sağ Cenahı,grup,1
kalenin_sigir_cobani,Kalenin Sığır Çobanı,kişi,1
kaleye_hucum_edenler,Kaleye Hücum Edenler,grup,1
kan_turali,Kan Turalı,kişi,1
kan_turali_ve_selcen_hatun,Kan Turalı ve Selcen Hatun,grup,1
kapcak_melik,Kapçak Melik,kişi,1
kara_arslan_melik,Kara Arslan Melik,kişi,1
kara_budak,Kara Budak,kişi,5
kara_gone_ve_askerleri,Kara Göne ve Askerleri,grup,1
kara_gone_deli_dundar_kara_budak,"Kara Göne, Deli Dündar, Kara Budak",kişi,1
kara_tekfur,Kara Tekfur,kişi,2
kara_tekfurun_casusu,Kara Tekfurun Casusu,kişi,1
kara_tuken_melik,Kara Tüken Melik,kişi,2
karacuk_coban,Karaçuk Çoban,kişi,1
kazan_kardesi_kara_gone_kiyan_selcuk_oglu_deli_dundar_gaflet_koca_oglu_sir_semseddin_beyrek_kazilik_koca_oglu_bey_yigenek_dor_boyun_oksayan_deli_dundar_bin_kavim_baslari_duger_bin_bugduz_baslari_emen_dokuz_koca_baslari_aruz_kazanin_beyleri,"Kazan Kardeşi Kara Göne, Kıyan Selçuk Oğlu Deli Dündar, Gaflet Koca Oğlu Şir Şemseddin, Beyrek, Kazılık Koca Oğlu Bey Yigenek, Dör Boyun Okşayan Deli Dündar, Bin Kavim Başları Düger, Bin Bügdüz Başları Emen, Dokuz Koca Başları Aruz, Kazan'ın Beyleri",grup,1
kazan_ve_askerleri,Kazan ve Askerleri,grup,1
kazan_ve_beyler,Kazan ve Beyler,grup,1
kazan_ve_karacuk_coban,Kazan ve Karaçuk Çoban,grup,1
kazanin_evi,Kazan'ın Evi,kişi,1
kazanin_kardesi_kara_gone,Kazan'ın Kardeşi Kara Göne,kişi,2
kazanin_karicuk_anasi,Kazan'ın Karıçuk Anası,kişi,1
kazan_uruz_ve_askerleri,"Kazan, Uruz ve Askerleri",grup,1
kazanin_askerleri,Kazanın Askerleri,grup,2
kazilik_koca,Kazılık Koca,kişi,1
kazilik_koca_oglu_bey_yigenek,Kazılık Koca Oğlu Bey Yigenek,kişi,1
kesisler,Keşişler,grup,1
kiyan_guci,Kıyan Güci,kişi,1
kiyan_selcuk_oglu_deli_dundar,Kıyan Selçuk Oğlu Deli Dündar,kişi,2
kiyan_selcik,Kıyan Selçık,kişi,1
oguz,Oğuz,grup,1
oguz_askerleri,Oğuz Askerleri,grup,1
oguz_beyleri,Oğuz Beyleri,grup,2
pay_pure_bey,Pay Püre Bey,kişi,1
pay_purenin_oglu,Pay Püre'nin Oğlu,kişi,1
peygamber_sahabesi_kanli_bugduz_emen,Peygamber Sahabesi Kanlı Bügdüz Emen,kişi,1
salur_kazan,Salur Kazan,kişi,9
segrek,Segrek,kişi,1
selcen_hatun,Selcen Hatun,kişi,1
tanri,Tanrı,mitolojik/ilahi,4
tekfur_begil_boyu,Tekfur (Begil Boyu),kişi,1
tekfur_uruz_kurtarma_boyu,Tekfur (Uruz Kurtarma Boyu),kişi,1
tekfur_ve_sokli_melik,Tekfur ve Şökli Melik,grup,1
tekfurun_askerleri,Tekfurun Askerleri,grup,2
tepegoz,Tepegöz,mitolojik/ilahi,1
uruz,Uruz,kişi,4
uruz_ve_uruzun_40_askeri,Uruz ve Uruzun 40 Askeri,grup,1
uruzun_40_askeri,Uruz'un 40 Askeri,grup,1
yalanci_oglu_yaltacuk,Yalançı Oğlu Yaltaçuk,kişi,1
yedi_basli_ejderha,Yedi Başlı Ejderha,mitolojik/ilahi,1
yedi_kafir_beyi,Yedi Kafir Beyi,kişi,1
yigenek,Yigenek,kişi,2
yoldaslari,Yoldaşları,grup,1
yuz_bin_kafir,Yüz Bin Kâfir,grup,1
sokli_melik,Şökli Melik,kişi,2
sokli_melik_ve_adamlari,Şökli Melik ve Adamları,grup,1
