index,S01,S02,S03,S04,S05,S06,S07,S08,S09,S10,S11,S12,S13,S14
S01,2,0,0,1,0,0,0,0,1,1,0,0,0,1
S02,0,15,2,2,1,0,0,2,1,2,0,0,0,1
S03,0,2,48,8,11,0,1,5,3,3,2,4,3,4
S04,1,2,8,70,5,0,1,4,5,4,3,3,4,4
S05,0,1,11,5,35,0,0,3,1,3,1,3,2,2
S06,0,0,0,0,0,11,0,1,0,1,0,0,0,1
S07,0,0,1,1,0,0,23,0,2,0,1,2,0,0
S08,0,2,5,4,3,1,0,19,1,6,0,2,2,3
S09,1,1,3,5,1,0,2,1,41,4,2,2,4,3
S10,1,2,3,4,3,1,0,6,4,32,4,4,3,4
S11,0,0,2,3,1,0,1,0,2,4,32,3,2,1
S12,0,0,4,3,3,0,2,2,2,4,3,30,3,2
S13,0,0,3,4,2,0,0,2,4,3,2,3,21,2
S14,1,1,4,4,2,1,0,3,3,4,1,2,2,20
