standard_relation,relation_family,relation_family_top,definition,n_occurrences,share_of_all_edges_pct
belirsiz,uncertain,UNCERTAIN,Relation type could not be determined from the source text at coding time,186,29.62
çatışma,conflict,SOCIAL,Direct conflict or hostility,102,16.24
akrabalık,kinship,KINSHIP,"Explicit kin relation (parent-child, sibling, spouse, lineage not further distinguished at this coding granularity)",68,10.83
otorite/emir,authority,AUTHORITY,"Command, order, or hierarchical instruction",57,9.08
diyalog_nötr,communication,SOCIAL,Neutral-valence dialogue/speech act,54,8.6
ikna/müzakere,cooperation,SOCIAL,Persuasion or negotiation between actors,42,6.69
diyalog_olumlu,communication,SOCIAL,Positive-valence dialogue/speech act,29,4.62
destek/yardım,support,SOCIAL,"Aid, assistance, or backing given by one actor to another",27,4.3
diyalog_olumsuz,communication,SOCIAL,Negative-valence dialogue/speech act,12,1.91
evlilik/bağlaşıklık,marriage_alliance,KINSHIP,Marriage or marriage-based alliance between actors/groups,10,1.59
ödül/değişim,cooperation,SOCIAL,Reward or exchange between actors,9,1.43
hareket/eylem,other,OTHER,"Generic action/movement relation, ambiguous family",9,1.43
gerilim,conflict,SOCIAL,Narrative tension short of open conflict,7,1.11
tören/ritüel,other,OTHER,Ceremonial or ritual act not cleanly social/kinship/authority,7,1.11
duygusal_tepki,other,OTHER,Emotional reaction not directed as a social interaction per se,4,0.64
coğrafi_epitet,identity_title,SEMANTIC,Geographic epithet attached to an actor (e.g. 'pillar of Turkistan'),3,0.48
kimlik/unvan,identity_title,SEMANTIC,"Naming, titling, or identity-establishing relation (not a social interaction)",2,0.32
